distance_km,current_speed,preceding_gap_km,signal_aspect,congestion_index,weather_impact,speed_restriction,actual_time_mins
76,106.55,18.84,2,0.24,1.0,30,157.89
84,41.44,24.31,2,0.29,1.0,50,129.0
76,82.82,2.16,0,0.57,1.0,30,264.14
76,76.0,15.63,0,0.65,1.0,30,264.27
76,105.95,14.96,2,0.11,1.0,50,95.86
84,103.65,7.95,2,0.38,1.0,110,57.91
15,42.19,21.37,2,0.46,1.5,110,41.58
76,43.17,9.48,2,0.34,1.2,80,132.09
76,82.49,8.35,1,0.25,1.0,80,99.17
84,53.92,18.36,2,0.65,1.5,110,151.1
76,100.42,16.34,2,0.16,1.0,80,62.17
84,79.29,10.81,2,0.86,1.2,50,137.28
15,74.57,14.02,2,0.12,1.0,30,32.42
76,103.53,7.73,2,0.78,1.0,30,166.74
84,88.63,22.25,2,0.37,1.0,80,70.08
15,77.75,20.57,2,0.39,1.0,50,24.39
15,40.04,10.11,2,0.25,1.0,80,27.11
84,62.62,13.93,2,0.43,1.5,110,130.04
15,88.74,18.38,1,1.0,1.0,110,33.43
68,84.4,17.66,2,0.5,1.0,110,57.8
84,65.88,7.57,2,0.52,1.5,80,125.12
68,62.45,6.29,0,0.63,1.0,30,238.69
84,96.67,10.02,0,0.95,1.0,110,103.58
68,47.94,23.27,2,0.33,1.0,110,93.01
68,76.16,8.0,2,0.97,1.0,110,69.5
84,90.82,22.63,2,0.8,1.0,30,181.18
76,102.9,15.95,0,0.19,1.0,30,258.38
15,71.39,24.87,1,0.12,1.0,50,32.53
84,86.03,15.07,0,0.43,1.0,50,176.39
15,103.43,11.99,2,0.68,1.0,110,21.25
76,90.57,8.46,0,0.68,1.0,110,96.0
55,80.06,24.55,0,0.38,1.0,80,77.12
84,51.86,14.81,2,0.73,1.0,30,180.95
62,62.58,21.52,1,0.74,1.0,80,111.0
62,96.71,21.94,2,0.56,1.0,110,50.2
15,102.3,9.77,2,0.18,1.0,30,35.76
68,50.85,24.58,2,0.87,1.0,30,151.47
55,76.56,19.71,1,0.66,1.0,30,193.36
76,68.79,18.09,1,0.22,1.5,110,170.9
84,70.73,3.8,0,0.97,1.2,110,158.53
55,44.07,23.05,2,0.32,1.0,50,81.8
55,91.65,14.75,2,0.48,1.0,80,50.99
55,48.41,9.86,0,0.18,1.0,110,119.08
76,52.12,11.98,2,0.65,1.0,30,164.41
62,83.81,13.57,2,0.69,1.0,30,136.19
84,96.07,17.57,2,0.22,1.2,110,68.25
76,67.03,24.11,2,0.28,1.0,50,96.86
55,99.14,2.54,2,0.35,1.0,110,62.99
55,105.57,2.9,2,0.97,1.0,80,87.18
84,68.88,10.56,2,0.41,1.5,110,119.54
68,87.59,19.02,1,0.44,1.0,80,92.05
84,67.24,2.25,2,0.18,1.0,110,128.81
76,80.14,16.53,2,0.36,1.0,110,65.13
68,47.94,23.41,2,1.0,1.0,110,102.71
55,64.56,4.69,1,0.79,1.0,50,124.03
62,67.77,22.51,1,0.56,1.0,110,101.41
55,65.94,20.69,2,0.99,1.2,80,74.82
62,63.12,11.99,1,0.46,1.0,110,108.77
55,97.6,19.12,2,0.31,1.0,80,48.01
55,107.43,2.28,2,0.14,1.2,110,64.68
84,104.34,7.82,2,0.17,1.0,50,104.42
68,104.07,24.05,0,0.46,1.0,80,95.35
62,53.17,12.67,2,0.63,1.0,110,79.43
76,82.19,8.23,1,0.17,1.5,80,147.39
55,82.94,11.62,2,0.88,1.0,30,126.37
68,66.37,19.24,2,0.85,1.0,30,150.22
68,69.04,8.29,0,0.88,1.2,110,133.38
55,90.83,19.41,2,0.32,1.0,80,48.05
55,82.43,7.26,2,0.66,1.0,50,78.09
15,98.2,9.08,2,0.97,1.0,110,27.78
68,49.38,2.66,2,0.66,1.2,50,178.18
15,78.84,4.09,2,0.59,1.0,110,28.16
15,83.55,21.83,2,0.23,1.5,80,22.08
62,83.46,9.99,1,0.62,1.0,110,83.95
84,49.72,16.74,1,0.41,1.2,80,209.92
62,55.67,20.9,2,0.41,1.0,110,75.52
55,72.25,6.75,2,0.55,1.0,30,120.81
15,50.99,10.68,0,0.88,1.0,110,45.85
76,54.65,10.52,2,0.66,1.0,80,96.13
15,92.47,2.7,2,0.42,1.0,50,37.29
55,52.76,14.97,2,0.18,1.0,50,70.35
62,95.24,13.46,0,0.58,1.0,110,73.74
68,79.51,10.71,2,0.91,1.0,50,95.17
68,56.61,4.34,1,0.32,1.0,50,142.8
15,96.41,3.28,2,0.15,1.0,110,20.55
15,108.25,13.29,2,0.84,1.2,110,24.7
62,59.6,19.7,1,0.39,1.0,110,111.44
62,93.74,4.01,2,0.94,1.0,110,81.91
15,63.56,5.09,0,0.99,1.0,110,41.3
68,48.17,12.88,2,0.81,1.0,110,97.8
76,107.55,4.86,2,0.94,1.0,30,269.99
55,49.78,20.29,1,0.25,1.0,110,117.77
84,84.36,22.88,2,0.63,1.0,80,74.99
55,61.1,19.2,2,0.31,1.2,80,71.75
15,44.66,7.27,2,0.49,1.0,110,28.59
55,74.68,19.05,2,1.0,1.2,110,70.51
84,92.08,2.77,2,0.79,1.2,80,141.08
55,74.05,11.41,2,0.11,1.0,110,47.79
62,57.63,9.95,1,0.92,1.0,80,124.01
76,103.83,5.2,1,0.33,1.2,110,94.74
76,79.56,18.02,2,0.74,1.0,110,69.02
55,47.3,21.33,2,0.21,1.0,50,76.82
76,48.73,23.18,2,0.57,1.0,80,103.93
76,95.15,15.89,1,0.47,1.2,110,104.52
62,73.66,23.12,2,0.13,1.5,50,114.35
55,104.04,10.34,2,0.67,1.0,110,44.03
68,107.27,5.42,2,0.18,1.5,110,61.02
84,54.69,22.66,1,0.27,1.0,80,159.81
84,44.6,19.84,2,0.57,1.0,80,122.41
68,63.41,3.74,2,0.35,1.2,110,136.08
68,41.78,5.59,2,0.69,1.0,50,110.78
55,81.65,9.8,2,0.9,1.0,110,54.77
84,57.02,18.61,2,0.85,1.0,110,102.44
62,40.91,3.97,1,0.12,1.0,110,154.47
76,89.28,22.94,2,0.4,1.2,80,77.62
68,70.53,8.77,2,0.79,1.0,110,70.99
84,102.62,20.4,2,0.12,1.0,110,51.57
15,85.15,11.7,1,0.91,1.0,110,34.02
15,104.0,4.71,2,0.35,1.0,110,21.15
62,49.8,8.06,1,0.76,1.0,110,138.41
55,52.28,23.03,2,0.44,1.0,30,119.19
84,46.32,19.73,0,0.85,1.0,110,195.41
84,60.8,15.03,2,0.7,1.5,110,137.41
84,99.25,23.97,1,0.66,1.0,80,115.4
68,68.9,18.21,2,0.51,1.0,30,146.69
68,49.58,23.86,2,0.27,1.0,110,87.7
55,93.13,18.65,2,0.98,1.5,110,69.6
62,42.76,18.23,2,0.26,1.0,110,93.06
15,48.44,18.81,1,0.2,1.0,110,37.38
68,85.51,10.39,2,0.53,1.2,110,64.54
62,90.73,3.5,2,0.59,1.2,80,104.65
62,101.37,11.6,2,0.99,1.0,50,91.55
62,105.73,20.37,2,0.42,1.2,80,66.33
76,108.89,19.67,2,0.48,1.2,50,118.27
84,72.71,8.83,2,0.74,1.0,80,82.23
76,55.28,23.85,2,0.18,1.0,110,86.32
15,82.06,22.79,2,0.77,1.0,80,24.31
84,75.89,7.31,1,0.3,1.0,110,117.76
15,96.05,16.48,1,0.57,1.0,110,26.22
62,88.72,5.54,2,0.3,1.0,110,46.75
68,102.64,21.78,2,0.45,1.0,80,59.71
68,78.56,4.0,2,0.44,1.0,110,94.9
62,77.28,24.13,1,0.91,1.5,30,325.62
84,97.73,10.0,2,0.61,1.0,110,63.74
84,100.77,7.64,1,0.24,1.0,50,172.74
55,101.66,22.05,0,0.84,1.0,80,83.99
15,103.61,2.03,2,0.78,1.0,50,43.47
68,84.23,7.98,2,0.59,1.2,50,108.11
15,41.29,11.94,2,0.45,1.0,110,30.04
76,44.75,8.92,2,0.16,1.0,80,106.8
62,45.23,21.61,2,0.71,1.0,110,93.17
55,41.55,9.44,2,0.79,1.0,80,94.71
15,72.8,23.72,1,0.87,1.0,110,36.47
15,56.1,5.02,2,0.97,1.0,110,32.05
55,84.7,11.14,1,0.99,1.0,110,81.01
68,85.62,10.48,2,0.53,1.5,50,131.62
68,46.38,5.53,2,0.58,1.0,110,99.14
62,83.17,20.32,2,0.21,1.0,110,49.56
76,79.09,7.19,1,0.69,1.0,110,108.69
68,40.81,3.67,2,0.53,1.0,80,176.55
55,92.99,23.91,2,0.75,1.2,50,92.64
15,83.27,18.16,2,0.11,1.0,110,13.53
68,101.78,3.9,2,0.42,1.0,110,75.77
62,42.88,17.42,2,0.21,1.2,110,108.3
68,43.64,14.45,2,0.88,1.2,110,128.5
84,102.64,14.59,2,0.51,1.0,110,58.18
62,70.7,18.67,2,0.69,1.0,110,64.54
55,52.75,20.16,2,0.55,1.0,110,70.76
15,63.26,14.48,2,0.17,1.0,50,21.26
76,52.19,24.1,2,0.86,1.0,110,101.92
15,109.14,2.92,2,0.62,1.0,110,26.14
62,95.51,17.07,2,0.36,1.0,80,53.79
62,84.21,18.86,1,0.74,1.5,50,199.49
55,70.6,4.24,2,0.63,1.0,110,89.11
15,85.65,9.18,2,0.87,1.0,110,23.97
84,101.86,12.17,2,0.5,1.0,50,111.9
55,57.41,16.19,2,0.25,1.0,30,116.6
55,94.73,18.22,2,0.88,1.0,110,51.23
76,58.88,3.31,2,0.94,1.0,50,168.88
55,47.23,15.45,2,0.46,1.0,110,78.65
15,106.63,16.7,2,0.51,1.0,80,20.02
15,61.56,18.21,1,0.71,1.5,30,87.99
55,71.06,21.97,1,0.72,1.2,110,105.7
68,98.16,21.89,2,0.2,1.2,110,56.91
68,55.1,17.15,2,0.69,1.0,110,86.28
55,94.77,15.04,2,0.89,1.0,80,56.94
15,70.67,22.73,2,0.39,1.2,80,24.04
55,62.72,10.43,2,0.73,1.0,80,64.17
68,78.2,12.22,0,0.63,1.0,110,98.39
55,100.43,13.94,2,0.12,1.0,80,46.72
62,76.86,7.66,2,0.45,1.0,110,57.4
55,53.7,2.17,2,0.91,1.0,110,119.86
76,105.41,10.09,1,0.54,1.0,80,106.03
84,80.67,4.06,2,0.46,1.5,110,164.48
15,52.68,17.67,1,0.57,1.2,50,45.0
76,69.72,4.0,2,0.44,1.0,50,160.98
55,82.11,20.84,2,0.31,1.0,110,47.92
68,56.58,19.95,1,0.84,1.0,110,134.49
62,93.67,5.44,2,0.24,1.0,110,47.75
15,41.65,16.77,2,0.59,1.0,80,30.59
55,44.09,5.26,1,0.64,1.0,80,138.01
84,109.39,4.95,1,0.75,1.0,80,117.87
15,58.54,16.84,2,0.46,1.0,80,23.27
76,44.73,20.41,1,0.59,1.2,110,216.75
15,56.16,12.51,1,0.15,1.0,80,30.9
76,44.21,14.93,2,0.26,1.0,50,109.12
62,46.77,12.36,2,0.41,1.0,110,86.64
55,91.6,19.68,1,0.7,1.0,80,81.0
68,82.59,13.66,1,0.16,1.0,50,139.2
62,105.59,14.74,2,0.46,1.0,110,42.55
15,104.36,13.43,2,0.87,1.0,110,23.7
84,87.2,14.25,2,0.23,1.0,110,63.11
55,41.6,5.54,1,0.96,1.0,110,147.91
68,104.59,13.2,2,0.79,1.0,110,55.46
68,97.76,17.33,1,0.53,1.0,50,146.2
15,101.33,8.39,2,0.1,1.0,110,11.42
84,67.05,14.98,1,0.29,1.0,110,130.14
84,51.95,3.72,2,0.34,1.0,110,169.67
68,75.66,24.92,2,0.65,1.0,110,63.18
55,102.06,12.35,1,0.43,1.0,110,63.29
55,67.1,24.17,1,0.22,1.0,110,89.03
55,55.06,2.28,1,0.98,1.2,110,137.33
76,66.0,8.11,2,0.55,1.0,50,102.17
84,66.31,11.07,2,0.81,1.2,110,104.06
68,86.11,23.69,2,0.17,1.0,110,52.72
76,84.6,17.17,2,0.67,1.0,30,163.38
55,50.51,18.96,2,0.71,1.0,30,122.32
84,40.85,24.0,2,0.42,1.0,80,131.84
84,86.3,6.26,1,0.19,1.0,110,103.16
68,108.32,17.35,0,0.33,1.0,30,232.86
68,77.12,2.96,2,0.82,1.0,110,103.91
76,50.96,3.01,1,0.64,1.0,80,162.5
15,70.76,16.1,2,0.32,1.0,50,25.06
84,87.0,9.29,2,0.33,1.0,110,65.73
15,72.24,21.37,2,0.8,1.0,50,32.31
15,77.77,18.74,1,0.72,1.0,110,32.07
84,50.55,9.87,2,0.78,1.2,110,133.55
68,93.28,5.68,2,0.11,1.0,110,46.51
68,59.45,6.46,2,0.69,1.0,110,81.44
62,64.88,20.03,2,0.1,1.2,30,153.56
68,40.77,19.24,2,0.71,1.2,110,132.97
62,65.78,12.32,2,0.9,1.0,80,68.66
55,40.13,6.1,0,0.25,1.0,80,143.78
55,84.96,3.49,2,0.61,1.0,110,75.56
62,81.96,15.85,0,0.39,1.0,50,132.92
62,89.54,20.14,2,0.5,1.0,80,56.79
68,46.2,7.07,2,0.76,1.5,110,144.87
76,74.73,6.1,2,0.99,1.2,110,91.96
62,81.14,6.24,2,0.4,1.0,30,131.49
68,105.07,20.0,0,0.87,1.0,80,100.78
55,73.66,12.01,2,0.74,1.0,30,122.76
76,85.99,24.0,0,0.15,1.0,80,98.27
84,59.29,20.1,2,0.43,1.0,110,92.8
76,42.35,3.44,2,0.23,1.0,80,184.34
15,102.99,2.5,2,0.97,1.0,110,30.96
15,91.16,24.57,1,0.69,1.0,110,28.18
84,61.61,23.78,2,0.26,1.0,110,86.95
15,79.29,14.04,1,0.87,1.2,30,74.95
15,78.42,16.1,1,0.86,1.0,50,43.81
62,72.36,11.47,2,0.59,1.0,110,62.92
76,64.92,24.5,2,0.55,1.0,110,82.04
76,76.36,6.71,2,0.89,1.2,50,125.09
68,79.21,19.27,2,0.6,1.0,80,61.7
84,47.38,17.11,2,0.44,1.2,110,134.76
76,76.63,8.6,2,0.62,1.0,110,71.57
62,51.06,18.01,2,0.39,1.2,110,95.02
62,51.82,13.66,2,0.13,1.0,110,75.19
15,83.07,3.92,2,0.82,1.0,110,33.35
55,108.89,17.36,2,0.25,1.2,80,56.43
68,97.61,6.82,2,0.98,1.0,80,70.23
15,77.86,18.34,2,0.52,1.2,80,23.64
84,101.59,14.09,1,0.2,1.0,110,85.47
84,49.94,10.0,2,0.77,1.0,110,115.53
84,99.06,7.84,0,0.77,1.0,80,118.05
76,87.72,5.84,2,0.99,1.0,30,169.76
15,65.23,3.58,2,0.47,1.2,110,36.23
68,93.62,20.13,2,0.33,1.5,110,71.42
15,72.23,21.88,2,0.44,1.5,50,35.79
76,41.26,11.69,0,0.97,1.0,110,201.59
55,107.4,18.71,2,0.85,1.0,110,45.92
15,55.29,4.77,0,0.34,1.0,110,35.01
55,60.81,8.9,2,0.14,1.5,110,85.0
68,63.13,9.83,2,0.66,1.0,110,76.03
84,109.68,21.68,2,0.16,1.2,110,57.81
68,91.63,14.08,0,0.88,1.0,110,88.32
84,102.48,12.2,2,0.67,1.0,110,61.09
76,87.35,5.03,1,0.81,1.5,80,156.41
68,75.44,16.58,0,0.33,1.0,80,95.32
62,103.52,7.49,2,0.51,1.0,110,43.0
76,54.49,13.88,0,0.11,1.0,30,255.49
76,59.94,12.65,2,0.3,1.0,30,159.28
68,83.19,4.62,2,0.56,1.2,80,111.77
84,43.14,12.36,2,0.25,1.0,110,122.9
55,82.55,9.12,2,0.96,1.2,30,149.16
84,40.15,18.5,2,0.14,1.2,80,155.77
76,65.83,4.78,2,0.78,1.0,30,267.57
68,105.92,17.38,2,0.43,1.0,30,145.09
68,50.8,5.95,2,0.77,1.0,110,94.05
15,49.95,2.27,2,0.37,1.0,110,35.55
68,44.72,10.91,2,0.46,1.0,110,100.93
15,95.23,12.27,2,0.84,1.2,110,24.12
62,65.9,2.63,2,0.57,1.0,50,133.91
76,43.13,19.52,2,0.41,1.0,80,114.24
68,87.4,15.93,2,0.3,1.5,80,84.27
76,51.72,24.36,1,0.98,1.0,50,168.58
84,67.16,5.68,0,0.78,1.0,80,138.63
55,98.48,10.52,2,0.53,1.0,110,42.55
84,107.28,10.96,2,0.41,1.0,50,108.99
68,77.26,5.87,1,0.85,1.0,110,101.98
55,63.97,8.22,2,0.6,1.0,110,63.17
55,71.08,16.4,2,0.46,1.5,110,79.66
62,72.3,18.81,1,0.87,1.2,110,119.87
84,103.66,18.61,2,0.88,1.0,110,64.13
76,72.67,2.79,2,0.95,1.0,30,269.3
76,100.45,15.54,2,0.36,1.0,110,53.0
68,65.36,18.69,2,0.51,1.0,110,69.66
76,96.46,12.96,2,0.15,1.0,110,50.55
15,57.92,2.71,2,0.3,1.2,110,36.76
15,88.14,18.62,2,0.22,1.0,80,15.94
15,107.02,2.2,2,0.71,1.2,80,36.0
84,91.65,21.19,2,0.23,1.2,110,72.61
76,89.0,4.4,2,0.75,1.0,110,99.36
15,61.43,14.63,2,0.62,1.0,30,40.57
62,95.62,18.26,0,0.17,1.0,80,82.32
76,100.44,11.23,1,0.24,1.0,30,260.04
68,84.83,24.52,2,0.42,1.0,50,90.21
68,90.39,21.94,2,0.84,1.0,110,57.21
15,97.58,20.49,2,0.57,1.0,110,21.55
62,68.1,5.65,2,0.84,1.2,80,79.3
68,75.78,3.08,1,0.74,1.0,110,102.57
68,63.83,23.63,0,0.94,1.2,50,180.34
76,95.23,22.51,2,0.92,1.0,110,63.86
55,48.12,2.97,2,0.94,1.2,110,152.8
84,86.65,24.22,2,0.96,1.2,80,91.33
55,73.28,16.59,2,0.19,1.0,80,49.88
62,84.41,19.73,0,0.87,1.0,110,89.66
76,99.52,6.88,2,0.53,1.2,50,120.29
62,67.63,23.41,1,0.76,1.5,30,325.05
76,89.92,6.58,2,0.36,1.0,30,159.42
76,46.99,17.83,1,0.92,1.2,110,208.88
15,68.95,13.34,2,0.58,1.0,30,41.21
76,67.84,19.53,2,0.34,1.0,50,98.27
76,48.79,2.39,2,0.83,1.0,80,170.27
76,84.93,15.12,2,0.7,1.0,110,67.69
84,41.65,22.67,2,0.8,1.0,80,134.64
68,105.62,15.88,2,0.15,1.0,110,42.76
68,56.74,14.21,2,0.68,1.0,110,84.77
62,102.73,21.49,2,0.35,1.5,110,60.68
76,67.17,17.5,1,0.41,1.5,80,178.86
68,88.3,17.87,2,0.55,1.0,30,146.14
68,107.06,14.18,1,0.55,1.0,30,237.77
62,78.28,6.15,2,0.6,1.2,80,67.48
55,43.5,21.4,2,0.81,1.2,50,103.65
68,104.36,6.05,1,0.11,1.0,110,69.3
55,103.55,23.71,2,0.57,1.5,110,58.26
76,57.31,16.73,2,0.25,1.0,110,84.02
15,82.21,21.21,2,0.44,1.0,110,19.6
84,57.77,7.65,2,0.91,1.0,110,101.5
15,67.85,23.15,2,0.14,1.2,80,21.44
84,44.04,12.22,1,0.66,1.5,80,297.41
55,65.1,17.1,1,0.27,1.5,50,169.56
68,56.01,24.0,1,0.71,1.0,80,134.12
84,79.43,11.83,2,0.86,1.0,80,79.71
62,102.22,14.52,1,0.33,1.0,110,67.06
15,54.5,3.64,0,0.95,1.0,80,44.16
55,90.87,19.8,2,0.84,1.0,80,56.29
55,59.77,11.78,0,0.22,1.2,30,225.92
55,90.62,6.61,1,0.11,1.0,110,61.77
15,91.05,24.24,1,0.7,1.2,110,30.49
15,97.26,7.81,1,0.21,1.0,110,19.94
76,108.94,19.35,2,0.63,1.0,30,165.28
84,58.83,13.9,1,0.67,1.0,80,155.15
76,84.25,4.99,2,0.8,1.2,50,196.39
62,88.8,18.43,2,0.93,1.0,110,58.27
15,64.12,2.71,0,0.23,1.0,110,29.55
55,106.3,13.41,2,0.25,1.2,110,44.1
62,41.12,19.99,1,0.82,1.0,110,165.16
55,97.2,14.57,2,0.15,1.0,110,37.25
15,48.29,24.11,2,0.96,1.0,110,35.57
76,60.3,22.04,2,0.82,1.0,110,90.88
84,99.55,24.58,2,0.32,1.0,50,107.59
55,64.71,16.29,2,0.76,1.0,30,123.15
84,64.91,3.93,2,0.71,1.0,50,180.81
76,87.0,16.54,1,0.48,1.2,50,191.51
55,62.77,23.65,2,0.11,1.0,110,56.34
76,68.25,18.97,2,0.48,1.0,80,75.08
84,82.38,13.89,2,0.67,1.0,110,73.48
84,45.29,23.88,1,0.18,1.0,110,189.14
62,58.72,2.35,2,0.33,1.0,110,110.9
76,57.47,2.05,1,0.21,1.0,110,138.26
84,91.56,22.31,1,0.63,1.2,110,121.3
76,105.54,14.47,2,0.3,1.2,110,58.28
15,108.39,4.34,0,0.49,1.0,110,23.06
76,70.41,18.64,0,0.63,1.0,110,120.23
62,89.06,6.69,2,0.84,1.0,110,56.24
15,58.96,7.69,0,0.51,1.2,110,39.98
84,81.64,10.56,2,0.9,1.0,80,79.36
84,83.17,19.09,2,0.57,1.0,80,72.85
68,54.44,20.39,2,0.88,1.5,110,128.61
84,89.38,11.83,2,0.68,1.5,30,264.03
62,75.01,20.06,2,0.28,1.0,80,55.34
76,47.38,19.58,2,0.69,1.0,50,108.56
55,44.93,6.27,2,0.89,1.2,110,103.2
76,104.72,12.2,2,0.33,1.2,30,188.73
68,97.97,6.97,2,0.81,1.0,80,64.22
68,47.18,11.03,2,0.55,1.0,110,96.0
62,101.91,9.93,2,0.47,1.0,80,53.27
15,66.94,13.26,2,0.77,1.2,110,28.57
76,76.05,5.71,0,0.12,1.0,110,102.99
76,80.75,4.72,1,0.38,1.0,50,158.44
84,63.5,19.24,2,0.99,1.0,110,96.57
62,52.02,13.5,2,0.88,1.0,110,87.56
55,88.76,13.4,2,0.5,1.5,110,65.49
84,54.3,13.68,2,0.12,1.2,30,204.92
55,68.57,22.37,1,0.74,1.2,110,110.45
55,97.5,21.4,2,0.4,1.2,80,58.32
84,97.44,11.31,2,0.11,1.0,110,54.07
76,99.35,14.55,2,0.51,1.0,110,55.39
76,109.8,14.86,2,0.3,1.0,80,63.28
84,65.86,3.04,2,0.94,1.0,110,142.96
68,66.13,16.54,0,0.19,1.0,110,109.17
55,64.51,17.58,2,0.11,1.0,110,52.64
84,51.89,6.48,2,0.77,1.5,110,161.01
76,99.68,14.46,2,0.38,1.0,110,54.46
84,52.98,15.79,2,0.88,1.2,110,131.47
62,66.8,20.9,2,0.82,1.0,110,71.36
84,105.73,16.64,2,0.34,1.0,110,55.27
15,44.42,19.87,2,0.52,1.5,110,38.76
62,88.93,10.47,2,0.13,1.0,30,127.59
55,84.1,21.74,2,0.49,1.0,110,49.02
55,70.55,17.34,0,0.77,1.2,110,107.75
84,109.83,7.55,0,0.47,1.0,30,290.09
84,99.44,11.34,0,0.17,1.0,30,283.55
84,40.37,23.58,2,0.46,1.0,30,178.04
55,92.97,12.17,2,0.45,1.0,110,44.62
84,72.85,12.19,2,0.87,1.0,110,82.21
15,43.73,12.46,2,0.71,1.0,110,33.23
68,85.1,24.41,0,0.6,1.2,110,105.6
68,52.55,18.22,2,0.7,1.2,50,111.99
76,71.84,17.77,2,0.68,1.5,110,108.19
62,80.08,8.37,2,0.62,1.0,80,57.07
76,101.67,22.31,2,0.29,1.2,110,60.02
84,91.62,8.59,2,1.0,1.0,110,72.26
55,44.37,9.71,0,0.98,1.2,110,165.5
15,61.42,14.69,2,0.47,1.0,80,23.66
76,108.12,19.46,2,0.5,1.0,110,50.84
15,84.14,7.05,0,0.84,1.0,80,34.26
15,49.6,15.36,2,0.23,1.0,80,25.09
15,101.28,12.16,2,0.46,1.2,80,21.2
68,80.2,17.35,2,0.88,1.0,110,65.51
55,109.26,22.46,2,0.28,1.0,110,33.01
84,86.07,4.69,2,0.21,1.0,80,108.69
15,103.23,22.47,2,0.56,1.2,110,20.59
76,78.69,10.56,2,0.23,1.0,50,97.61
15,99.8,13.29,2,0.91,1.0,110,22.67
15,66.22,20.35,2,0.18,1.0,110,19.2
55,52.26,17.47,1,0.3,1.2,50,138.74
76,66.36,7.34,1,0.6,1.0,80,125.89
62,106.4,23.73,2,0.93,1.2,110,58.8
15,70.1,15.73,2,0.79,1.0,110,28.25
55,87.21,19.55,0,0.68,1.0,110,76.83
55,43.52,2.8,2,0.49,1.2,50,160.9
84,92.76,6.96,2,0.52,1.2,110,75.87
62,67.45,19.27,1,0.8,1.0,110,107.41
55,98.45,23.33,2,0.39,1.2,80,57.05
84,64.16,2.69,2,0.7,1.5,80,208.44
68,85.74,6.42,1,0.66,1.0,110,91.85
76,107.44,2.24,2,0.74,1.0,110,83.53
62,59.47,5.27,2,0.86,1.0,110,77.85
62,105.0,3.42,0,0.25,1.0,50,129.73
15,71.41,23.0,1,0.1,1.0,110,23.26
84,103.31,20.8,2,0.15,1.0,50,105.9
55,57.46,18.49,2,0.42,1.2,80,76.6
15,53.34,6.25,2,0.49,1.2,50,30.58
15,74.01,4.69,2,0.95,1.0,110,37.74
62,78.27,22.76,2,0.76,1.0,110,62.75
76,101.11,14.03,2,0.47,1.0,110,53.96
55,46.91,3.74,2,0.18,1.0,50,121.68
84,81.64,18.99,0,0.69,1.0,50,180.65
55,57.24,11.74,2,0.13,1.2,50,81.89
62,43.52,3.21,2,0.51,1.0,110,152.62
15,102.84,19.14,0,0.91,1.2,50,50.05
68,62.97,6.81,0,0.52,1.0,110,117.23
55,80.35,19.52,2,0.35,1.0,30,115.92
55,105.36,17.73,2,0.13,1.0,80,45.64
62,63.25,23.35,2,0.3,1.0,110,64.36
84,43.08,17.95,2,0.31,1.0,110,123.49
55,66.14,7.87,1,0.42,1.0,110,91.15
15,59.47,6.99,1,0.6,1.0,110,35.8
55,89.71,4.2,2,0.97,1.0,80,84.79
62,102.03,23.49,2,0.67,1.0,80,58.78
55,94.67,11.16,2,0.9,1.0,30,127.2
62,56.6,4.48,2,0.55,1.0,50,132.53
62,80.11,9.48,0,0.34,1.0,110,84.93
76,62.7,7.38,1,0.87,1.2,80,160.21
84,71.81,19.94,2,0.27,1.0,80,75.3
84,105.7,6.17,2,0.3,1.0,110,53.03
55,79.58,12.17,2,0.75,1.0,80,54.46
68,43.67,5.67,2,0.17,1.0,110,97.85
68,56.2,21.97,2,0.48,1.0,30,145.44
68,40.68,21.73,2,0.95,1.2,80,137.46
76,67.84,24.4,2,0.35,1.2,80,86.83
15,53.61,4.14,2,0.25,1.0,80,33.31
62,46.68,12.35,2,0.88,1.0,50,94.74
62,86.4,22.02,2,0.75,1.0,110,54.92
55,96.38,19.48,1,0.23,1.0,80,74.54
15,48.79,5.94,2,0.63,1.0,110,28.55
76,48.55,4.56,2,0.89,1.2,50,201.94
76,47.39,3.04,2,0.58,1.0,30,264.3
76,108.41,20.26,2,0.62,1.2,80,76.75
55,93.76,11.99,2,0.66,1.0,110,46.93
84,59.53,4.97,0,0.64,1.0,80,152.8
68,102.29,24.82,1,0.29,1.2,80,109.24
76,50.62,22.46,2,0.79,1.0,30,166.29
76,59.31,19.68,1,0.72,1.0,110,140.17
55,85.53,6.88,1,0.73,1.0,110,77.98
62,81.59,11.46,1,0.13,1.0,110,79.8
62,69.85,14.61,1,0.37,1.0,110,97.49
55,96.42,15.62,1,0.12,1.0,110,61.25
15,50.03,18.44,1,0.57,1.0,110,40.89
68,61.55,21.26,2,0.62,1.0,110,76.83
15,91.01,9.44,2,0.6,1.0,50,28.64
76,104.7,12.6,2,0.39,1.2,110,59.05
84,40.0,18.38,2,0.33,1.0,110,131.87
55,107.03,15.01,2,0.18,1.0,80,44.34
68,67.29,13.04,1,0.17,1.2,110,127.36
84,77.23,22.09,2,0.62,1.2,80,88.86
55,100.17,15.62,2,0.43,1.2,110,46.32
76,88.54,18.11,2,0.89,1.0,110,65.6
76,93.72,9.07,2,0.82,1.0,50,105.9
62,76.65,8.49,1,0.35,1.2,110,103.57
84,84.64,20.86,0,0.55,1.0,80,115.18
15,85.71,5.54,2,0.59,1.0,110,20.66
84,103.79,2.48,2,0.15,1.2,110,102.55
68,107.66,16.45,2,0.71,1.0,80,65.06
62,80.92,24.29,2,0.16,1.0,110,50.56
15,44.28,13.48,1,0.2,1.5,110,56.17
15,67.11,17.17,2,0.68,1.0,110,25.63
62,91.13,5.11,1,0.26,1.0,110,73.13
76,51.39,18.89,1,0.15,1.0,110,151.69
68,46.9,4.68,1,0.37,1.0,110,151.38
76,60.74,5.3,1,0.49,1.0,30,262.96
15,92.86,15.49,2,0.17,1.0,110,14.77
55,53.66,17.61,2,0.99,1.0,80,78.9
76,42.82,11.32,2,0.62,1.5,110,172.46
15,83.26,9.86,2,0.11,1.0,110,14.4
55,70.79,16.81,2,0.15,1.0,110,49.56
68,98.48,6.53,2,0.28,1.0,110,47.09
15,55.27,23.51,2,0.5,1.0,50,27.4
76,41.0,13.0,0,0.84,1.2,110,237.11
55,76.64,7.22,2,0.17,1.0,50,70.06
84,43.58,11.15,2,0.53,1.0,110,125.12
76,73.21,2.17,0,0.6,1.0,110,114.13
55,43.41,4.25,0,0.27,1.0,110,131.91
68,63.13,15.55,2,0.51,1.5,110,107.19
15,57.21,10.24,2,0.72,1.5,50,40.48
55,46.38,8.58,2,0.25,1.0,80,76.47
76,80.57,2.51,2,0.14,1.5,110,147.0
15,74.33,5.9,0,0.66,1.0,110,31.69
76,45.09,8.45,2,0.8,1.5,50,165.0
15,107.31,18.8,2,0.67,1.2,110,21.47
76,80.49,21.15,2,0.88,1.0,110,72.68
62,85.66,12.57,2,0.66,1.0,30,137.13
55,49.31,5.65,2,0.89,1.5,110,116.39
68,64.81,8.97,2,0.73,1.0,110,74.67
55,73.02,14.73,2,0.29,1.2,30,137.61
62,73.11,3.0,2,0.4,1.2,80,109.79
55,74.17,5.06,1,0.48,1.0,110,81.9
68,62.33,11.56,2,0.32,1.0,80,71.56
84,83.8,14.66,2,0.57,1.2,50,131.61
55,74.62,4.8,2,0.38,1.0,110,79.94
68,80.05,6.16,1,0.28,1.0,80,92.02
55,81.58,15.56,0,0.85,1.0,110,82.89
62,59.83,11.21,2,0.11,1.0,110,66.81
68,60.55,8.12,2,0.6,1.2,110,92.06
55,105.22,24.93,2,0.36,1.2,30,139.52
15,44.0,5.17,0,0.91,1.0,50,47.97
76,93.06,19.48,2,0.47,1.0,110,56.98
55,105.42,8.98,2,0.79,1.0,110,44.16
62,107.56,11.85,2,0.75,1.0,50,87.42
84,85.17,19.14,1,0.46,1.0,50,177.08
76,95.65,9.45,2,0.23,1.0,110,53.18
15,63.75,3.44,2,0.2,1.0,80,28.76
55,100.11,21.72,2,0.23,1.0,110,38.66
55,62.97,3.24,2,0.31,1.0,80,93.95
55,87.79,7.42,2,0.88,1.0,110,52.72
68,109.06,15.75,0,0.68,1.0,110,75.38
68,73.28,21.53,2,0.25,1.2,110,72.16
62,68.13,15.29,2,0.53,1.2,110,74.7
55,104.55,5.27,2,0.23,1.0,80,44.23
62,43.3,24.11,2,0.67,1.0,50,97.79
55,49.75,2.25,2,0.98,1.0,80,127.54
68,52.01,5.85,2,0.13,1.0,80,82.24
62,45.14,17.25,2,0.47,1.0,110,90.88
84,102.65,21.62,2,0.22,1.0,30,173.56
15,81.72,24.9,2,0.93,1.0,30,46.47
68,69.31,7.05,0,0.92,1.2,110,133.74
68,56.23,18.23,2,0.32,1.0,110,79.04
68,90.31,4.54,0,0.99,1.0,30,244.84
55,91.74,17.79,2,0.89,1.2,110,58.06
15,94.46,12.6,2,0.53,1.5,110,24.56
15,67.9,21.85,1,0.58,1.2,80,35.6
62,56.43,20.83,2,0.84,1.0,80,79.81
84,69.97,3.41,1,0.43,1.0,110,127.69
15,74.51,9.59,1,0.96,1.0,80,35.46
68,99.1,23.06,2,0.36,1.0,30,142.16
62,53.31,20.89,2,0.17,1.5,50,115.95
55,73.8,6.88,1,0.85,1.0,30,198.35
84,102.17,6.58,1,0.36,1.0,80,111.18
84,89.07,6.47,2,0.85,1.0,80,77.86
68,50.9,14.58,0,0.44,1.0,30,235.13
76,52.54,11.02,2,0.23,1.2,50,115.26
15,66.71,19.83,2,0.66,1.0,50,30.25
62,104.69,20.87,2,0.7,1.5,110,66.73
62,81.75,20.73,2,0.22,1.0,50,80.66
68,76.83,19.46,2,0.27,1.0,80,57.84
76,76.21,11.5,1,0.47,1.0,110,109.24
84,46.09,6.65,2,0.29,1.0,50,116.34
68,40.42,13.13,1,0.38,1.5,50,260.3
55,78.78,14.29,1,0.25,1.5,80,112.12
68,102.32,4.64,0,0.55,1.0,110,76.59
84,72.55,7.22,2,0.93,1.0,80,85.03
76,83.7,21.08,1,0.93,1.0,80,109.09
84,70.36,21.51,2,0.81,1.5,110,121.01
15,78.12,2.94,2,0.5,1.0,30,60.86
76,83.34,13.05,2,0.3,1.0,110,59.36
68,92.4,13.1,1,0.97,1.2,110,103.98
76,107.35,14.32,2,0.71,1.0,110,52.58
76,43.76,2.51,2,0.4,1.0,50,182.31
15,82.02,18.82,2,0.98,1.0,80,28.35
55,76.1,13.44,1,0.2,1.2,110,90.67
84,63.8,22.0,0,0.8,1.2,50,215.01
84,51.58,18.25,2,0.67,1.0,50,112.78
84,89.3,23.36,2,0.38,1.0,110,63.83
15,76.93,7.95,0,0.75,1.0,80,35.29
76,52.22,18.27,2,0.91,1.0,50,108.08
76,93.35,15.61,1,0.7,1.0,110,97.06
84,49.55,18.74,2,0.33,1.2,80,127.92
55,86.08,12.07,1,0.6,1.0,110,74.93
68,90.73,21.24,2,0.38,1.2,30,171.79
15,78.7,19.04,2,0.18,1.5,110,20.44
68,70.04,3.72,1,0.85,1.0,50,151.4
15,97.96,10.69,2,0.52,1.2,80,21.39
68,99.08,8.04,2,0.14,1.0,110,44.0
15,85.77,10.05,2,0.9,1.0,80,27.4
55,89.06,8.56,2,0.51,1.0,110,49.45
15,51.88,4.2,2,0.2,1.0,110,32.88
84,47.17,19.29,2,0.77,1.0,110,119.7
76,45.58,17.71,2,0.62,1.0,110,110.81
55,77.61,6.41,2,0.34,1.0,110,51.11
76,87.35,8.92,1,0.78,1.0,50,165.27
55,71.52,7.81,2,0.86,1.0,110,61.19
15,93.83,11.79,2,0.12,1.0,80,15.11
76,75.38,11.27,2,0.66,1.0,110,72.45
62,92.6,23.65,2,0.43,1.5,80,79.39
55,105.06,6.71,2,0.76,1.0,80,53.69
84,54.24,23.95,2,0.14,1.0,80,97.7
68,100.87,6.16,2,0.3,1.0,110,45.58
76,74.25,5.07,1,0.36,1.5,50,234.56
62,48.28,23.94,2,0.62,1.0,30,133.87
15,86.53,11.64,2,0.47,1.0,30,40.12
84,76.01,21.71,2,0.42,1.0,110,75.93
84,71.98,12.93,2,0.97,1.0,30,184.49
68,47.78,2.7,2,0.89,1.0,50,158.74
76,43.82,24.35,2,0.36,1.0,110,110.53
15,75.92,18.45,2,0.28,1.0,30,35.62
84,105.79,9.89,2,0.54,1.0,110,59.5
76,89.39,14.0,1,0.97,1.0,110,101.15
68,41.53,19.81,1,0.52,1.0,80,173.39
68,109.07,7.77,2,0.92,1.2,80,77.91
76,104.88,24.13,2,0.51,1.0,110,53.33
15,106.65,20.94,2,0.63,1.2,80,23.84
84,91.1,10.23,0,0.17,1.0,110,98.53
15,63.44,15.13,2,0.11,1.2,110,20.37
15,51.3,24.1,2,0.11,1.0,80,22.33
62,60.13,14.38,2,0.47,1.0,110,71.75
55,44.04,21.44,0,0.34,1.0,80,132.31
62,65.97,19.76,1,0.45,1.0,80,102.03
76,73.89,20.26,2,0.41,1.2,50,117.58
84,40.64,16.91,2,0.5,1.5,110,194.01
62,85.8,22.07,1,0.51,1.5,110,116.98
84,67.61,21.94,1,0.97,1.5,50,268.26
76,88.31,21.26,2,0.9,1.0,50,106.13
55,43.62,3.13,2,0.42,1.0,80,134.02
55,89.78,2.16,2,0.56,1.2,110,85.15
15,40.19,21.55,2,0.55,1.0,80,33.18
55,91.77,6.85,2,0.13,1.2,80,52.97
62,48.33,3.59,2,0.3,1.0,110,134.41
62,60.28,7.49,1,0.47,1.2,50,156.54
76,101.01,11.62,2,0.37,1.2,80,74.4
76,70.26,4.1,2,0.11,1.0,50,156.32
62,40.69,11.41,2,0.72,1.2,80,121.3
84,60.57,12.27,2,0.72,1.5,50,165.14
62,50.95,19.29,2,0.35,1.0,80,81.83
84,90.56,6.01,2,0.74,1.0,30,179.34
15,52.72,13.6,2,0.33,1.0,50,24.53
68,71.86,5.76,2,0.66,1.0,110,67.7
68,98.4,15.28,2,0.51,1.0,30,147.71
15,45.97,21.92,2,0.37,1.0,80,27.27
62,101.4,14.15,2,0.2,1.0,110,40.73
55,91.96,16.79,2,0.66,1.0,80,54.31
55,98.45,18.34,1,0.76,1.0,110,68.89
84,70.57,12.67,2,0.64,1.0,110,81.32
62,44.57,20.9,2,0.68,1.0,110,94.65
68,103.83,12.1,0,0.43,1.2,110,86.31
62,72.45,20.04,2,0.35,1.0,110,58.5
15,103.97,24.56,2,0.84,1.2,110,24.58
55,48.77,17.08,0,0.64,1.2,110,146.76
84,45.39,17.43,2,0.32,1.0,110,117.51
55,87.02,9.68,1,0.67,1.0,110,75.73
62,82.4,16.53,2,0.62,1.0,110,57.15
55,52.9,3.31,2,0.86,1.0,30,198.57
15,54.2,24.96,2,0.36,1.5,110,30.61
76,80.65,19.06,2,0.29,1.0,50,97.08
15,61.41,19.46,2,0.17,1.0,80,20.18
62,83.28,19.97,2,0.85,1.0,110,57.79
76,84.83,9.23,2,0.13,1.0,50,94.31
15,83.49,3.11,2,0.11,1.5,110,31.2
76,103.82,5.37,2,0.31,1.0,110,52.03
84,103.81,23.34,1,0.1,1.5,110,125.44
62,79.52,7.8,2,0.34,1.2,50,97.06
76,78.2,17.73,1,0.57,1.0,30,264.13
15,46.51,5.31,1,0.48,1.2,50,48.26
76,98.8,14.53,0,0.31,1.0,50,157.8
62,77.61,17.57,2,0.67,1.0,30,136.96
84,98.27,24.81,1,0.72,1.0,110,98.21
84,55.84,5.03,2,0.35,1.0,110,97.26
55,70.11,12.07,2,0.79,1.5,110,85.7
68,106.7,7.5,2,0.53,1.2,80,69.76
62,41.97,10.63,2,0.23,1.2,50,110.75
15,108.59,21.98,1,0.14,1.0,110,19.67
76,104.11,13.57,2,0.22,1.5,110,70.2
68,60.96,4.3,1,0.83,1.0,30,240.01
55,103.43,5.17,0,0.12,1.0,110,58.75
76,95.06,7.61,2,0.53,1.0,110,57.99
15,80.76,8.9,0,0.67,1.2,80,36.22
76,81.68,22.39,2,0.64,1.0,80,67.92
55,62.4,13.64,1,0.96,1.2,110,121.55
55,64.04,2.44,2,0.95,1.0,80,100.73
55,69.59,18.52,2,0.76,1.0,110,60.93
62,52.45,10.09,2,0.16,1.0,110,74.7
62,54.3,16.42,2,1.0,1.0,80,85.51
15,60.37,21.99,2,0.1,1.0,110,17.7
15,57.21,23.04,2,0.96,1.0,110,32.29
15,102.91,12.5,1,0.94,1.0,50,45.8
76,68.44,23.31,2,0.48,1.0,30,161.05
84,86.65,8.56,2,0.2,1.5,50,154.92
15,73.57,24.38,0,0.47,1.0,110,30.19
55,57.38,24.72,2,0.76,1.0,50,78.59
76,54.48,23.28,2,0.19,1.2,80,104.4
62,87.62,20.99,1,0.24,1.2,110,90.7
62,102.93,16.35,1,0.2,1.2,50,153.39
76,73.87,22.64,2,0.18,1.5,110,96.67
15,107.77,5.4,2,0.26,1.0,80,17.81
68,59.15,11.19,2,0.58,1.0,80,79.84
62,40.93,14.47,2,0.55,1.0,110,100.57
62,93.59,6.83,2,0.84,1.0,110,54.8
68,107.36,13.92,0,0.66,1.0,110,73.99
84,83.56,23.49,1,0.76,1.2,110,135.07
76,69.26,21.63,2,0.19,1.0,80,71.23
76,49.02,18.56,1,0.66,1.0,110,167.6
15,62.4,19.55,2,0.45,1.0,30,37.43
84,51.26,18.11,2,0.2,1.0,110,103.27
68,65.11,14.17,2,0.82,1.0,110,77.66
15,99.27,21.13,2,0.4,1.0,110,17.8
55,76.94,14.82,2,0.8,1.0,110,56.18
55,72.25,9.06,0,0.39,1.0,110,83.24
62,63.01,8.4,1,0.55,1.0,110,106.56
68,89.65,2.49,2,0.8,1.0,110,90.48
55,99.68,6.56,2,0.42,1.2,80,56.96
55,48.86,6.11,2,0.17,1.0,110,72.08
76,78.14,8.2,2,0.69,1.5,80,100.17
62,76.96,6.65,1,0.45,1.2,110,106.86
84,50.59,8.55,2,0.78,1.0,30,182.4
62,83.44,16.68,2,0.2,1.2,110,58.9
55,48.26,19.4,0,0.12,1.0,110,117.81
84,80.58,14.42,0,0.16,1.0,30,285.22
84,86.6,13.35,2,0.11,1.2,110,74.5
76,74.23,11.37,2,0.15,1.0,30,155.72
84,51.17,22.37,0,0.89,1.0,80,179.73
55,54.71,4.68,2,0.12,1.2,110,123.69
62,46.48,4.32,1,1.0,1.0,110,149.99
68,104.44,4.15,2,0.65,1.0,110,75.14
76,106.35,7.95,2,0.46,1.0,80,66.09
55,88.48,7.6,2,0.19,1.0,110,41.92
55,95.89,18.27,1,0.43,1.0,110,65.85
62,106.91,3.62,2,0.55,1.0,30,214.54
62,99.02,16.82,2,0.88,1.2,110,60.31
15,55.48,18.77,2,0.47,1.0,50,28.06
84,41.27,11.21,2,0.66,1.0,110,134.14
68,101.8,12.88,2,0.27,1.0,110,46.87
84,64.5,23.35,0,0.59,1.0,110,140.86
55,83.54,15.96,2,0.59,1.2,110,58.05
15,79.82,21.96,2,0.97,1.0,50,33.94
84,107.51,18.51,2,0.73,1.0,110,58.89
15,94.8,12.18,2,0.8,1.0,80,26.7
84,40.95,10.35,2,0.86,1.2,80,161.75
68,105.34,18.64,2,0.68,1.0,110,52.12
68,65.2,3.76,2,0.5,1.0,80,114.55
68,42.63,18.5,2,0.56,1.0,110,106.46
68,53.3,12.6,1,0.32,1.0,110,134.12
15,68.99,18.05,1,1.0,1.0,30,68.22
84,79.85,23.18,2,0.59,1.0,110,73.44
76,56.82,12.81,2,0.62,1.0,50,102.75
68,98.11,17.27,2,0.94,1.5,50,138.76
76,88.31,16.85,2,0.76,1.0,110,65.93
55,98.32,11.82,2,0.75,1.0,50,81.28
84,63.07,12.13,2,0.72,1.2,50,131.88
76,107.22,17.19,2,0.12,1.0,80,60.03
76,99.96,11.11,1,0.48,1.0,110,85.93
62,95.81,8.2,2,0.22,1.0,110,44.47
68,58.78,15.59,2,0.95,1.2,110,98.99
76,83.25,17.31,2,0.96,1.2,110,81.13
76,42.27,15.69,2,0.97,1.0,30,169.43
15,82.27,3.14,0,0.13,1.0,110,22.3
84,42.88,9.99,1,0.72,1.5,80,306.38
76,89.16,21.6,2,0.34,1.5,110,83.47
15,107.83,18.42,2,0.57,1.0,110,17.35
55,90.93,16.49,2,0.47,1.5,50,107.92
84,69.71,18.44,2,0.37,1.0,50,106.58
76,71.06,22.5,2,0.23,1.0,110,69.82
84,42.52,17.14,1,0.6,1.0,80,208.66
55,43.66,20.01,2,0.82,1.0,50,90.35
68,50.9,7.19,1,0.81,1.0,30,241.59
68,91.08,18.92,0,0.42,1.2,50,171.21
62,45.28,7.76,2,0.9,1.0,110,96.9
62,107.94,14.86,2,0.57,1.5,110,61.05
62,70.94,9.68,2,0.63,1.0,110,64.6
15,59.96,14.74,0,0.35,1.2,110,35.86
15,50.84,10.19,2,0.6,1.0,80,30.42
76,71.66,5.9,2,0.98,1.2,30,199.73
84,101.72,23.66,2,0.18,1.0,80,67.48
84,90.33,8.6,1,0.42,1.0,110,100.95
84,59.06,4.7,1,0.93,1.0,110,160.53
68,106.11,6.88,2,0.53,1.0,110,48.53
84,93.49,7.7,0,0.19,1.2,50,206.72
55,69.59,6.62,2,0.57,1.0,110,57.63
76,78.91,18.09,2,0.22,1.0,110,62.97
62,44.85,12.5,2,0.33,1.0,110,90.41
15,102.63,8.16,2,0.91,1.2,110,24.78
62,70.17,6.55,2,0.47,1.0,110,60.85
15,49.45,8.81,2,0.5,1.0,110,27.74
55,92.98,9.64,2,0.24,1.0,80,46.2
76,49.22,21.75,2,0.33,1.0,110,100.3
15,101.3,19.3,0,0.57,1.0,80,30.27
84,45.09,20.17,1,0.71,1.2,110,235.02
62,86.33,10.18,2,0.37,1.0,110,49.07
62,99.59,20.37,1,0.32,1.0,80,83.38
68,56.25,18.3,2,0.87,1.0,30,149.57
55,81.39,22.4,2,0.77,1.0,110,53.77
15,63.62,4.06,2,0.83,1.0,50,44.2
76,86.51,18.3,1,0.9,1.0,50,168.04
62,47.93,15.11,2,0.53,1.5,110,124.76
15,76.28,15.51,1,0.97,1.0,50,45.8
62,109.94,8.6,1,0.24,1.0,80,82.81
55,100.9,16.63,1,0.49,1.0,110,64.58
55,61.89,15.53,1,0.48,1.0,110,97.44
68,105.89,21.82,2,0.47,1.0,50,89.1
55,62.18,12.75,1,0.97,1.0,30,199.13
84,83.95,10.4,2,0.81,1.2,110,86.23
55,79.54,6.13,0,0.15,1.0,110,72.7
76,105.28,21.77,2,0.53,1.0,110,53.34
15,92.34,7.38,0,0.57,1.0,110,27.49
55,62.62,23.51,2,0.45,1.0,110,61.01
84,107.76,23.04,1,0.21,1.0,110,82.73
76,75.53,11.23,2,0.49,1.0,110,68.41
84,41.36,9.52,2,0.35,1.5,110,188.12
55,62.05,9.05,1,0.34,1.0,110,96.02
15,63.0,8.55,2,0.26,1.0,110,20.29
15,106.02,23.43,1,0.42,1.0,110,21.69
55,75.75,12.97,2,0.78,1.0,50,79.89
62,69.52,7.28,1,0.13,1.0,80,92.95
15,56.17,20.44,2,0.53,1.0,110,25.44
15,52.09,10.73,2,0.65,1.0,110,28.45
84,54.72,15.02,2,0.14,1.0,110,97.12
15,85.79,13.77,1,0.15,1.0,30,55.62
76,93.64,13.45,2,0.83,1.2,110,72.98
68,101.76,5.38,2,0.98,1.2,50,113.97
84,71.27,2.16,2,0.42,1.0,110,126.3
84,62.33,24.29,2,0.88,1.0,110,96.15
15,65.35,17.19,2,0.28,1.0,30,37.39
84,51.72,10.72,2,0.22,1.0,110,100.48
68,105.44,21.2,2,0.37,1.0,80,58.37
15,102.74,11.3,2,0.74,1.2,50,34.49
68,53.07,21.12,2,0.42,1.0,110,84.44
62,51.67,15.95,2,0.12,1.0,110,74.99
84,64.95,19.2,2,0.84,1.5,110,130.77
84,91.29,16.19,0,0.11,1.2,80,132.13
15,81.07,12.25,2,0.34,1.0,110,19.3
68,75.4,2.41,2,0.17,1.0,110,95.39
15,54.36,13.2,2,0.57,1.5,80,34.41
68,71.86,14.79,2,0.51,1.0,80,66.46
15,84.37,12.35,2,0.45,1.0,110,19.08
76,108.11,7.09,2,0.15,1.5,110,67.57
62,91.68,9.72,2,0.49,1.0,110,48.4
68,109.62,13.09,2,0.51,1.0,80,61.55
55,98.49,3.0,1,0.9,1.0,50,125.63
76,61.89,13.18,2,0.58,1.5,110,121.6
55,104.28,11.38,1,0.57,1.5,110,89.78
76,47.93,19.78,2,0.81,1.0,30,165.67
68,44.93,8.4,2,0.95,1.0,80,106.12
15,91.7,21.94,2,0.7,1.0,110,22.82
68,73.02,15.15,0,0.66,1.0,110,104.23
76,85.89,7.5,1,0.84,1.0,110,103.07
15,72.33,9.23,2,0.76,1.0,110,26.87
84,83.69,5.04,2,0.35,1.5,110,98.57
84,66.48,19.24,0,0.53,1.5,110,199.45
68,108.7,5.1,2,0.54,1.0,80,59.58
62,66.59,13.54,2,0.6,1.0,110,67.37
76,49.18,19.62,2,0.95,1.0,50,108.55
62,45.79,23.05,1,0.54,1.0,110,146.15
62,51.95,8.15,2,0.23,1.0,110,76.98
68,47.08,2.26,2,0.98,1.0,110,161.22
68,106.32,11.74,0,0.5,1.0,110,74.56
76,73.14,16.1,2,0.7,1.0,110,72.98
15,43.92,13.04,2,0.25,1.0,80,26.54
84,58.57,22.79,2,0.6,1.0,30,178.52
84,62.8,20.79,2,0.39,1.2,30,211.23
84,67.04,13.15,2,0.39,1.5,110,120.55
62,86.19,11.93,2,0.99,1.0,30,140.52
55,49.83,16.32,1,0.55,1.0,80,120.29
68,44.5,16.78,2,0.91,1.0,80,107.49
62,84.76,4.97,2,0.35,1.2,30,256.18
62,50.6,12.16,2,0.34,1.0,110,79.9
15,82.48,4.76,2,0.88,1.0,110,32.08
84,53.57,6.93,2,0.27,1.0,50,106.41
68,53.19,3.29,0,0.99,1.2,110,170.35
15,88.57,13.25,2,0.34,1.0,80,17.21
84,94.41,14.8,2,0.11,1.0,110,57.29
68,106.2,6.53,2,0.73,1.0,110,50.9
55,53.62,18.83,1,0.87,1.0,50,125.24
84,69.58,8.86,1,0.25,1.0,80,128.37
68,87.87,13.54,2,0.86,1.0,110,61.85
84,60.04,11.75,2,0.12,1.2,110,104.26
76,91.72,20.69,1,0.12,1.0,80,97.72
15,68.32,10.36,1,0.7,1.5,50,57.91
68,46.27,11.98,2,0.56,1.0,110,98.24
68,46.01,18.42,1,0.72,1.0,80,161.35
84,78.8,14.12,2,0.15,1.2,110,80.39
62,54.73,2.53,2,0.29,1.0,80,119.1
55,103.83,19.83,2,0.78,1.5,110,61.82
76,85.56,4.67,2,0.49,1.0,110,98.85
68,46.58,8.69,2,0.96,1.0,110,104.41
84,65.78,10.59,2,0.85,1.0,110,92.49
68,60.4,9.73,2,0.12,1.0,110,71.1
84,64.01,5.18,2,0.55,1.0,110,88.96
68,96.92,24.03,2,0.94,1.2,110,66.08
55,45.08,21.56,1,0.7,1.0,110,133.76
68,59.34,20.22,1,0.71,1.0,110,125.99
55,74.57,24.12,2,0.54,1.0,110,54.6
68,95.09,3.3,2,0.56,1.0,110,83.07
68,59.18,21.46,2,0.35,1.0,110,74.53
15,75.01,21.33,2,0.81,1.0,80,24.91
62,94.02,11.61,2,0.97,1.0,50,90.45
76,98.08,18.19,2,0.47,1.0,80,65.21
68,77.98,7.36,2,0.84,1.0,110,69.02
68,60.49,11.03,2,0.85,1.0,110,83.66
15,55.66,23.45,2,0.67,1.2,80,32.29
15,40.09,4.76,2,0.71,1.0,110,49.23
15,106.08,3.1,2,1.0,1.2,110,33.98
84,56.19,18.9,2,0.26,1.2,80,113.94
15,96.4,15.86,1,0.9,1.2,80,38.55
76,84.7,3.16,2,0.97,1.0,110,106.47
68,75.94,16.96,2,0.5,1.5,110,89.59
76,42.87,14.13,2,0.85,1.2,110,143.41
55,63.29,12.08,1,0.25,1.0,110,92.76
76,73.85,17.77,2,0.12,1.2,110,78.38
76,90.14,17.4,2,0.68,1.0,110,63.27
55,60.93,9.28,2,0.13,1.2,110,70.37
55,62.56,24.41,2,0.56,1.5,110,89.08
55,45.15,3.23,2,0.58,1.0,80,132.65
84,51.86,16.28,2,0.61,1.2,50,131.88
84,81.51,23.53,2,0.47,1.0,80,72.83
15,88.64,20.3,2,0.11,1.0,30,34.87
68,42.34,10.44,1,0.5,1.0,110,170.41
62,68.52,6.08,1,0.61,1.5,30,321.11
84,89.53,12.64,2,0.26,1.5,80,101.26
55,104.02,6.8,2,0.17,1.0,50,70.21
62,96.41,24.76,2,0.5,1.0,30,134.82
76,76.36,15.0,2,0.97,1.0,110,75.97
55,67.41,18.41,2,0.66,1.0,80,61.19
15,72.9,21.73,1,0.93,1.0,110,36.0
55,96.23,22.64,2,0.51,1.0,110,41.8
15,75.02,17.61,2,0.34,1.5,110,24.91
84,90.9,2.02,2,0.25,1.0,80,111.45
76,99.11,7.5,2,0.65,1.0,80,69.25
55,81.07,16.36,2,0.16,1.0,110,46.94
15,71.61,21.7,2,0.4,1.0,30,38.38
76,68.94,6.74,2,0.24,1.0,110,70.85
15,68.78,7.44,2,0.22,1.0,110,19.89
84,100.65,2.77,2,0.21,1.0,80,110.14
55,69.48,11.44,1,0.22,1.0,30,189.93
62,40.64,16.43,2,0.98,1.0,80,110.46
62,70.5,7.16,2,0.47,1.2,30,159.78
76,79.49,13.37,2,0.45,1.5,80,95.97
84,96.11,12.16,2,0.86,1.2,80,90.83
55,101.94,15.27,1,0.34,1.2,30,226.68
84,86.84,18.85,2,0.71,1.0,110,72.0
62,48.49,4.62,2,0.68,1.2,50,166.34
84,84.0,4.19,0,0.76,1.0,110,112.89
15,71.16,4.6,2,1.0,1.2,30,78.93
68,51.47,10.77,1,0.66,1.2,110,171.3
55,64.2,5.94,0,0.72,1.2,110,116.14
76,108.73,22.65,1,0.12,1.0,110,75.21
84,102.66,24.6,2,0.25,1.5,110,80.14
15,54.02,6.85,2,0.3,1.0,110,24.03
55,71.73,20.22,2,0.69,1.0,80,57.62
62,83.92,7.97,1,0.73,1.2,80,105.67
84,46.7,23.22,2,0.43,1.2,80,137.84
68,87.1,21.39,2,0.57,1.0,80,61.58
15,83.24,12.5,2,0.55,1.2,110,21.77
15,54.95,2.25,2,0.84,1.0,110,41.42
84,57.19,4.51,2,0.19,1.0,110,151.84
68,71.99,23.67,2,0.19,1.2,110,72.85
84,73.01,18.35,2,0.2,1.2,110,89.05
84,63.54,7.39,2,0.6,1.0,80,90.93
15,67.77,23.58,1,0.11,1.0,110,25.1
84,69.04,18.85,2,0.85,1.0,110,87.0
62,65.88,13.18,2,0.23,1.0,50,80.93
68,69.1,21.56,1,0.32,1.0,50,144.01
55,108.33,14.24,2,0.17,1.0,80,47.13
62,93.41,10.88,2,0.92,1.5,80,85.88
76,91.96,19.72,2,0.37,1.5,110,80.41
68,56.95,5.95,2,0.36,1.0,50,88.35
68,42.02,9.78,1,0.34,1.2,30,281.73
15,107.96,10.59,2,0.16,1.0,110,13.5
15,68.29,22.13,2,0.46,1.0,110,21.48
84,104.47,9.38,1,0.58,1.2,50,212.66
84,52.69,18.38,2,0.46,1.2,110,123.5
68,105.64,4.1,0,0.83,1.0,110,77.73
68,97.12,20.46,2,0.37,1.0,80,59.31
55,43.95,21.97,1,0.1,1.0,80,127.77
76,50.45,7.54,2,0.57,1.0,110,99.28
15,56.15,10.07,2,0.62,1.0,110,26.35
15,40.2,23.41,1,0.47,1.2,80,53.71
62,96.76,24.56,2,0.91,1.2,80,72.09
62,79.4,9.21,1,0.76,1.2,50,162.89
62,108.28,19.51,2,0.1,1.0,110,35.89
55,81.33,4.23,2,0.73,1.2,110,94.61
62,86.23,18.8,2,0.72,1.0,110,55.1
84,103.92,20.35,2,0.98,1.0,110,66.27
68,108.67,16.12,2,0.18,1.0,110,41.94
76,62.39,15.72,2,0.53,1.2,30,192.36
55,81.23,13.98,2,0.56,1.0,80,52.99
68,52.55,7.19,0,0.75,1.2,110,169.23
55,107.86,17.94,0,0.27,1.2,110,67.55
84,106.93,18.06,1,0.12,1.0,110,81.83
68,54.08,6.11,2,0.48,1.0,80,84.25
62,84.8,21.79,2,0.94,1.0,30,140.61
55,44.55,20.98,1,0.91,1.2,80,161.81
15,52.4,11.86,1,0.61,1.0,80,39.28
55,94.96,20.9,2,0.26,1.0,110,39.69
15,42.3,12.76,2,0.85,1.0,110,34.6
15,64.36,22.52,2,0.58,1.5,110,31.82
76,40.72,16.4,2,0.69,1.5,110,179.54
55,70.59,11.13,2,0.62,1.0,50,77.26
84,75.02,5.69,2,0.39,1.0,30,176.11
15,108.29,9.66,2,0.18,1.0,30,35.96
84,92.24,6.04,0,0.62,1.0,80,115.8
15,105.21,15.42,2,0.51,1.0,30,40.8
55,44.65,2.04,2,0.41,1.5,110,192.57
84,93.25,5.45,2,0.33,1.0,30,175.64
84,94.83,8.17,2,0.1,1.2,30,205.1
76,57.27,12.35,0,0.68,1.0,80,143.11
55,43.71,14.49,1,0.63,1.0,110,136.18
62,87.15,4.65,2,0.5,1.5,50,194.67
68,53.85,21.4,1,0.77,1.0,110,141.99
55,57.69,12.05,2,0.37,1.0,50,74.0
62,43.9,3.21,2,0.75,1.0,110,153.93
55,40.21,7.7,2,0.94,1.2,110,115.0
55,41.26,23.49,0,0.82,1.2,110,173.84
62,109.6,14.78,1,0.38,1.0,80,85.97
15,104.89,17.3,2,0.81,1.0,80,25.25
62,43.39,5.42,2,0.54,1.0,80,96.77
55,71.66,11.76,1,0.48,1.0,30,194.05
55,84.46,22.92,0,0.6,1.2,110,88.87
76,49.54,22.41,2,0.89,1.0,110,107.97
76,75.95,20.47,2,0.45,1.0,110,69.86
55,65.02,3.52,1,0.99,1.0,80,100.49
68,51.94,22.64,2,0.89,1.0,110,93.09
62,74.15,9.24,1,0.96,1.0,50,139.72
62,44.89,17.59,1,0.41,1.0,80,145.39
84,61.89,4.44,0,0.82,1.0,110,150.27
84,99.31,2.22,2,0.92,1.2,110,118.66
55,44.64,10.44,2,0.1,1.0,110,77.53
68,68.56,17.81,1,0.68,1.2,80,131.23
55,69.65,15.15,2,0.46,1.5,110,82.12
55,109.72,6.14,2,0.86,1.0,110,45.21
55,64.18,7.97,2,0.52,1.0,110,61.62
84,96.63,20.41,2,0.65,1.0,110,63.88
55,69.27,14.57,2,0.55,1.0,110,56.16
55,53.79,11.49,1,0.63,1.0,80,115.26
76,54.25,5.58,2,0.49,1.0,30,164.33
62,40.92,5.95,2,0.12,1.0,50,94.65
76,78.21,2.79,1,0.55,1.0,50,163.07
55,96.57,6.05,2,0.4,1.0,80,49.09
15,61.66,15.94,2,0.12,1.2,30,39.23
76,69.1,12.57,2,0.66,1.2,110,90.99
76,75.31,19.11,2,0.16,1.2,110,78.05
55,91.99,21.47,0,0.13,1.0,110,62.47
76,61.93,19.33,1,0.45,1.2,110,154.66
62,59.89,6.05,2,0.33,1.0,80,68.56
15,67.38,3.84,0,0.63,1.0,80,33.1
84,42.15,16.2,2,0.53,1.5,110,189.23
76,53.75,7.78,1,0.96,1.2,50,197.75
15,87.0,14.03,2,0.25,1.2,110,17.49
55,58.27,14.38,2,0.86,1.0,30,126.77
62,47.77,8.41,2,0.42,1.2,80,102.0
55,86.12,15.03,2,0.55,1.2,30,142.91
68,75.65,16.43,2,0.39,1.0,110,62.11
62,48.86,12.96,2,0.33,1.0,110,84.0
15,55.32,14.0,1,0.7,1.0,30,62.98
15,64.24,17.06,2,0.63,1.0,110,24.79
15,61.1,24.26,2,0.22,1.0,80,19.83
55,67.4,8.03,2,0.47,1.2,110,70.46
15,94.83,10.1,1,0.6,1.0,30,61.15
76,91.27,23.46,2,0.5,1.0,110,58.91
68,104.42,12.14,2,0.48,1.0,50,90.74
15,75.4,20.79,2,0.65,1.0,110,25.31
55,88.43,16.66,2,0.3,1.0,110,41.89
62,47.88,4.18,2,0.44,1.0,110,137.55
15,78.25,10.19,0,0.15,1.0,80,23.43
76,67.68,6.02,2,0.37,1.0,110,72.88
62,103.88,19.95,2,0.65,1.0,110,47.81
76,78.76,24.69,2,0.8,1.2,50,123.39
68,108.23,15.89,2,0.2,1.2,110,49.38
68,97.96,5.62,2,0.63,1.0,50,93.06
76,90.9,4.47,1,0.23,1.2,30,309.74
68,61.94,12.63,2,0.88,1.5,80,114.32
55,57.2,15.27,1,0.84,1.0,110,111.23
55,101.26,2.61,2,0.29,1.0,110,61.22
84,40.82,14.81,2,0.63,1.2,110,158.53
84,78.46,17.6,2,0.45,1.0,50,110.64
55,85.06,9.65,2,0.68,1.0,110,52.41
76,88.76,10.65,2,0.84,1.0,80,70.95
76,60.72,13.84,1,0.98,1.0,110,140.75
55,42.89,7.77,2,0.87,1.0,110,90.81
55,80.57,8.59,2,0.18,1.0,80,45.55
84,93.93,16.19,2,0.36,1.0,110,61.19
84,76.23,10.79,2,0.2,1.5,80,103.21
62,59.71,7.62,2,0.12,1.0,80,67.81
76,54.82,5.34,2,0.98,1.0,80,100.51
84,74.29,13.9,2,0.99,1.5,80,119.17
15,60.69,15.36,2,0.83,1.2,110,32.09
15,57.74,13.62,0,0.22,1.2,110,37.04
62,94.89,19.56,2,0.28,1.0,80,50.11
62,92.34,12.15,2,0.66,1.2,110,60.16
76,44.97,13.22,2,0.56,1.2,80,131.66
84,97.0,13.95,2,0.57,1.0,50,110.83
68,95.98,11.95,2,0.34,1.2,110,57.0
84,42.93,16.35,2,0.46,1.0,110,125.74
15,86.02,22.59,2,0.97,1.0,110,25.49
76,57.5,14.31,2,0.71,1.0,110,91.85
55,65.19,23.59,2,0.64,1.0,50,78.98
15,68.77,10.17,2,0.47,1.0,110,20.99
68,84.86,9.14,2,0.29,1.0,50,87.93
62,103.63,16.67,2,0.43,1.5,110,62.06
68,49.24,8.12,2,0.13,1.2,110,103.61
76,53.99,7.33,2,0.61,1.0,80,94.63
68,87.04,12.57,2,0.3,1.0,110,53.22
76,41.1,23.48,2,0.85,1.0,110,125.85
68,68.92,22.17,1,0.89,1.0,80,114.19
15,75.08,17.8,2,0.62,1.5,110,29.2
84,63.06,14.35,2,0.86,1.0,30,182.27
84,67.48,8.7,2,0.51,1.0,110,82.65
68,73.32,4.82,2,0.51,1.2,80,120.58
15,83.76,9.79,1,0.47,1.0,110,25.86
15,104.04,13.25,2,0.28,1.0,30,36.23
76,90.19,22.16,1,0.83,1.2,80,129.23
84,88.12,16.57,2,0.14,1.0,80,66.36
62,60.24,9.12,2,0.7,1.0,110,72.96
68,41.66,3.84,2,0.95,1.2,30,287.25
62,98.86,16.8,2,0.52,1.0,110,47.4
68,79.56,23.82,2,0.89,1.2,110,77.36
76,41.85,20.2,1,0.41,1.0,50,189.67
15,51.53,10.08,1,0.41,1.2,80,44.74
76,82.15,13.34,2,0.95,1.0,50,107.47
55,70.01,6.19,2,0.78,1.0,80,63.24
68,70.88,18.48,2,0.29,1.0,110,63.52
76,88.57,22.34,2,0.44,1.0,110,58.24
68,62.73,11.11,2,0.6,1.0,110,77.16
68,98.48,5.74,2,0.72,1.0,110,53.16
15,89.65,3.15,0,0.82,1.2,50,49.31
62,43.5,22.09,0,0.32,1.0,80,151.44
62,43.97,2.68,1,0.99,1.2,110,186.57
62,78.44,23.83,2,0.31,1.2,80,64.63
68,93.5,14.41,1,0.57,1.0,50,146.32
76,53.92,13.69,1,0.7,1.2,50,194.39
55,102.76,16.75,2,0.23,1.2,30,137.93
68,108.89,2.7,2,0.66,1.0,30,237.3
55,97.6,6.34,2,0.36,1.0,80,47.76
15,50.41,12.5,2,0.74,1.0,110,31.76
55,43.12,24.32,2,0.39,1.0,80,83.39
84,64.85,3.67,2,0.84,1.0,110,144.53
62,87.86,2.45,2,0.54,1.2,110,92.51
15,90.76,4.78,1,0.38,1.0,110,24.49
84,45.45,10.59,2,0.7,1.0,30,180.13
68,40.19,11.95,2,0.67,1.0,110,113.91
55,52.54,16.88,2,0.55,1.0,110,73.08
62,106.54,24.55,2,0.96,1.0,30,138.83
68,60.17,5.69,2,0.58,1.0,110,77.31
62,84.96,8.35,1,0.33,1.0,110,80.37
84,59.92,10.36,2,0.98,1.0,80,100.38
84,69.29,12.14,2,0.8,1.0,110,86.13
84,54.73,8.68,2,0.24,1.0,80,96.45
76,106.81,4.66,2,0.76,1.0,110,82.34
55,84.98,8.33,2,0.81,1.2,110,59.2
15,66.54,9.83,2,0.9,1.0,110,29.55
62,101.03,5.59,1,0.72,1.0,110,73.67
84,55.48,8.31,2,0.23,1.0,110,95.63
15,44.8,13.75,2,0.79,1.0,80,34.69
15,58.4,10.64,2,0.41,1.0,80,22.65
68,76.4,20.12,1,0.54,1.0,110,99.16
55,57.24,22.78,1,0.98,1.2,110,132.04
15,51.56,23.19,2,0.35,1.0,110,25.85
84,81.67,22.06,0,0.45,1.0,110,109.52
62,86.54,8.58,1,0.94,1.0,80,93.63
68,86.75,4.15,2,0.25,1.0,110,83.65
55,81.29,6.61,1,0.25,1.0,50,118.41
62,103.15,23.1,2,0.34,1.0,110,44.06
84,42.75,9.03,2,0.14,1.0,110,121.81
55,88.0,16.94,2,0.48,1.0,110,48.21
84,75.52,9.57,2,0.12,1.0,110,68.69
62,68.89,7.9,0,0.35,1.0,110,99.26
62,93.7,6.76,2,0.57,1.0,80,56.46
76,90.09,20.4,2,0.26,1.0,80,62.25
62,75.0,5.24,1,0.68,1.0,50,135.87
84,59.03,5.9,2,0.79,1.0,110,99.26
55,58.24,5.75,2,0.6,1.0,50,75.28
76,61.95,21.29,2,0.75,1.0,110,86.6
84,84.65,2.21,0,0.87,1.0,80,121.01
55,105.17,21.35,2,0.41,1.2,110,46.42
15,58.86,7.58,2,0.28,1.0,110,22.03
15,92.88,8.14,2,0.84,1.0,50,31.38
84,77.34,13.83,1,0.13,1.0,50,171.35
62,93.79,4.05,1,0.55,1.0,80,87.68
55,80.92,2.88,2,0.74,1.2,110,93.83
68,94.94,6.6,1,0.71,1.0,110,83.85
62,81.56,2.36,1,0.7,1.0,30,219.77
76,41.55,13.54,1,0.68,1.2,110,231.38
15,53.89,13.36,2,0.53,1.0,110,25.65
76,51.38,24.9,1,0.11,1.2,50,187.84
15,48.28,24.92,2,0.47,1.2,110,31.96
68,65.74,15.6,2,0.68,1.5,30,216.75
15,100.41,13.07,0,0.6,1.0,50,41.14
68,86.59,24.5,2,0.68,1.0,30,149.38
55,52.22,8.58,2,0.34,1.0,110,71.67
62,80.22,20.91,2,0.97,1.0,110,62.07
55,102.39,20.49,1,0.37,1.2,30,228.09
76,47.02,18.51,2,0.85,1.0,30,167.57
15,50.42,14.84,2,0.45,1.2,30,45.43
15,92.8,12.85,1,0.34,1.5,80,34.92
62,61.32,14.49,0,0.57,1.0,50,136.39
68,98.47,22.55,2,0.19,1.0,30,141.88
62,73.1,17.57,2,0.77,1.5,30,198.61
55,49.44,23.01,2,0.61,1.5,110,110.46
62,57.59,5.82,2,0.77,1.2,110,91.5
68,93.9,21.72,0,0.43,1.2,110,93.85
62,92.47,5.13,0,0.98,1.5,30,325.36
84,67.28,11.03,2,0.21,1.0,110,79.84
15,103.69,22.02,2,0.39,1.0,30,37.68
15,106.35,13.16,2,0.85,1.0,110,24.56
68,67.82,6.99,2,0.4,1.0,110,69.26
68,105.75,10.48,0,0.79,1.2,110,90.89
15,63.29,13.57,0,0.11,1.0,50,32.84
76,40.58,18.93,1,0.92,1.2,110,240.02
15,58.92,13.61,2,0.65,1.5,110,34.08
76,79.39,4.29,2,0.23,1.0,110,100.12
84,83.35,7.34,0,0.78,1.5,110,165.79
55,75.84,5.15,2,0.27,1.2,110,58.16
55,58.07,2.87,2,0.31,1.0,110,102.44
62,102.99,20.82,2,0.27,1.0,80,53.4
84,59.19,6.66,2,0.15,1.5,110,133.97
15,69.13,2.39,2,0.16,1.0,110,26.77
76,64.36,13.2,2,0.97,1.0,80,86.31
62,108.05,16.2,2,0.4,1.2,50,96.42
76,77.91,17.53,2,0.52,1.0,80,68.34
62,52.02,4.36,2,0.18,1.2,30,252.52
68,87.81,16.8,0,0.88,1.0,110,91.2
68,70.81,4.84,2,0.66,1.2,110,126.88
62,60.16,23.05,2,0.43,1.0,110,70.26
55,59.62,3.22,2,0.48,1.0,50,120.34
68,49.18,12.47,2,0.85,1.0,110,97.69
68,71.18,22.09,2,0.12,1.0,80,60.98
15,52.9,3.49,2,0.48,1.0,110,37.3
76,57.53,22.49,2,0.23,1.0,30,159.48
68,49.54,16.5,2,0.12,1.2,50,102.76
55,86.7,7.63,2,0.64,1.0,110,49.98
55,107.34,18.63,2,0.76,1.0,110,44.52
62,102.36,24.46,2,0.55,1.0,110,47.49
62,90.76,24.2,1,0.12,1.0,110,71.47
76,66.57,10.8,2,0.68,1.0,110,81.31
76,94.12,9.65,2,0.35,1.0,50,96.42
15,75.7,4.98,2,0.19,1.2,110,28.35
55,57.7,2.93,2,0.94,1.0,110,112.52
84,58.97,9.0,2,0.74,1.5,30,265.14
76,72.98,11.15,2,0.51,1.0,80,72.04
76,43.4,15.89,2,0.63,1.5,80,169.82
62,98.03,4.51,1,0.49,1.0,110,72.6
15,101.82,15.27,2,0.84,1.2,110,24.03
76,43.18,21.45,2,0.84,1.0,110,121.05
62,43.26,2.1,2,0.48,1.0,110,151.51
68,67.26,23.63,2,0.6,1.0,110,72.99
15,106.89,2.66,1,0.32,1.0,50,36.43
76,101.07,18.38,2,0.18,1.0,50,95.21
15,94.64,8.6,2,0.77,1.5,80,31.15
76,103.36,12.0,2,0.93,1.0,80,74.77
84,93.56,12.82,2,0.66,1.0,110,66.5
15,84.36,22.24,2,0.96,1.2,30,53.59
15,63.68,20.59,1,0.97,1.0,50,46.17
76,109.83,13.35,1,0.56,1.2,110,94.15
15,100.35,22.55,1,0.22,1.5,110,28.63
55,74.8,20.61,2,0.95,1.2,80,67.82
68,107.85,16.0,2,0.68,1.0,110,48.18
76,81.34,16.03,1,0.81,1.2,50,196.92
76,78.77,10.8,1,0.68,1.0,80,108.52
84,82.07,9.53,2,0.86,1.0,110,75.82
62,86.2,18.87,2,0.49,1.0,110,54.69
62,93.17,21.62,2,0.34,1.2,80,62.63
68,40.07,15.8,1,0.89,1.0,80,187.09
15,57.63,10.52,0,0.57,1.0,110,36.19
68,47.23,3.2,2,0.66,1.2,110,183.63
15,89.97,12.02,1,0.15,1.0,80,23.76
55,69.03,3.89,2,0.19,1.2,110,99.44
55,62.53,7.67,0,0.31,1.0,110,94.75
55,72.38,15.83,2,0.29,1.0,110,50.74
76,93.66,18.54,2,0.68,1.0,80,68.68
55,70.97,16.88,2,0.66,1.0,110,58.79
62,105.89,15.78,2,0.18,1.0,110,39.68
84,102.45,2.71,2,0.78,1.5,30,434.83
15,69.95,9.6,0,0.61,1.0,50,42.54
76,61.78,9.38,2,0.66,1.0,50,103.8
15,68.13,15.24,2,0.77,1.0,50,31.2
62,48.25,24.04,0,0.31,1.0,110,135.92
68,78.08,11.01,2,0.33,1.0,80,58.57
15,71.45,17.01,2,0.36,1.0,80,19.32
68,40.69,17.59,2,0.24,1.0,50,105.89
76,83.81,11.41,1,0.87,1.2,110,124.98
76,87.61,3.3,2,0.29,1.5,80,149.39
84,85.41,22.04,2,0.88,1.0,110,74.01
84,105.13,15.66,2,0.46,1.0,110,56.8
15,60.35,16.14,2,0.97,1.0,110,32.16
15,43.89,13.24,2,0.66,1.0,80,33.21
68,71.08,19.37,2,0.34,1.0,110,64.95
68,106.16,6.93,0,0.9,1.2,110,92.84
84,62.3,22.58,2,0.64,1.0,110,92.68
62,91.14,21.15,2,0.76,1.0,110,56.02
62,57.17,18.21,0,0.92,1.0,50,138.83
76,55.59,19.22,2,0.73,1.0,110,94.85
55,57.31,18.83,2,0.37,1.0,30,117.56
62,61.6,24.81,0,0.22,1.0,110,105.71
15,81.24,16.41,2,0.7,1.0,110,23.42
84,92.48,5.13,2,0.32,1.0,110,59.41
62,87.51,7.32,2,0.9,1.0,80,63.08
76,91.19,14.06,2,0.6,1.0,110,61.32
68,54.7,19.85,2,0.3,1.0,50,87.71
76,43.11,19.3,0,0.69,1.0,110,188.7
15,90.59,9.39,2,0.36,1.2,30,42.04
55,92.54,9.8,2,0.14,1.0,110,40.49
68,81.13,10.13,2,0.64,1.0,110,61.22
55,40.15,22.44,1,0.7,1.2,50,176.58
62,75.17,23.09,2,0.75,1.0,50,84.73
76,102.82,21.84,2,0.49,1.0,110,52.65
62,68.59,10.02,2,0.19,1.0,110,59.63
84,105.96,24.69,0,0.36,1.0,110,88.42
62,64.95,7.89,1,0.95,1.0,50,141.45
55,54.12,11.88,2,0.15,1.5,50,103.31
76,64.01,6.24,1,0.97,1.0,30,271.84
55,57.88,13.65,2,0.62,1.2,110,80.84
68,95.94,14.02,2,0.19,1.0,110,47.26
62,105.65,3.23,2,0.44,1.0,110,67.69
68,93.45,13.75,2,0.47,1.0,50,88.93
68,70.27,20.79,1,0.28,1.0,110,104.79
68,109.32,19.12,2,0.32,1.2,80,67.83
15,105.25,10.61,0,0.45,1.0,110,22.66
76,56.41,18.83,1,0.26,1.0,110,140.73
76,50.7,3.52,1,0.22,1.0,110,156.47
76,74.63,8.9,1,0.68,1.5,50,240.66
84,70.35,20.56,1,0.33,1.0,110,125.8
62,81.64,9.47,0,0.78,1.0,110,91.71
62,96.35,7.29,1,0.13,1.0,110,68.72
62,103.31,6.56,0,0.12,1.0,110,63.71
84,107.62,22.97,2,0.84,1.0,110,61.81
76,45.66,22.12,2,0.46,1.2,110,127.13
76,86.27,11.08,2,0.91,1.5,80,101.37
15,67.35,23.77,1,0.7,1.2,80,38.77
15,101.87,9.29,2,0.33,1.2,110,16.71
76,49.15,15.14,1,0.82,1.0,110,167.34
76,81.75,21.22,2,0.78,1.0,110,70.23
68,81.39,9.24,0,0.95,1.0,110,100.02
84,109.55,4.12,1,0.89,1.0,80,120.41
55,105.19,11.15,2,0.73,1.0,110,45.5
76,89.43,2.78,2,0.52,1.0,110,93.38
84,69.1,18.75,2,0.95,1.0,80,89.15
76,44.83,24.27,2,0.33,1.0,110,106.81
55,67.05,11.35,1,0.12,1.0,110,85.45
62,49.25,15.7,2,0.48,1.0,80,84.44
76,100.29,20.7,0,0.18,1.0,80,99.27
15,55.71,14.7,2,0.97,1.5,80,42.42
55,97.34,24.91,2,0.44,1.0,110,42.88
76,72.92,19.7,1,0.79,1.0,110,117.89
84,77.56,24.03,2,0.11,1.0,110,70.35
76,43.22,10.12,2,0.39,1.0,110,110.54
68,42.13,11.97,2,0.89,1.5,110,162.23
55,70.75,19.16,1,0.43,1.0,30,192.62
68,103.15,13.69,2,0.88,1.2,110,63.17
15,79.42,5.73,2,0.91,1.0,110,27.66
55,83.4,5.39,1,0.11,1.2,110,82.12
76,91.77,11.97,1,0.66,1.0,110,94.84
15,98.44,19.52,2,0.58,1.0,50,27.98
62,99.03,18.51,2,0.72,1.5,110,69.52
55,52.23,9.48,1,0.67,1.0,80,117.43
84,46.35,17.35,1,0.68,1.0,50,193.9
68,53.21,15.09,2,0.81,1.0,110,89.52
76,67.27,15.95,2,0.91,1.5,110,116.33
76,42.69,8.33,2,0.36,1.0,30,159.14
62,70.06,12.15,0,0.46,1.2,110,113.51
55,98.94,2.24,2,0.45,1.0,110,62.59
55,83.94,6.3,2,0.58,1.2,80,59.21
55,81.18,9.9,2,0.31,1.0,110,46.47
84,65.28,21.6,2,0.75,1.2,110,106.18
68,65.62,21.07,2,0.13,1.2,110,78.44
84,70.68,18.71,2,0.71,1.0,110,83.22
62,93.41,17.28,1,0.88,1.0,30,221.41
76,97.17,19.51,1,0.32,1.5,30,386.59
76,63.96,12.13,2,0.63,1.0,110,83.01
84,99.72,7.84,2,0.85,1.0,80,76.95
76,78.39,4.67,0,0.15,1.5,50,231.87
15,44.75,4.49,2,0.52,1.5,110,60.54
55,84.8,19.76,2,0.11,1.0,30,115.03
62,61.96,12.18,1,0.85,1.0,110,114.11
62,72.42,5.63,2,0.77,1.5,110,91.1
76,66.81,22.05,2,0.96,1.5,50,153.4
68,52.97,24.18,2,0.69,1.0,50,93.7
84,104.55,19.28,2,0.79,1.0,110,60.76
15,69.38,24.57,2,0.93,1.5,50,42.27
62,70.4,5.11,1,0.27,1.2,110,111.46
84,92.88,15.92,2,0.35,1.0,30,176.28
76,70.54,24.56,2,0.65,1.0,110,78.49
62,88.16,9.42,2,0.23,1.0,110,46.84
15,43.73,21.49,2,0.54,1.2,110,35.75
15,45.09,4.27,2,0.37,1.5,80,56.85
62,60.36,8.13,2,0.33,1.0,110,68.77
55,87.16,2.18,2,0.27,1.0,110,68.45
62,107.41,16.6,2,0.48,1.0,110,44.73
84,102.72,11.54,0,0.88,1.0,110,98.98
68,67.97,24.68,1,0.48,1.0,110,108.91
76,62.35,11.03,1,0.94,1.0,80,138.48
62,54.87,21.72,0,0.29,1.5,80,175.02
55,109.16,20.02,2,0.2,1.0,80,46.88
55,80.37,5.81,2,0.41,1.0,110,49.91
68,69.1,20.1,2,0.59,1.0,80,69.9
15,72.1,18.03,2,0.39,1.0,110,19.55
15,51.23,9.81,2,0.14,1.0,110,21.34
84,67.79,6.0,2,0.82,1.2,110,105.17
62,89.88,10.46,2,0.33,1.0,110,47.56
68,108.0,3.92,2,0.21,1.0,110,68.18
76,92.05,9.8,2,0.19,1.0,80,62.79
76,69.67,13.71,2,0.59,1.5,50,148.53
15,93.27,14.07,1,0.4,1.0,80,27.41
55,68.98,7.84,2,0.49,1.2,80,66.73
55,96.59,13.97,2,0.43,1.0,110,42.43
62,85.3,23.1,2,0.83,1.0,80,61.26
84,75.7,7.62,2,0.88,1.0,110,82.3
55,102.98,9.73,1,0.89,1.2,110,79.05
55,66.95,21.24,2,0.83,1.0,110,63.25
55,105.64,4.96,0,0.85,1.2,110,76.75
15,95.0,9.39,0,0.93,1.0,110,32.85
68,44.56,3.15,1,0.16,1.2,80,186.63
62,59.71,3.78,1,0.73,1.0,110,114.97
68,83.65,13.08,2,0.99,1.2,80,77.07
62,68.21,2.38,2,0.42,1.0,30,215.94
62,93.35,11.87,0,0.25,1.0,110,72.92
76,84.07,20.29,2,0.42,1.0,110,60.3
84,45.39,2.66,2,0.77,1.5,80,289.97
84,83.18,14.28,1,0.25,1.0,110,106.39
76,59.76,20.7,1,0.78,1.0,80,140.13
55,94.05,23.34,1,0.4,1.0,110,67.04
84,107.91,14.69,2,0.99,1.0,110,62.41
76,109.77,10.63,2,0.87,1.0,110,55.06
84,54.43,11.26,0,0.73,1.0,80,169.98
62,108.18,6.45,2,0.61,1.0,50,85.23
76,68.51,18.07,2,0.82,1.0,110,82.47
68,61.52,24.65,2,0.25,1.0,30,141.49
68,77.33,21.73,2,0.29,1.0,110,59.6
15,106.1,13.9,0,0.83,1.2,110,31.88
68,84.38,7.91,0,0.11,1.0,30,230.02
84,109.08,9.04,1,0.59,1.2,110,102.86
15,61.37,24.43,2,0.74,1.0,110,28.61
15,84.91,20.82,0,0.99,1.0,80,36.88
76,93.13,3.56,2,1.0,1.2,80,131.88
55,109.64,4.64,2,0.15,1.0,50,112.97
84,61.01,19.4,2,0.6,1.2,50,133.18
76,46.47,11.89,2,0.92,1.0,110,113.23
62,56.96,7.6,2,0.28,1.2,80,85.15
55,94.49,4.15,1,0.11,1.0,110,62.26
68,108.74,3.45,2,0.83,1.0,110,77.63
55,93.04,14.96,1,0.58,1.0,110,69.47
68,103.74,2.34,2,0.94,1.2,50,180.79
76,71.81,12.91,2,0.13,1.0,50,96.56
68,69.87,16.6,2,0.54,1.0,50,91.43
76,70.94,16.82,2,0.42,1.0,30,159.78
68,63.59,8.8,0,0.91,1.0,50,150.8
84,92.94,19.94,2,0.49,1.0,110,65.28
55,90.53,22.33,2,0.22,1.0,30,113.72
15,97.61,7.31,0,0.98,1.0,110,32.49
68,62.65,21.7,2,0.57,1.2,110,88.05
84,52.99,20.22,2,0.18,1.0,30,174.61
84,56.77,21.77,2,0.84,1.0,80,105.16
62,87.87,2.45,1,0.86,1.2,80,108.28
62,106.78,13.75,2,0.97,1.2,80,72.58
76,101.44,4.3,1,0.78,1.0,80,107.27
68,83.58,5.64,2,0.5,1.5,80,85.35
76,80.1,11.23,2,0.97,1.2,80,84.53
76,106.28,4.31,1,0.96,1.0,110,88.35
68,77.87,22.52,2,0.75,1.0,50,94.65
68,70.01,22.01,2,0.98,1.5,80,104.67
84,103.7,23.06,2,0.73,1.0,110,60.38
76,70.76,3.39,2,0.61,1.0,80,116.4
68,107.07,6.99,0,0.36,1.2,110,83.69
62,53.78,16.78,2,0.81,1.0,110,82.27
62,76.62,22.68,2,0.56,1.0,80,59.67
76,48.67,14.98,2,0.81,1.0,110,107.77
76,68.1,14.92,2,0.98,1.0,80,84.32
84,73.37,23.17,2,0.7,1.0,110,81.21
68,43.62,6.85,0,0.36,1.0,110,162.85
62,57.68,19.15,2,0.8,1.0,110,78.04
84,101.11,19.08,2,0.47,1.0,110,59.74
62,61.12,21.49,2,0.37,1.0,50,82.24
15,97.4,24.9,0,0.53,1.2,110,27.79
84,101.43,8.89,2,0.24,1.0,110,55.69
84,86.92,12.66,2,0.35,1.0,50,106.54
84,98.5,7.28,0,0.82,1.0,50,181.14
62,52.26,12.9,2,0.13,1.0,50,80.51
15,70.07,13.21,1,0.71,1.0,80,32.92
15,68.21,23.77,1,0.82,1.0,80,35.99
15,92.72,14.73,2,0.43,1.2,30,44.27
68,47.4,8.39,2,0.59,1.0,30,146.99
84,104.67,16.7,2,0.15,1.5,50,156.3
84,62.08,20.23,1,0.79,1.0,30,293.76
55,105.37,22.56,2,0.75,1.0,110,45.65
62,71.0,13.3,2,0.19,1.0,30,128.94
68,72.67,4.31,2,0.44,1.0,80,102.85
68,83.05,24.48,1,0.29,1.0,110,87.79
15,83.34,14.18,2,0.14,1.5,30,48.2
55,47.94,2.76,1,0.29,1.5,110,178.81
68,54.88,10.62,0,0.72,1.0,110,136.72
68,108.72,11.45,2,0.19,1.2,80,66.14
68,51.8,20.2,2,0.61,1.0,110,90.39
84,55.12,18.76,2,0.99,1.0,110,109.42
15,60.47,3.87,0,0.48,1.0,110,32.4
62,89.14,13.41,2,0.96,1.0,80,62.68
15,64.12,16.39,2,0.35,1.0,110,21.78
15,87.58,10.08,2,0.72,1.0,80,23.18
55,72.23,22.86,2,0.97,1.2,30,147.95
15,80.48,18.11,2,0.14,1.0,50,22.35
15,106.96,9.88,1,0.27,1.0,110,20.49
55,99.21,23.74,2,0.16,1.0,50,69.47
55,44.5,6.46,2,0.87,1.0,80,87.74
84,73.83,20.17,2,0.8,1.0,80,82.53
76,43.51,16.0,1,0.85,1.0,80,187.72
68,51.57,23.51,2,0.88,1.0,110,92.97
62,80.19,13.52,2,0.51,1.0,110,56.61
68,87.79,23.64,2,0.88,1.2,80,76.4
68,40.26,7.99,2,0.58,1.0,80,110.68
84,43.05,7.0,2,0.98,1.0,110,133.97
76,67.47,11.22,1,0.1,1.2,110,139.15
55,70.41,5.46,2,0.71,1.2,80,70.79
68,76.23,21.75,2,0.27,1.0,80,58.19
62,61.27,8.1,1,0.56,1.0,110,110.12
68,40.43,13.68,2,0.73,1.0,110,113.23
76,65.08,3.97,2,0.88,1.5,110,191.34
84,109.31,19.89,1,0.32,1.0,50,176.97
68,54.85,6.64,2,0.71,1.0,80,88.09
84,66.2,8.26,0,0.85,1.2,50,216.39
15,67.54,3.48,1,0.81,1.2,50,50.06
62,46.58,16.28,2,0.37,1.0,110,89.22
15,41.16,6.3,2,0.44,1.5,110,41.47
55,57.54,3.84,2,0.44,1.0,80,104.47
68,43.82,21.37,2,0.46,1.0,110,102.98
15,62.7,7.42,2,0.96,1.0,110,29.1
55,86.32,18.59,1,0.18,1.0,80,71.93
15,83.81,8.81,2,0.82,1.0,80,26.32
55,109.42,8.96,2,0.62,1.2,80,58.31
84,94.5,7.72,2,0.91,1.0,110,68.82
15,49.11,24.25,2,0.2,1.0,110,23.4
68,65.85,4.27,2,0.19,1.0,30,232.53
15,55.15,8.06,1,0.79,1.5,110,54.25
84,84.71,10.92,2,0.17,1.0,110,65.76
76,85.47,12.76,2,0.45,1.0,80,63.64
84,82.26,22.6,2,0.9,1.0,30,182.63
62,109.05,14.01,2,0.62,1.2,110,51.26
15,100.18,23.63,1,0.38,1.0,80,26.58
15,60.08,9.41,2,0.35,1.0,50,26.07
62,90.53,20.65,2,0.77,1.0,110,53.65
62,54.29,17.95,2,0.46,1.0,80,75.59
68,105.93,21.55,2,0.93,1.0,50,99.14
55,85.85,12.25,2,0.85,1.2,80,63.58
68,55.29,15.87,2,0.44,1.2,110,96.45
55,51.69,7.12,1,0.5,1.2,80,137.59
68,104.5,16.71,1,0.71,1.0,110,77.9
68,88.69,4.72,1,0.23,1.0,80,92.12
84,74.18,7.95,2,0.75,1.0,110,81.69
84,82.69,11.35,2,0.68,1.0,30,179.6
15,47.89,3.66,2,0.74,1.0,110,44.71
84,91.41,4.78,1,0.39,1.0,80,113.48
62,107.46,23.41,2,0.76,1.5,30,200.94
68,102.63,7.72,0,0.78,1.0,80,98.99
68,49.59,5.98,0,0.69,1.2,80,176.6
68,50.55,16.27,2,0.65,1.2,110,109.01
76,58.11,9.11,1,0.84,1.0,110,144.88
55,69.36,6.1,2,0.79,1.0,110,62.41
55,49.53,7.76,2,0.82,1.0,110,78.81
15,108.39,5.74,2,0.54,1.0,110,17.76
55,73.67,17.5,2,0.6,1.0,110,55.3
15,47.62,12.88,2,0.65,1.0,80,31.31
55,40.18,4.33,2,0.97,1.0,110,153.54
68,60.4,21.65,2,0.39,1.0,110,74.19
76,47.75,10.11,1,0.44,1.0,80,168.32
62,107.18,12.54,2,0.32,1.2,110,48.62
84,71.48,8.41,2,0.9,1.0,110,85.49
76,48.87,9.97,2,0.61,1.0,50,103.04
68,55.22,9.69,2,0.57,1.0,110,83.74
84,77.19,21.06,2,0.16,1.0,50,106.29
76,107.08,12.01,2,0.7,1.0,50,104.43
68,95.63,24.14,0,0.34,1.0,110,78.85
15,94.85,17.18,2,0.25,1.5,80,22.62
76,67.67,9.67,2,0.28,1.2,50,114.61
68,100.47,15.71,2,0.83,1.2,110,63.7
62,68.16,19.59,1,0.85,1.0,110,105.84
15,75.45,22.03,1,0.48,1.5,80,38.24
76,48.77,9.47,2,0.89,1.2,110,125.59
84,86.06,18.51,2,0.15,1.0,80,68.22
68,87.72,6.75,1,0.85,1.0,110,91.02
84,82.23,2.72,1,0.38,1.0,50,176.07
76,77.36,12.41,2,0.14,1.0,110,62.51
62,56.6,11.8,2,0.66,1.0,110,77.33
68,43.67,8.75,2,0.25,1.0,80,99.39
15,64.08,22.89,2,0.11,1.0,30,33.62
15,47.81,23.17,2,0.24,1.0,110,25.32
62,43.02,24.41,0,0.95,1.0,30,223.22
55,99.27,11.54,0,0.39,1.2,110,73.04
15,69.0,24.48,2,0.88,1.5,110,34.67
76,57.88,22.34,1,0.71,1.0,80,144.0
68,62.63,7.99,2,0.43,1.2,80,88.55
68,106.75,21.31,2,0.68,1.0,110,52.54
62,86.11,5.46,2,0.61,1.0,50,86.97
76,42.27,20.88,1,0.82,1.0,50,193.13
68,65.32,15.83,2,0.6,1.5,110,105.8
62,78.1,23.86,2,0.84,1.0,110,61.89
76,64.95,6.4,2,0.89,1.0,110,84.87
76,88.65,11.23,1,0.42,1.0,50,160.04
55,48.96,19.37,1,0.98,1.0,80,130.28
55,94.2,18.39,2,0.45,1.5,110,61.0
55,42.24,3.05,2,0.18,1.0,110,133.53
62,107.12,6.74,2,0.14,1.0,110,39.11
68,65.33,5.93,2,0.45,1.5,110,103.65
62,68.84,17.04,2,0.94,1.0,110,68.29
55,72.29,12.87,2,0.96,1.0,110,60.8
68,104.72,20.78,2,0.49,1.0,50,91.0
84,52.57,4.86,2,0.23,1.0,110,164.27
55,96.3,14.35,2,0.15,1.0,110,38.66
84,98.34,18.69,2,0.36,1.0,110,59.19
15,46.52,3.06,1,0.27,1.0,110,38.33
15,69.51,11.07,2,0.49,1.0,80,23.46
68,99.5,24.91,2,0.41,1.0,30,143.78
68,46.97,9.05,2,0.31,1.0,50,94.22
76,87.26,5.92,1,0.93,1.0,80,111.28
76,53.94,23.63,2,0.73,1.0,50,102.61
84,57.54,9.16,2,0.64,1.0,110,98.49
84,87.27,23.45,1,0.72,1.5,110,156.9
15,63.69,11.17,2,0.49,1.0,50,27.16
15,73.86,18.76,2,0.4,1.0,50,25.63
15,106.34,4.96,0,0.47,1.0,50,38.84
76,80.68,24.05,0,0.76,1.5,110,154.27
68,49.63,11.63,2,0.94,1.0,50,97.33
15,99.78,19.75,0,0.66,1.0,110,25.31
15,71.12,23.73,2,0.67,1.0,110,24.03
68,66.56,21.28,2,0.61,1.0,110,72.19
15,84.37,14.44,2,0.94,1.0,80,27.77
55,53.06,16.64,2,0.19,1.0,80,67.25
68,59.63,17.5,2,0.41,1.0,110,77.58
84,60.72,9.5,2,0.26,1.0,110,88.73
62,105.72,19.95,2,0.38,1.0,80,55.19
68,96.69,24.64,2,0.6,1.0,50,94.02
62,58.26,21.96,2,0.12,1.2,30,151.42
62,101.08,8.84,1,0.44,1.0,80,87.16
55,91.63,2.06,2,0.63,1.0,110,69.96
68,83.34,12.53,2,0.91,1.5,110,88.87
62,86.08,3.83,2,0.42,1.2,110,94.92
62,83.88,6.0,0,0.4,1.0,110,80.78
68,40.51,24.73,2,0.43,1.0,80,111.96
68,88.58,19.66,2,0.42,1.5,110,78.05
55,104.21,12.57,0,0.96,1.2,110,80.77
55,55.41,21.24,2,0.88,1.2,80,85.97
68,79.22,6.69,2,0.35,1.0,50,89.68
55,63.45,19.91,2,0.49,1.0,110,61.57
55,97.25,12.48,2,0.68,1.0,80,53.79
84,52.04,11.68,2,0.12,1.0,110,100.13
15,62.53,9.98,1,0.5,1.0,80,32.39
15,72.59,24.99,2,0.45,1.0,50,26.92
62,100.54,17.98,0,0.66,1.0,110,74.51
76,55.07,8.43,1,0.55,1.5,80,218.5
68,42.37,11.3,2,0.83,1.5,110,160.04
68,51.5,3.29,1,0.94,1.0,110,149.06
62,99.82,6.47,1,0.29,1.0,50,128.57
84,107.64,24.4,0,0.95,1.5,110,134.55
84,98.18,8.49,2,0.17,1.5,80,100.16
76,107.85,24.64,1,0.88,1.0,80,110.4
62,87.5,15.4,2,0.87,1.0,80,62.18
68,89.29,18.75,2,0.15,1.0,110,49.53
62,44.47,10.2,2,0.6,1.0,80,94.75
62,56.12,7.82,2,0.46,1.2,110,89.32
76,94.65,9.24,2,0.97,1.0,50,106.48
15,54.3,19.63,1,0.12,1.5,50,48.35
15,44.08,5.59,1,0.72,1.0,80,45.28
62,105.75,6.29,1,0.53,1.0,30,216.19
84,57.28,9.11,2,0.37,1.2,110,112.09
76,74.25,19.17,1,0.48,1.0,30,260.67
76,82.15,12.44,2,0.55,1.0,110,65.56
15,79.19,2.5,2,0.91,1.0,110,33.59
55,88.18,13.79,2,0.68,1.0,110,50.53
76,64.87,9.76,2,0.71,1.5,50,149.02
68,78.27,14.81,2,0.44,1.0,110,61.45
68,52.62,2.36,1,0.57,1.0,80,139.86
55,51.48,2.6,0,0.36,1.5,110,167.41
62,83.56,3.29,2,0.53,1.0,30,214.79
62,52.55,15.18,2,0.36,1.2,80,92.69
76,65.45,24.88,2,0.53,1.0,110,78.44
76,45.11,21.9,2,0.62,1.2,80,131.06
15,108.4,20.32,2,0.24,1.2,50,26.59
84,95.09,9.23,0,0.52,1.2,50,210.78
15,51.85,13.75,2,0.3,1.2,110,25.7
68,90.68,6.28,2,0.85,1.0,110,60.04
62,94.97,14.64,2,0.94,1.0,80,63.78
76,54.9,3.81,1,0.32,1.0,50,158.7
62,62.97,20.87,1,0.52,1.0,80,108.19
55,74.18,2.62,2,0.45,1.0,110,84.36
84,96.21,22.22,2,0.46,1.0,110,60.39
68,97.35,20.05,2,0.78,1.0,110,54.73
68,84.02,19.53,2,0.87,1.5,110,87.81
15,67.23,22.46,2,0.49,1.0,80,23.24
84,72.52,11.76,2,0.38,1.2,50,128.32
76,108.16,11.13,2,0.32,1.0,30,159.85
15,102.41,2.17,2,0.57,1.0,110,24.15
84,98.21,12.66,2,0.22,1.0,80,68.06
84,90.91,21.11,1,0.22,1.2,110,115.6
68,46.74,8.57,2,0.17,1.2,110,109.82
84,97.0,19.32,2,0.85,1.0,80,77.4
84,83.26,12.58,2,0.38,1.0,110,68.21
84,56.03,6.62,2,0.34,1.0,80,97.04
55,89.8,5.4,2,0.13,1.0,80,44.13
55,98.79,8.72,2,0.6,1.0,110,44.01
84,76.47,18.57,2,0.51,1.0,110,74.95
84,99.93,7.31,2,0.23,1.0,110,57.48
76,63.43,10.72,2,0.29,1.0,80,78.09
62,83.83,11.56,2,0.76,1.0,110,57.83
68,44.91,24.55,2,0.27,1.0,110,96.74
68,100.31,5.47,1,0.18,1.0,50,141.87
68,99.55,18.17,0,0.21,1.2,30,274.6
15,45.58,11.24,2,0.42,1.0,110,28.74
76,85.74,17.77,2,0.12,1.2,80,73.19
76,93.19,16.96,2,0.65,1.0,110,60.43
55,58.1,8.55,2,0.44,1.0,80,64.58
15,86.18,15.23,0,0.28,1.0,30,56.02
62,74.86,11.17,2,0.17,1.0,110,54.12
62,45.21,2.48,2,0.75,1.2,110,177.98
55,94.08,8.11,1,0.95,1.0,110,74.93
15,88.36,15.22,1,0.63,1.0,80,28.98
15,44.51,4.29,2,0.83,1.2,50,54.99
68,93.79,8.64,2,0.57,1.0,30,146.95
84,96.17,4.3,2,0.2,1.0,110,91.31
68,66.91,17.47,2,0.3,1.2,80,79.34
62,98.86,5.36,2,0.5,1.0,110,48.41
62,107.49,9.46,2,0.29,1.0,50,81.31
62,96.38,9.59,2,0.44,1.0,80,54.97
68,96.04,24.36,1,0.27,1.0,110,77.41
68,69.41,24.28,2,0.75,1.0,110,72.04
68,70.45,11.34,2,0.84,1.0,80,73.5
84,47.74,21.08,2,0.27,1.0,80,110.24
84,92.48,3.64,2,0.26,1.0,50,174.82
76,87.16,18.77,2,0.2,1.0,80,59.15
68,76.48,8.57,1,0.78,1.0,80,102.2
76,102.07,18.83,2,0.3,1.0,110,50.54
84,44.21,24.38,2,0.93,1.0,50,130.25
62,98.27,22.25,2,0.87,1.0,50,89.18
55,89.88,3.6,2,0.53,1.0,110,70.61
76,42.13,17.48,2,0.94,1.2,80,144.93
15,98.03,2.92,2,0.64,1.5,80,41.37
76,72.12,24.3,1,0.66,1.0,30,265.03
62,72.27,18.29,0,0.68,1.0,50,134.7
68,80.12,24.48,1,0.42,1.0,80,93.53
84,104.82,2.55,0,0.96,1.0,110,95.66
15,79.56,16.46,2,0.6,1.0,110,21.98
84,85.16,22.11,2,0.72,1.0,110,72.75
84,62.06,10.05,2,0.62,1.0,110,90.79
15,52.28,20.54,2,0.87,1.0,110,31.75
68,69.78,22.48,2,0.58,1.5,80,99.94
76,60.85,23.85,1,0.17,1.0,110,130.79
84,54.66,23.82,0,0.91,1.0,110,169.2
15,93.93,20.89,2,0.72,1.0,110,21.57
68,102.52,16.64,2,0.7,1.0,110,53.13
15,64.85,24.49,2,0.85,1.0,50,31.58
84,55.76,14.27,2,0.8,1.0,80,103.89
68,45.89,6.17,2,0.69,1.0,50,100.59
76,97.32,14.97,2,0.75,1.0,110,59.4
84,43.42,22.19,0,0.23,1.0,110,199.19
15,48.63,21.45,2,0.63,1.0,110,30.05
76,47.99,7.53,2,0.97,1.0,110,110.78
15,53.33,24.6,2,0.74,1.0,110,27.78
62,69.65,6.29,2,0.22,1.0,80,57.94
68,58.16,15.39,2,0.12,1.0,110,73.69
68,86.17,21.7,0,0.52,1.5,110,128.5
55,76.62,23.26,2,0.86,1.0,80,58.65
68,53.05,17.2,2,0.29,1.0,110,84.21
84,96.62,15.13,0,0.79,1.0,50,180.88
55,108.85,7.58,2,0.37,1.2,110,43.31
84,42.84,16.09,2,0.49,1.0,110,126.25
76,82.69,12.2,0,0.59,1.0,110,103.65
68,77.68,17.45,0,0.44,1.2,110,115.73
84,73.8,6.24,2,0.4,1.0,80,75.92
84,90.37,12.17,2,0.41,1.0,80,71.22
15,72.12,8.3,2,0.84,1.5,50,41.65
68,73.13,24.34,2,0.43,1.0,50,88.95
15,42.99,25.0,2,0.16,1.2,110,29.8
55,103.42,15.46,1,0.9,1.5,30,290.82
15,76.05,17.91,0,0.82,1.0,80,34.25
62,43.37,17.46,2,0.92,1.2,50,119.73
55,62.98,22.01,2,0.3,1.0,110,60.23
15,84.69,19.29,2,0.4,1.0,30,37.4
68,88.27,22.85,2,0.12,1.5,80,80.0
15,56.18,11.07,1,0.55,1.0,110,37.25
76,40.88,18.73,2,0.44,1.0,80,122.74
76,97.85,12.4,2,0.98,1.0,80,74.24
68,84.67,15.53,1,0.68,1.0,110,91.23
15,59.94,11.58,2,0.57,1.0,110,26.49
84,61.54,4.91,2,0.87,1.0,80,154.76
15,68.12,12.54,2,0.78,1.0,80,26.81
62,64.34,17.64,1,0.48,1.0,110,105.97
76,70.32,5.3,1,0.25,1.0,50,158.39
15,42.97,12.64,2,0.8,1.0,110,35.32
62,99.34,15.63,2,0.89,1.0,110,51.54
76,105.52,24.75,2,0.99,1.0,80,73.64
84,69.68,13.74,1,0.97,1.0,110,136.63
62,98.89,17.58,2,0.58,1.2,80,67.84
15,61.91,15.51,2,0.23,1.0,80,19.38
15,98.32,3.04,2,0.38,1.0,110,21.22
76,52.92,8.28,2,0.73,1.0,110,99.83
62,58.76,10.63,2,0.96,1.2,80,91.2
55,55.29,14.48,2,0.73,1.0,110,74.4
84,87.92,6.99,2,0.86,1.2,80,89.34
62,51.92,6.66,2,0.87,1.0,110,86.85
76,47.6,20.21,1,0.13,1.0,110,164.66
62,42.94,17.7,2,0.6,1.5,80,140.76
15,93.29,23.95,2,0.85,1.0,110,23.26
15,49.22,10.81,1,0.68,1.5,30,87.75
15,65.87,10.11,2,0.45,1.0,80,23.64
55,83.74,24.73,2,0.16,1.5,110,64.1
55,82.94,4.2,2,0.33,1.5,110,107.02
62,77.44,14.78,1,0.97,1.0,50,143.12
15,96.02,14.03,1,0.19,1.0,80,24.23
76,47.94,11.98,2,0.6,1.0,110,106.28
84,68.69,13.31,2,0.37,1.0,50,108.9
55,41.75,15.12,2,0.12,1.0,110,83.43
84,72.11,24.58,1,0.16,1.2,110,145.67
15,108.46,21.09,2,0.76,1.5,110,22.92
84,106.94,22.23,2,0.5,1.2,110,65.2
55,61.62,12.45,2,0.46,1.0,110,62.56
55,60.3,6.29,2,0.76,1.5,110,95.56
62,83.28,5.01,2,0.71,1.0,50,86.27
62,109.73,10.9,2,0.36,1.2,50,98.06
76,61.56,8.41,2,0.22,1.0,110,79.35
68,96.26,12.4,2,0.83,1.0,110,54.87
62,91.6,14.98,2,0.7,1.0,50,85.33
55,95.87,20.09,2,0.99,1.0,80,58.61
62,64.85,22.53,2,0.68,1.0,80,70.33
76,98.96,8.54,2,0.21,1.0,110,51.34
15,48.69,11.66,1,0.47,1.0,110,39.65
68,53.95,20.91,2,0.11,1.2,110,93.15
76,72.66,11.66,2,0.49,1.0,110,71.24
68,79.52,3.7,2,0.91,1.0,80,102.57
15,67.62,3.59,2,0.27,1.0,30,54.31
62,71.68,13.65,0,0.16,1.0,110,91.58
62,94.73,7.66,2,0.39,1.0,110,48.61
15,103.51,23.18,2,0.56,1.0,110,18.03
84,48.89,13.56,2,0.4,1.0,110,111.02
15,98.34,17.81,2,0.32,1.0,110,18.22
55,69.29,2.88,2,0.71,1.0,110,92.17
55,49.29,20.67,2,0.32,1.0,80,73.87
55,94.33,11.93,2,0.47,1.0,110,44.66
68,54.59,5.75,0,0.6,1.0,50,148.12
15,64.09,24.78,2,0.78,1.0,110,28.68
55,102.2,14.89,2,0.53,1.0,50,76.02
15,52.45,3.18,2,0.33,1.0,110,35.5
55,104.45,12.16,2,0.59,1.0,110,42.33
68,89.75,21.1,2,0.91,1.0,80,66.64
68,104.73,4.38,2,0.38,1.0,110,72.83
55,106.33,2.95,2,0.65,1.2,80,94.12
68,101.45,24.39,2,0.72,1.0,50,94.04
62,71.18,10.17,2,0.88,1.2,30,164.24
15,92.0,5.96,0,0.51,1.2,50,46.68
76,47.0,17.91,0,0.66,1.0,110,171.69
76,75.21,3.78,2,0.42,1.0,80,110.34
76,48.34,7.63,1,0.83,1.0,110,171.83
62,55.82,16.71,2,0.46,1.0,80,76.09
15,72.61,3.33,1,0.6,1.2,110,34.05
62,48.96,12.92,2,0.5,1.0,80,83.8
55,97.9,17.42,2,0.15,1.0,110,37.76
15,47.81,12.14,2,0.3,1.0,110,26.01
68,108.94,22.96,0,0.79,1.0,30,239.65
84,58.85,20.84,2,0.98,1.2,80,120.5
62,66.15,3.78,2,0.68,1.0,110,106.76
68,87.64,7.69,2,0.33,1.0,80,55.44
62,48.8,12.93,2,0.44,1.2,80,101.54
84,51.85,4.5,2,0.37,1.5,110,249.44
76,79.17,5.82,1,0.57,1.0,50,161.55
55,93.82,18.53,0,0.28,1.0,80,75.5
84,97.27,23.0,1,0.59,1.0,110,97.77
84,53.44,13.23,2,0.82,1.2,50,136.34
55,59.82,20.54,1,0.36,1.0,80,99.52
76,100.61,23.59,2,0.96,1.0,30,168.04
55,78.17,11.73,2,0.6,1.0,110,52.24
62,107.32,24.52,2,0.99,1.2,80,72.04
55,96.56,8.0,2,0.34,1.0,110,43.02
55,93.05,16.75,2,0.8,1.0,110,50.92
15,85.75,21.28,2,0.39,1.0,30,38.95
84,56.37,3.84,0,0.65,1.0,110,160.47
76,50.8,10.21,1,0.37,1.0,80,154.77
84,71.44,14.34,2,0.73,1.2,110,98.07
84,99.27,7.56,2,0.16,1.5,80,99.75
84,109.27,13.01,1,0.44,1.0,30,289.33
62,44.74,24.85,2,0.25,1.0,50,89.0
68,91.71,2.68,2,0.47,1.0,110,81.91
84,55.89,14.73,2,0.25,1.5,80,140.47
62,84.72,6.39,2,0.52,1.0,110,53.66
55,45.36,18.24,2,0.35,1.0,110,79.63
62,55.94,16.31,0,0.54,1.0,110,122.28
68,54.99,16.38,2,0.58,1.0,110,84.3
15,109.09,20.99,1,0.75,1.0,110,26.96
15,74.13,2.93,2,0.86,1.2,110,37.98
76,88.54,18.27,2,0.74,1.0,110,65.17
15,72.66,22.65,1,0.84,1.0,110,36.11
76,69.92,10.4,2,0.58,1.0,110,76.07
62,85.7,7.34,2,0.87,1.0,110,58.25
15,92.35,14.81,2,0.38,1.0,110,17.08
68,49.13,10.05,2,0.66,1.0,30,146.86
76,79.56,16.06,0,0.88,1.0,110,110.75
68,100.73,11.01,2,0.59,1.5,110,71.89
15,100.36,5.63,2,0.64,1.0,80,20.88
62,40.79,6.63,2,0.54,1.0,50,101.03
62,100.65,2.5,2,0.59,1.0,110,71.07
55,84.7,22.66,2,0.77,1.2,30,144.59
62,45.33,17.01,2,0.27,1.2,80,106.03
76,82.42,6.87,2,0.75,1.2,110,78.62
68,63.13,14.38,2,0.59,1.2,80,89.01
55,96.68,11.37,0,0.15,1.2,110,73.93
68,45.12,15.56,2,0.43,1.0,50,100.29
15,60.44,19.9,2,0.75,1.0,30,43.57
62,66.2,12.67,2,0.11,1.5,80,87.99
76,56.03,11.02,1,0.99,1.2,110,180.74
68,71.94,6.72,1,0.24,1.0,110,100.87
76,92.1,19.16,2,0.68,1.0,30,165.82
62,74.38,9.06,1,0.16,1.0,110,86.2
55,53.06,23.36,2,0.21,1.0,110,67.48
15,71.72,22.1,2,0.89,1.0,50,32.19
68,43.47,13.49,1,0.92,1.0,110,174.62
55,47.75,8.64,1,0.46,1.0,30,193.31
68,40.25,16.15,2,0.21,1.0,110,108.18
84,54.11,9.85,2,0.63,1.2,80,123.94
55,87.67,14.71,2,0.76,1.0,80,54.03
15,108.63,14.38,2,0.52,1.0,110,18.35
84,91.18,12.65,2,0.65,1.2,110,77.88
55,69.98,12.69,2,0.71,1.0,30,121.77
62,68.34,22.69,1,0.7,1.0,80,103.31
68,105.74,20.61,2,0.28,1.0,30,142.89
84,91.04,7.79,2,0.98,1.0,80,79.05
55,60.44,15.74,2,0.5,1.2,110,75.41
84,105.5,11.01,2,0.69,1.0,80,74.28
84,61.15,8.38,2,0.1,1.0,110,88.32
84,48.25,7.34,2,0.26,1.0,110,109.48
15,60.37,15.5,2,0.21,1.0,30,37.07
68,105.71,12.55,2,0.2,1.5,50,127.36
84,78.48,3.8,2,0.19,1.2,30,340.15
62,88.0,18.26,1,0.89,1.0,110,87.13
76,90.61,11.04,1,0.78,1.2,110,114.52
55,58.0,19.27,2,0.49,1.0,110,63.82
76,89.34,17.61,2,0.23,1.2,80,73.79
76,83.26,17.3,2,0.24,1.5,110,87.67
84,48.19,2.37,1,0.36,1.0,30,287.21
84,85.98,19.13,2,0.18,1.2,30,205.95
68,102.84,24.53,2,0.93,1.0,30,150.75
68,67.53,18.59,2,0.81,1.0,80,75.4
62,72.1,6.6,2,0.24,1.0,80,57.2
62,97.46,6.1,2,0.12,1.0,110,40.98
68,61.79,15.41,2,0.41,1.0,110,75.12
15,105.47,3.49,1,0.16,1.2,110,22.5
15,49.25,20.72,2,0.63,1.2,50,33.56
76,71.67,4.94,2,0.61,1.5,80,170.02
55,92.66,3.55,1,0.52,1.0,80,81.02
68,86.35,5.63,2,0.31,1.0,110,55.23
55,41.68,13.38,0,0.99,1.0,80,147.98
76,75.41,3.02,0,0.92,1.2,80,136.8
15,77.44,12.56,2,0.25,1.0,30,33.78
84,59.99,10.02,2,0.47,1.0,50,109.95
55,42.61,13.51,2,0.63,1.0,80,89.58
68,49.65,24.58,2,0.66,1.0,50,94.44
55,105.38,5.32,1,0.32,1.5,110,84.89
15,63.0,2.62,2,0.2,1.0,110,28.91
55,104.97,7.48,2,0.11,1.2,50,82.49
84,43.34,8.63,2,0.23,1.0,80,122.57
62,65.96,5.97,1,0.89,1.0,80,108.27
62,78.24,7.46,2,0.54,1.2,110,67.46
76,63.43,9.35,1,0.83,1.2,80,157.53
62,90.16,11.8,1,0.3,1.0,110,75.31
68,74.13,10.77,2,0.9,1.0,110,72.38
55,60.52,9.43,0,0.65,1.2,80,120.97
68,106.96,19.14,2,0.37,1.0,110,48.07
68,67.54,24.19,2,0.94,1.0,110,79.0
84,102.32,19.28,2,0.96,1.0,110,64.24
62,45.68,20.3,2,0.87,1.0,110,96.67
55,72.01,11.48,1,0.85,1.0,30,199.49
15,96.63,13.62,2,0.77,1.0,110,20.96
15,107.2,3.55,2,0.88,1.2,110,31.97
62,67.34,4.52,2,0.13,1.2,80,114.8
84,88.68,7.88,2,1.0,1.2,80,93.64
68,98.8,24.21,2,0.6,1.0,110,51.87
76,44.42,8.16,2,0.97,1.2,110,139.15
15,69.03,22.78,2,0.21,1.0,110,17.46
55,92.97,21.25,2,0.88,1.0,110,51.44
15,67.51,22.23,2,0.54,1.0,80,21.92
76,79.81,4.68,2,0.25,1.0,80,101.41
84,51.1,11.15,1,0.4,1.5,110,255.17
55,66.53,23.37,1,0.38,1.5,110,132.52
76,77.58,18.51,1,0.24,1.0,80,102.63
55,43.99,6.73,2,0.49,1.0,110,84.23
68,64.31,12.22,0,0.22,1.2,110,131.19
68,64.83,22.41,2,0.6,1.0,80,72.51
84,43.94,11.95,2,0.6,1.0,80,127.72
76,67.17,11.69,2,0.53,1.5,80,111.32
55,58.7,7.01,2,0.62,1.2,110,78.96
76,79.47,5.62,2,0.92,1.0,80,73.58
84,48.62,10.79,2,0.41,1.0,80,111.03
84,83.96,24.86,2,0.74,1.0,110,73.86
62,55.84,24.43,2,0.17,1.5,80,105.16
76,67.94,15.64,2,0.32,1.2,50,116.35
76,75.34,23.89,2,0.66,1.0,50,102.57
15,63.98,23.92,1,0.52,1.5,110,45.13
15,59.62,18.43,2,0.2,1.5,80,28.04
55,107.33,21.72,0,0.7,1.2,110,72.86
84,88.34,3.06,2,0.47,1.0,50,176.64
68,88.52,2.33,2,0.39,1.2,80,111.24
68,82.23,11.51,2,0.61,1.0,110,61.75
62,66.71,18.9,2,0.67,1.2,50,101.43
15,84.45,8.71,2,0.83,1.0,50,30.94
55,96.26,24.52,2,0.74,1.0,110,48.2
76,58.1,9.49,1,0.92,1.0,110,147.32
84,89.11,10.92,0,0.25,1.2,50,207.63
62,69.06,16.46,2,0.13,1.0,50,77.67
55,62.54,2.95,2,0.11,1.5,110,134.98
62,66.15,20.03,2,0.88,1.2,30,163.08
84,84.59,19.17,2,0.68,1.5,80,107.33
15,40.8,16.29,2,0.38,1.5,80,38.76
55,41.12,14.94,1,0.17,1.2,30,224.6
76,104.12,11.36,1,0.19,1.2,110,92.99
15,100.03,10.62,0,0.45,1.0,80,26.87
55,63.11,10.7,2,0.29,1.0,30,116.18
84,73.72,14.17,2,0.17,1.0,110,73.94
62,78.73,7.64,2,0.67,1.0,50,86.57
15,83.18,5.97,2,0.53,1.0,110,22.18
55,63.67,8.96,2,0.58,1.0,80,62.85
68,103.02,9.41,2,0.74,1.2,110,61.01
84,93.54,11.32,2,0.95,1.0,80,79.23
15,76.5,17.72,1,0.64,1.0,110,32.22
68,71.81,15.59,2,0.95,1.2,110,83.37
55,67.64,7.86,1,0.72,1.0,110,94.43
76,64.23,20.86,2,0.65,1.0,110,82.97
84,109.2,17.52,2,0.32,1.0,30,174.49
15,63.3,21.68,2,0.62,1.0,110,25.9
15,63.97,15.05,1,0.44,1.2,50,44.36
84,73.92,23.31,2,0.75,1.0,30,180.69
62,85.33,24.22,2,0.99,1.0,30,140.47
68,46.79,11.95,2,0.21,1.0,110,91.21
62,72.97,20.42,2,0.16,1.5,110,80.95
62,48.15,22.23,2,0.66,1.0,110,89.96
15,58.17,15.38,1,0.5,1.0,30,58.37
76,78.81,16.53,2,0.71,1.0,110,69.62
76,84.18,9.28,1,0.47,1.0,110,100.78
76,41.84,12.36,2,0.59,1.0,110,118.34
55,99.38,14.13,2,0.57,1.0,50,77.09
84,45.22,11.27,0,0.56,1.0,110,196.39
76,92.28,13.72,2,0.92,1.0,110,64.19
15,51.49,7.09,1,0.37,1.2,50,43.03
15,75.35,18.07,2,0.7,1.2,80,26.59
68,99.68,16.38,2,0.96,1.5,110,78.0
76,85.65,3.21,1,0.66,1.0,110,102.26
15,107.44,6.95,2,0.64,1.5,50,37.94
15,72.78,11.52,2,0.33,1.0,50,26.72
84,106.53,15.37,2,0.48,1.5,80,104.35
15,49.94,16.91,2,0.36,1.0,50,25.35
55,67.69,13.84,2,0.17,1.0,110,53.24
68,103.22,5.85,2,0.66,1.0,110,50.82
55,62.8,2.7,0,0.46,1.5,110,139.71
62,51.92,17.79,2,0.57,1.0,110,82.52
84,76.59,16.22,2,0.81,1.0,110,81.09
84,61.75,24.98,2,0.65,1.0,110,93.26
15,98.07,14.69,2,0.75,1.0,80,24.4
55,60.8,15.28,2,0.54,1.2,80,74.68
84,86.47,17.71,2,0.7,1.0,110,71.3
76,73.28,13.83,1,0.65,1.2,80,136.25
15,91.9,9.55,2,0.92,1.5,110,33.22
76,56.27,8.85,2,0.38,1.0,110,89.56
55,96.21,12.96,2,0.55,1.0,110,45.5
76,57.87,16.68,2,0.93,1.0,110,94.82
62,109.65,6.54,0,0.17,1.2,80,98.78
62,47.78,20.28,1,0.83,1.0,50,146.15
55,108.08,5.47,2,0.53,1.2,110,46.3
55,76.98,20.48,1,0.57,1.0,110,83.18
76,89.73,4.1,2,0.98,1.0,50,168.92
76,107.46,11.21,2,0.73,1.0,80,70.76
55,82.92,22.2,2,0.63,1.0,110,49.6
62,46.64,15.79,1,0.36,1.0,80,142.96
68,97.97,20.21,2,0.97,1.0,110,58.41
84,78.63,23.74,2,0.85,1.2,110,90.55
15,44.36,14.0,2,0.29,1.0,50,28.31
15,106.51,11.86,0,0.21,1.2,30,64.88
15,94.15,22.04,1,0.64,1.0,50,42.03
68,99.87,22.84,2,0.84,1.2,110,64.67
15,77.12,23.81,1,0.51,1.0,110,29.67
68,109.57,17.81,0,0.84,1.0,80,98.55
62,67.5,22.39,2,0.75,1.0,110,67.39
76,41.12,21.62,2,0.66,1.0,80,122.05
76,109.14,19.55,2,0.78,1.0,80,69.89
15,101.03,24.31,2,0.82,1.2,110,26.14
62,65.34,23.51,2,0.36,1.0,80,62.75
62,108.47,8.05,2,0.89,1.0,110,49.18
84,42.74,13.85,0,0.16,1.2,110,240.35
84,97.58,17.22,1,0.76,1.2,80,139.23
84,63.94,5.78,1,0.77,1.0,80,144.81
68,57.3,7.96,2,0.56,1.2,30,173.31
68,93.71,16.21,2,0.64,1.5,110,74.67
62,45.82,16.8,2,0.98,1.0,50,98.11
84,74.81,18.06,2,0.5,1.0,80,76.75
76,77.38,7.45,2,0.53,1.0,110,69.19
84,42.79,20.99,2,0.41,1.0,110,126.12
76,64.84,23.95,2,0.37,1.0,80,78.38
68,57.22,22.18,1,0.13,1.0,110,122.44
62,86.28,18.18,1,0.83,1.0,110,87.28
76,86.47,14.03,2,0.37,1.2,80,75.83
68,82.65,4.66,1,0.97,1.0,30,244.27
15,85.99,19.41,1,0.4,1.0,110,26.34
55,96.18,17.21,2,0.56,1.0,80,51.66
15,56.76,14.49,2,0.89,1.0,80,32.44
15,55.07,18.53,0,0.62,1.0,110,37.35
68,51.26,23.4,2,0.54,1.0,110,89.8
55,105.31,18.55,0,0.3,1.0,110,60.39
55,56.63,7.85,0,0.16,1.0,110,103.71
84,79.92,7.44,1,0.44,1.2,110,136.79
55,83.34,18.82,2,0.7,1.0,110,51.49
55,107.23,4.06,2,0.97,1.0,110,67.82
55,74.99,16.52,1,0.13,1.0,80,77.43
76,83.06,12.49,0,0.13,1.0,80,98.97
62,103.15,16.97,2,0.18,1.0,110,40.47
84,48.4,19.27,1,0.99,1.0,110,189.45
84,68.71,20.59,2,0.3,1.0,50,108.49
55,106.65,14.96,2,0.82,1.2,110,51.56
15,105.23,5.34,1,0.37,1.0,30,58.11
15,75.4,12.48,2,0.65,1.2,80,26.46
15,60.61,14.62,2,0.63,1.5,110,34.85
62,52.07,15.11,2,0.8,1.0,80,85.29
15,40.28,18.56,2,0.38,1.2,110,34.96
62,53.79,17.65,1,0.1,1.5,80,175.77
84,53.8,6.33,2,0.42,1.0,50,108.23
55,68.34,8.53,0,0.9,1.2,50,147.63
76,46.87,14.05,2,0.52,1.2,110,125.33
55,66.42,5.14,0,0.78,1.0,30,196.82
84,64.83,2.71,2,0.93,1.0,110,146.58
84,45.41,23.84,2,0.91,1.0,110,127.12
68,93.95,17.26,1,0.46,1.2,110,96.59
68,57.7,5.56,1,0.46,1.2,80,150.24
68,107.59,6.15,2,0.48,1.0,110,49.1
84,53.87,7.02,2,0.44,1.0,110,104.41
62,102.91,6.08,1,0.6,1.0,80,88.43
84,99.01,15.49,2,0.17,1.0,50,104.98
68,67.42,20.25,2,0.55,1.0,50,93.45
15,60.88,16.15,1,0.52,1.0,110,34.19
68,70.33,14.59,0,0.18,1.2,30,276.92
84,93.73,10.11,2,0.46,1.2,110,72.34
68,90.77,13.47,2,0.91,1.0,80,68.4
84,83.73,4.69,2,0.88,1.5,110,163.48
62,53.32,10.01,2,0.3,1.0,110,75.93
55,58.44,6.6,0,0.76,1.0,110,107.12
15,65.63,12.07,2,0.54,1.0,50,26.53
62,85.91,5.57,1,0.45,1.0,50,133.33
15,92.08,13.18,2,0.23,1.0,30,36.54
55,109.5,16.97,1,0.28,1.0,30,188.44
62,63.94,4.71,0,0.4,1.0,80,105.89
15,81.65,5.34,2,0.3,1.2,50,27.12
84,100.58,22.21,2,0.47,1.5,80,104.73
84,47.74,7.06,2,0.98,1.0,110,122.12
68,60.43,13.26,1,0.52,1.0,80,125.57
62,67.15,14.78,1,0.45,1.0,110,102.37
62,52.51,8.8,2,0.43,1.0,50,81.57
68,89.5,3.62,2,0.59,1.0,110,87.47
15,107.01,13.19,2,0.84,1.0,80,26.62
62,94.66,17.78,2,0.48,1.0,30,130.67
62,62.29,14.13,2,0.45,1.0,80,69.37
76,75.13,10.27,1,0.22,1.2,80,126.63
15,65.7,19.91,2,0.53,1.0,80,23.83
76,65.2,22.46,2,0.23,1.0,110,74.6
68,109.74,10.18,2,0.83,1.0,80,65.88
62,40.56,23.2,0,0.34,1.0,80,159.48
15,97.39,22.25,2,0.83,1.0,110,26.14
62,75.39,17.97,1,0.87,1.0,80,97.34
15,82.71,11.36,2,0.15,1.0,80,14.78
15,81.73,11.43,2,0.27,1.0,110,19.24
84,56.46,16.58,2,0.47,1.0,110,98.4
84,106.39,10.31,2,0.8,1.0,110,63.17
68,44.91,6.76,2,0.43,1.0,110,98.96
62,91.38,23.19,1,0.42,1.0,110,76.26
68,100.17,23.68,2,0.24,1.2,30,169.11
84,94.88,19.96,2,0.99,1.0,50,119.12
15,46.83,18.74,2,0.61,1.0,110,30.2
55,91.3,16.15,2,0.25,1.5,110,59.55
76,56.05,5.65,2,0.74,1.0,50,104.81
15,96.98,21.52,1,0.74,1.0,110,29.32
68,73.26,11.7,2,0.14,1.0,110,58.93
55,41.26,16.0,2,0.31,1.0,110,86.1
15,106.44,24.76,2,0.52,1.0,110,19.0
76,71.14,5.89,2,0.65,1.0,110,75.65
62,52.18,13.24,2,0.35,1.0,80,77.47
55,65.29,5.3,0,0.89,1.0,30,198.05
68,79.75,21.21,1,0.74,1.0,110,99.21
76,43.02,6.58,2,0.19,1.2,50,132.13
68,77.04,13.83,2,0.12,1.2,110,68.42
68,101.39,10.76,2,0.88,1.0,80,66.22
55,89.4,4.73,2,0.97,1.0,110,78.67
55,52.79,4.83,0,0.12,1.2,110,128.9
76,76.09,5.63,2,0.95,1.0,50,107.82
15,82.17,6.46,1,0.99,1.0,110,32.58
76,64.0,9.51,1,0.65,1.5,80,188.68
62,70.51,5.03,2,0.56,1.2,110,73.4
55,81.93,6.15,2,0.69,1.0,110,52.32
15,63.35,8.98,2,0.12,1.0,110,17.6
15,58.46,4.91,2,0.76,1.0,110,39.0
15,61.07,13.12,2,0.43,1.0,30,39.29
84,64.46,15.69,1,0.38,1.0,110,138.87
15,97.13,18.29,2,0.36,1.0,110,17.42
68,80.62,9.8,2,0.7,1.0,110,63.63
84,56.52,8.55,1,0.67,1.0,80,160.57
55,107.97,4.93,1,0.25,1.0,110,57.64
84,94.07,24.34,2,0.34,1.0,110,59.23
62,51.3,17.44,2,0.92,1.2,110,102.58
84,82.49,4.83,2,0.66,1.2,50,213.01
76,70.15,4.64,2,0.3,1.0,80,115.45
55,66.33,19.1,2,0.13,1.5,80,78.77
68,95.17,18.45,2,0.11,1.5,80,78.73
55,40.54,3.16,2,0.66,1.2,110,174.59
62,104.6,7.45,2,0.24,1.0,30,128.11
62,105.98,5.83,1,0.24,1.2,30,253.32
84,68.54,17.52,2,0.53,1.0,30,177.44
84,80.5,7.46,1,0.54,1.0,80,115.05
68,48.33,5.75,2,0.92,1.2,80,118.54
68,64.8,17.97,2,0.66,1.0,110,72.52
15,83.04,18.48,2,0.18,1.0,80,16.29
68,69.97,15.31,2,0.25,1.0,110,63.53
76,76.18,23.1,1,0.16,1.2,110,122.94
84,65.74,19.99,1,0.14,1.0,110,132.05
62,76.93,2.67,0,0.71,1.2,110,110.96
15,101.53,16.82,2,0.66,1.0,80,22.3
68,109.38,5.1,2,0.64,1.2,110,54.72
76,101.94,19.37,2,0.94,1.0,110,58.94
76,72.8,3.79,1,0.96,1.0,80,119.84
84,84.89,3.48,2,0.59,1.0,110,109.48
62,43.15,3.86,2,0.22,1.0,50,147.72
68,71.76,21.58,2,0.13,1.0,110,60.83
76,88.76,23.54,1,0.27,1.0,110,91.32
55,40.3,14.77,2,0.4,1.5,80,130.54
15,84.06,13.61,2,0.12,1.0,80,14.04
68,60.69,22.62,2,0.19,1.0,80,73.81
15,75.54,16.39,2,0.33,1.2,110,22.01
15,100.18,13.32,2,0.28,1.2,80,20.15
76,105.41,5.4,2,0.84,1.2,50,123.9
55,102.24,11.79,2,0.5,1.0,110,43.26
15,95.58,10.2,2,0.98,1.0,80,28.47
84,100.81,3.47,2,0.65,1.0,30,290.53
76,74.91,23.49,1,0.48,1.5,80,162.55
84,66.07,4.55,2,0.62,1.0,80,140.07
55,74.0,8.98,2,0.54,1.0,110,57.15
76,42.92,10.73,2,0.2,1.0,80,111.27
62,43.26,13.96,1,0.19,1.0,110,146.88
15,97.73,3.81,2,0.68,1.0,110,27.96
62,82.76,20.64,2,0.81,1.2,50,100.88
55,50.4,2.96,0,0.95,1.5,30,290.45
55,61.33,3.22,2,0.75,1.0,110,102.59
84,41.23,12.25,2,0.37,1.0,110,130.22
15,86.96,18.83,2,0.8,1.0,80,26.01
76,107.66,10.69,2,0.23,1.0,80,63.05
76,104.07,8.36,2,0.69,1.0,110,58.02
15,44.16,11.24,2,0.64,1.0,50,30.18
55,65.76,17.42,1,0.32,1.0,110,92.3
68,70.17,5.18,2,0.22,1.0,80,62.16
68,62.44,15.15,2,0.6,1.2,80,90.7
62,86.78,20.39,1,0.25,1.0,50,130.0
68,46.55,11.2,1,0.71,1.0,50,157.66
76,55.97,6.43,2,0.77,1.0,50,103.72
68,101.67,10.13,2,0.5,1.0,110,50.67
62,60.34,17.17,0,0.6,1.0,50,134.64
62,100.37,13.03,2,0.75,1.0,110,52.28
68,52.32,12.85,1,0.61,1.0,110,140.97
55,75.87,19.78,1,0.15,1.0,110,76.9
84,43.0,18.55,2,0.34,1.0,80,124.43
55,97.46,15.27,1,0.14,1.0,50,115.17
55,103.26,3.88,2,0.11,1.0,110,57.09
84,100.92,11.65,2,0.55,1.2,80,87.26
62,65.44,21.76,2,0.29,1.5,110,90.8
15,63.72,7.89,1,0.28,1.2,110,34.94
76,45.97,9.22,2,0.43,1.0,110,107.44
55,82.91,12.77,2,0.79,1.0,110,53.49
15,61.04,20.34,2,0.49,1.0,30,38.89
84,83.94,5.33,2,0.24,1.0,30,171.57
55,74.68,22.99,2,0.14,1.0,110,47.46
68,89.71,16.63,2,0.29,1.5,110,74.99
62,91.33,13.92,0,0.57,1.0,110,78.15
15,76.72,2.3,2,0.76,1.0,110,32.97
76,88.73,3.92,0,0.33,1.0,110,90.69
76,80.0,24.68,2,0.15,1.0,110,62.33
84,64.21,16.21,2,0.97,1.5,110,134.86
15,54.76,19.57,2,0.65,1.2,50,32.93
84,81.9,10.6,2,0.22,1.5,110,98.93
76,99.0,8.21,2,0.27,1.0,110,50.42
76,50.02,9.57,2,0.27,1.0,50,99.23
15,92.61,3.83,2,0.73,1.5,80,41.81
62,48.97,20.53,2,0.22,1.0,110,80.35
68,49.55,19.46,2,0.64,1.0,110,94.12
68,79.63,8.02,2,0.62,1.0,110,62.84
84,41.93,20.64,1,0.21,1.0,110,206.04
55,50.35,13.69,2,0.57,1.2,110,89.51
84,97.22,19.12,2,0.29,1.0,110,57.45
15,46.18,11.45,2,0.52,1.5,110,38.53
15,70.51,5.44,2,0.77,1.2,80,29.98
84,106.88,9.21,2,0.31,1.0,110,53.44
15,50.15,11.3,2,0.28,1.2,110,27.78
84,60.5,18.82,2,0.97,1.0,110,101.05
15,70.64,21.68,0,0.89,1.2,110,39.73
15,64.54,22.96,2,0.34,1.5,50,34.35
84,48.18,10.6,1,0.89,1.2,110,225.1
62,75.49,5.45,2,0.22,1.2,50,95.68
68,84.13,18.47,2,0.86,1.0,110,64.56
76,93.27,6.29,2,0.7,1.2,50,121.5
55,95.56,18.97,2,0.15,1.0,110,38.22
55,50.1,9.62,2,0.73,1.0,80,78.63
68,77.15,23.23,1,0.64,1.0,110,99.78
55,91.31,4.16,2,0.59,1.0,110,71.05
68,107.17,18.85,1,0.29,1.5,110,100.93
84,61.27,19.06,2,0.37,1.0,110,91.03
15,75.82,2.66,0,0.45,1.2,110,32.35
62,57.25,13.67,1,0.72,1.0,80,121.68
76,41.82,11.31,1,0.59,1.2,110,230.13
62,76.99,4.82,2,0.65,1.5,110,132.46
62,61.29,17.2,1,0.79,1.0,110,115.23
84,87.86,20.35,1,0.75,1.0,30,292.55
68,91.89,23.21,0,0.1,1.0,110,77.94
68,63.82,2.05,2,0.31,1.2,80,135.44
68,43.16,10.87,2,0.84,1.5,80,156.77
68,46.41,3.29,2,0.96,1.5,50,235.8
55,104.52,23.3,2,0.98,1.2,30,147.79
68,53.7,5.72,2,0.32,1.0,110,81.85
68,75.0,22.45,2,0.35,1.5,80,90.93
62,92.85,23.32,2,0.38,1.0,110,49.64
84,93.01,3.16,2,0.37,1.0,110,97.26
15,76.59,19.75,1,0.92,1.0,110,35.91
68,89.05,21.4,2,0.81,1.2,110,68.18
15,45.71,21.09,2,0.88,1.0,110,34.42
84,92.04,22.38,2,0.23,1.5,110,86.64
76,81.64,19.88,2,0.97,1.0,110,73.09
62,57.87,8.35,2,0.15,1.0,50,78.97
62,84.0,18.8,2,0.29,1.0,80,53.79
15,74.47,3.97,1,0.21,1.0,50,35.37
68,59.5,12.21,2,0.71,1.0,110,82.03
55,89.55,18.64,2,0.7,1.0,110,49.68
62,57.48,23.66,2,0.89,1.0,110,80.47
76,103.05,2.71,1,0.76,1.0,50,165.83
76,66.94,20.0,1,0.98,1.0,80,130.78
62,50.48,19.15,1,0.31,1.2,30,253.06
84,78.62,11.26,1,0.8,1.0,80,121.13
62,60.83,3.93,0,0.47,1.0,80,109.84
62,94.05,6.07,1,0.19,1.0,80,84.95
15,86.71,16.84,2,0.2,1.0,80,16.69
55,94.76,13.37,1,0.2,1.5,50,169.5
62,85.85,5.65,2,0.72,1.0,110,56.86
62,96.91,13.38,2,0.51,1.0,110,49.36
62,42.01,16.19,2,0.93,1.0,110,103.71
84,93.99,22.69,2,0.86,1.5,110,95.25
68,105.95,12.03,2,0.15,1.2,110,49.48
62,107.96,4.98,2,0.72,1.0,110,71.55
62,101.71,9.89,2,0.73,1.2,80,68.48
55,41.54,6.87,2,0.53,1.0,50,90.58
68,57.06,7.9,2,0.55,1.0,80,82.79
84,97.57,4.83,2,0.7,1.0,110,98.31
68,45.95,2.52,2,0.83,1.0,110,161.33
76,85.31,21.49,2,0.6,1.2,30,193.24
76,87.76,5.11,1,0.78,1.2,80,127.82
15,40.85,8.63,0,0.31,1.0,50,44.01
62,109.04,2.35,2,0.56,1.0,110,67.46
84,71.51,19.24,2,0.53,1.0,110,79.11
62,94.15,24.13,1,0.85,1.0,110,80.02
76,68.57,11.4,2,0.23,1.0,110,71.98
76,79.69,18.9,1,0.3,1.0,30,260.56
55,71.36,3.12,1,0.16,1.0,80,79.5
84,103.65,13.2,2,0.96,1.0,110,64.36
15,75.45,19.63,1,0.85,1.5,110,45.18
55,44.8,22.63,1,0.38,1.0,80,131.21
76,106.79,9.58,2,0.79,1.0,110,54.43
15,64.79,2.66,2,0.66,1.0,80,35.13
84,66.61,10.28,2,0.35,1.0,110,82.67
15,97.64,17.6,2,0.75,1.2,50,35.03
84,72.49,8.85,2,0.92,1.0,110,88.07
55,43.57,22.98,2,0.97,1.2,110,109.53
15,40.73,24.58,2,0.94,1.0,110,37.27
62,47.72,8.19,2,0.34,1.0,50,86.23
84,47.15,17.52,0,0.64,1.0,80,189.33
76,66.85,3.58,2,0.76,1.5,50,240.9
76,91.04,18.48,2,0.72,1.0,80,70.76
68,103.23,24.97,2,0.8,1.2,110,61.35
15,71.54,14.05,2,0.76,1.2,110,26.47
84,62.82,14.46,1,0.12,1.0,110,138.53
15,70.03,19.53,2,0.99,1.0,110,28.37
84,77.35,9.73,2,0.91,1.0,80,81.51
68,109.44,19.32,2,0.37,1.0,110,43.46
62,89.97,22.09,2,0.13,1.5,110,65.94
76,49.73,23.04,2,0.72,1.0,110,105.67
15,62.38,12.65,1,0.42,1.2,30,68.79
68,85.49,17.74,2,0.71,1.0,110,60.32
76,92.62,17.08,2,0.55,1.5,30,237.74
55,98.44,11.64,2,0.5,1.0,80,51.38
84,81.94,16.62,2,0.79,1.0,50,114.34
84,95.34,7.4,2,0.43,1.0,80,70.99
68,80.64,9.57,2,0.79,1.2,110,74.73
68,65.27,21.11,2,0.94,1.0,30,153.79
68,63.63,10.78,2,0.11,1.5,110,99.31
62,99.53,15.02,1,0.45,1.0,110,71.7
68,45.29,8.59,0,0.87,1.0,110,164.83
68,107.97,13.73,2,0.62,1.0,110,50.21
15,106.63,11.4,1,0.58,1.0,50,41.26
55,42.14,4.1,0,0.46,1.2,110,165.99
15,51.8,3.48,1,0.62,1.2,50,47.64
76,59.02,2.34,2,0.83,1.0,50,166.36
84,89.54,14.3,2,0.62,1.0,110,66.48
15,40.89,22.74,2,0.88,1.2,80,38.98
84,100.3,22.77,2,0.83,1.2,110,74.96
15,95.01,19.69,2,0.43,1.2,80,23.72
68,73.51,6.09,2,0.57,1.2,80,77.76
55,43.74,13.72,2,0.58,1.0,80,86.68
62,49.16,5.15,2,0.87,1.2,110,106.08
62,72.62,12.56,2,0.95,1.0,50,89.96
68,41.9,18.33,2,0.56,1.0,50,106.47
76,56.46,11.91,2,0.57,1.0,80,92.82
68,42.86,10.07,2,0.62,1.5,110,152.6
84,46.41,9.74,2,0.74,1.0,110,122.37
55,59.71,10.01,2,0.97,1.0,30,126.2
68,78.08,20.42,2,0.97,1.2,80,80.62
76,109.76,7.34,1,0.97,1.0,110,87.0
84,96.26,11.95,2,0.92,1.0,50,117.02
62,69.32,17.1,1,0.49,1.0,80,96.71
62,101.01,12.86,2,0.74,1.0,50,86.87
15,81.28,17.67,2,0.86,1.0,50,31.11
55,68.67,2.59,1,0.72,1.0,30,196.55
84,104.76,14.69,2,0.29,1.0,110,56.87
84,46.75,3.61,1,0.48,1.0,80,188.65
62,82.73,11.66,2,0.78,1.0,30,136.82
55,99.85,16.98,0,0.5,1.0,110,64.41
68,48.31,5.38,1,0.4,1.2,80,177.39
84,90.6,24.3,2,0.28,1.2,80,82.98
84,79.36,3.72,2,0.3,1.2,80,134.8
15,56.72,22.42,2,0.27,1.2,80,26.34
62,50.9,5.78,0,0.39,1.0,110,128.78
15,50.89,6.74,2,0.8,1.5,110,38.89
68,102.75,10.78,2,0.64,1.0,30,147.62
62,106.28,8.88,2,0.53,1.5,80,79.17
68,76.74,8.55,2,0.27,1.0,50,87.14
76,104.52,15.01,2,0.67,1.5,80,95.7
55,53.5,5.05,2,0.3,1.0,110,67.24
55,101.39,10.55,2,0.91,1.0,110,49.95
84,109.35,16.08,2,0.33,1.0,110,52.47
76,65.47,10.59,2,0.54,1.2,110,94.09
15,99.65,21.96,2,0.7,1.0,50,28.94
68,40.23,3.08,2,0.3,1.0,50,176.02
15,75.21,12.49,2,0.85,1.0,30,45.69
76,51.9,24.36,2,0.44,1.5,30,235.3
62,87.94,12.73,2,0.66,1.5,80,82.46
15,82.09,21.07,2,0.65,1.0,80,23.25
76,47.4,2.56,2,0.92,1.0,110,176.18
55,63.04,11.44,2,0.4,1.5,50,106.72
84,91.21,6.01,1,0.62,1.0,80,114.67
68,88.43,18.36,2,0.47,1.0,110,56.2
76,47.89,3.85,2,0.17,1.5,80,242.51
62,43.67,15.32,2,0.48,1.0,110,92.97
62,63.93,17.54,1,0.42,1.0,30,215.99
62,93.34,10.4,2,0.93,1.0,110,56.05
62,76.3,9.47,2,0.18,1.0,80,55.36
15,88.24,6.3,2,0.68,1.2,80,25.15
76,74.81,3.39,2,0.83,1.2,50,197.3
84,53.17,7.04,0,0.77,1.0,50,179.57
68,41.27,15.99,2,0.28,1.5,110,155.22
55,77.87,9.28,2,0.94,1.0,110,55.92
76,102.6,17.65,2,0.69,1.5,50,149.18
76,87.5,21.01,1,0.59,1.5,80,153.38
84,67.94,16.38,2,0.41,1.0,110,81.16
76,89.07,3.02,1,0.16,1.0,80,98.05
84,77.09,8.29,2,0.11,1.2,110,81.48
62,48.23,15.81,2,0.91,1.5,110,130.72
84,85.77,16.27,2,0.17,1.0,80,67.96
68,54.77,2.15,2,0.54,1.5,110,197.09
84,77.08,24.6,2,0.62,1.2,50,132.24
15,43.02,20.42,2,0.9,1.0,50,34.71
84,55.2,4.45,1,0.16,1.0,80,156.54
55,53.46,6.16,2,0.98,1.0,80,78.25
55,63.68,7.02,2,0.91,1.0,80,67.08
62,43.93,23.16,2,0.63,1.2,80,112.73
15,57.3,18.46,2,0.42,1.0,30,37.73
76,109.39,9.72,1,0.2,1.0,110,75.2
62,76.54,23.91,2,0.65,1.0,110,59.55
76,75.8,21.28,2,0.26,1.0,30,158.0
55,49.28,23.16,2,0.38,1.2,110,88.46
55,93.43,21.98,0,0.32,1.0,80,75.46
76,93.06,17.38,2,0.95,1.0,80,74.29
68,96.53,6.4,2,0.15,1.0,50,85.9
15,109.8,19.13,2,0.29,1.0,110,14.98
68,84.64,16.51,2,0.3,1.0,80,57.75
84,108.05,15.78,1,0.39,1.0,80,113.06
62,63.83,4.59,2,0.12,1.0,50,127.99
15,90.7,10.87,0,0.83,1.0,50,46.57
15,75.23,3.4,1,1.0,1.0,110,36.47
68,76.12,22.94,0,0.79,1.0,80,103.98
76,85.99,22.6,2,0.98,1.2,50,125.66
76,104.39,11.82,1,0.68,1.0,110,85.14
15,86.27,22.27,0,0.37,1.0,30,56.87
55,68.9,18.02,2,0.32,1.2,30,138.11
62,54.62,3.54,2,0.55,1.2,110,145.83
15,42.96,16.91,1,0.95,1.2,30,77.85
15,43.74,9.09,1,0.66,1.0,110,46.73
62,109.08,8.9,1,0.76,1.5,50,200.41
76,63.17,12.63,0,0.42,1.0,110,128.7
76,53.0,17.99,0,0.36,1.0,80,151.26
68,98.23,9.14,0,0.17,1.0,50,139.8
76,109.95,21.54,2,0.86,1.0,110,57.48
62,74.56,22.33,0,0.15,1.0,110,86.63
84,65.8,17.99,2,0.92,1.2,80,107.12
55,94.8,10.44,1,0.51,1.2,80,91.79
84,42.54,7.17,2,0.59,1.0,80,128.28
76,108.06,13.43,1,0.27,1.0,110,78.06
15,55.76,11.51,2,0.79,1.0,110,31.26
15,44.2,11.0,2,0.23,1.2,80,30.58
84,53.45,7.08,0,0.32,1.0,110,165.01
84,92.82,12.11,2,0.98,1.0,110,72.14
76,69.68,7.25,0,0.58,1.5,110,174.79
68,97.9,19.69,1,0.11,1.0,110,72.64
68,50.63,6.13,2,0.47,1.0,80,90.42
55,56.35,20.58,2,0.85,1.0,110,72.63
68,57.81,21.82,2,0.44,1.0,110,77.3
15,76.56,23.33,0,0.2,1.0,80,22.62
76,93.64,17.21,1,0.49,1.0,110,90.16
84,63.51,21.39,0,0.31,1.5,110,204.28
76,102.56,7.89,2,0.85,1.2,110,67.43
62,103.81,9.5,1,0.74,1.0,110,73.77
76,82.67,18.5,2,0.29,1.0,110,60.27
62,63.17,13.57,2,0.22,1.0,110,63.4
68,108.94,15.99,2,0.44,1.2,50,107.52
55,76.44,10.19,1,0.4,1.0,110,80.75
84,40.13,9.83,2,0.45,1.0,50,135.55
62,104.62,5.36,2,0.17,1.0,50,79.09
55,105.1,21.7,2,0.84,1.0,80,55.18
15,71.63,23.63,2,0.22,1.2,110,19.44
15,66.25,4.57,2,0.81,1.0,80,35.58
55,80.72,21.69,2,0.84,1.0,80,54.9
68,58.58,6.11,2,0.86,1.0,110,83.2
84,41.6,8.26,2,0.13,1.0,50,126.32
55,74.01,19.48,1,0.96,1.2,50,148.08
76,104.31,15.26,2,0.48,1.0,110,52.88
84,54.58,20.26,2,0.9,1.0,80,110.35
62,81.66,14.6,2,0.58,1.0,30,134.56
62,63.32,10.89,2,0.53,1.0,80,69.52
84,43.72,6.41,1,0.35,1.0,50,198.82
15,101.92,19.8,0,0.85,1.0,80,33.76
84,83.75,16.32,1,0.59,1.0,80,114.76
55,101.71,22.78,2,0.76,1.0,110,45.91
55,49.49,10.84,1,0.28,1.0,80,117.69
84,59.99,20.19,2,0.81,1.0,50,116.22
76,56.34,4.31,1,0.8,1.2,110,176.14
55,95.31,20.02,1,0.7,1.0,110,70.41
76,70.31,13.23,0,0.54,1.0,110,117.06
15,57.82,2.67,2,0.52,1.0,110,36.31
15,68.69,9.19,2,0.97,1.0,80,29.19
15,48.74,24.47,2,0.94,1.0,50,34.97
55,64.84,18.33,1,0.2,1.0,80,91.19
55,84.85,3.44,2,0.12,1.0,110,69.52
84,42.55,2.08,2,0.72,1.0,110,209.42
76,87.85,4.33,1,0.23,1.0,110,91.31
62,60.64,22.83,2,0.36,1.0,50,81.2
55,40.91,15.71,2,0.65,1.2,110,108.61
68,72.18,24.54,1,0.72,1.0,110,106.41
68,66.21,21.79,2,0.58,1.2,80,85.14
62,95.95,12.79,2,0.93,1.0,50,90.23
55,107.48,17.85,2,0.73,1.0,50,79.03
15,85.19,10.38,2,0.91,1.0,80,26.6
55,57.99,15.96,2,0.18,1.0,50,70.09
62,67.26,2.67,2,0.95,1.5,110,155.15
84,75.23,19.43,1,0.34,1.0,110,119.69
76,46.52,9.69,2,0.15,1.0,50,103.13
15,96.92,19.63,2,0.51,1.0,50,29.21
62,57.41,5.87,2,0.58,1.0,80,75.45
55,66.37,3.79,2,0.63,1.0,110,95.41
76,44.54,8.14,2,0.32,1.0,110,111.23
84,86.24,15.39,2,0.67,1.0,80,74.68
68,106.31,21.44,2,0.72,1.0,80,64.73
68,95.46,3.95,2,0.22,1.0,110,76.86
84,42.38,11.83,2,0.37,1.0,110,125.31
84,68.34,20.51,2,0.86,1.0,110,87.5
55,42.68,22.07,2,0.31,1.5,110,122.62
76,105.62,2.29,2,0.44,1.0,80,104.29
62,54.92,21.95,2,0.79,1.5,110,115.03
68,97.15,2.47,2,0.92,1.0,80,99.5
15,64.92,2.96,1,0.37,1.2,80,33.09
62,56.48,23.42,2,0.67,1.0,50,85.58
62,83.14,4.66,2,0.99,1.0,80,94.71
62,44.03,5.89,2,0.72,1.0,110,97.43
76,94.14,4.38,2,0.34,1.0,110,88.33
15,105.37,10.46,2,0.64,1.0,110,19.22
84,89.53,20.71,1,0.55,1.0,80,115.0
68,79.11,2.06,2,0.22,1.0,80,91.46
76,91.87,17.53,1,0.11,1.0,50,155.56
15,107.67,8.48,2,0.99,1.2,110,28.28
84,63.92,9.58,2,0.87,1.0,80,95.93
76,101.42,8.83,2,0.96,1.5,110,84.29
62,77.28,7.16,1,0.65,1.0,110,91.77
68,70.16,23.35,2,0.78,1.5,110,101.72
62,52.27,4.06,2,0.91,1.2,110,158.7
76,81.71,2.31,2,0.94,1.0,110,111.02
76,62.02,16.45,2,0.55,1.2,30,192.43
76,41.05,3.62,1,0.12,1.0,30,258.11
76,47.41,7.11,2,0.85,1.0,110,111.62
62,101.98,16.22,2,0.7,1.0,80,59.42
55,91.57,2.38,2,0.65,1.0,110,70.38
15,47.24,12.66,2,0.11,1.0,80,23.02
68,42.68,3.12,1,0.67,1.0,110,171.03
68,41.78,24.61,2,0.61,1.5,110,156.81
15,91.47,8.25,2,0.26,1.0,80,17.75
62,107.94,18.0,2,0.38,1.0,110,43.45
76,107.94,11.09,2,0.97,1.5,80,101.58
84,88.45,7.78,2,0.36,1.0,50,108.7
84,79.42,18.36,2,0.16,1.0,80,69.06
15,86.84,13.34,2,0.13,1.2,30,39.06
55,50.57,20.94,2,0.51,1.0,110,76.36
62,103.12,3.62,2,0.25,1.0,110,65.74
76,84.88,11.18,2,0.16,1.0,80,62.95
68,90.16,24.38,0,0.13,1.2,110,95.52
55,67.73,15.54,1,0.72,1.0,110,93.21
68,54.26,19.55,1,0.74,1.0,110,137.76
84,100.87,19.48,2,0.78,1.5,30,264.18
62,100.88,15.17,2,0.98,1.0,80,63.35
68,72.93,8.41,2,0.64,1.0,110,66.18
68,83.92,2.28,2,0.23,1.0,110,85.33
55,57.18,17.06,0,0.49,1.5,110,154.15
62,98.56,5.75,0,0.92,1.0,30,222.21
62,53.61,6.6,2,0.92,1.0,110,85.16
76,68.56,13.75,2,0.51,1.0,110,75.49
55,86.46,14.0,1,0.58,1.5,30,285.11
68,80.71,6.16,1,0.66,1.0,30,238.71
15,56.4,13.83,2,0.85,1.2,80,33.27
84,106.39,2.32,2,0.68,1.2,50,214.48
84,68.15,20.54,1,0.91,1.0,30,295.2
15,88.08,11.05,2,0.98,1.0,110,26.45
55,43.06,2.8,2,0.83,1.0,30,197.25
68,44.57,3.79,2,0.22,1.0,80,157.29
15,74.42,9.45,2,0.8,1.0,50,30.95
76,90.79,3.13,2,0.47,1.0,50,159.29
62,44.47,8.67,2,0.24,1.0,30,130.07
55,73.12,14.92,2,0.27,1.2,110,60.05
76,46.08,2.5,2,0.88,1.0,50,180.36
68,52.08,2.65,2,0.62,1.2,110,167.51
62,64.65,10.4,1,0.96,1.0,110,110.74
76,41.99,17.88,2,0.23,1.0,110,113.73
62,70.64,4.17,2,0.82,1.2,50,162.25
55,95.88,19.88,2,0.88,1.5,80,75.44
15,52.66,6.26,1,0.81,1.0,50,42.53
68,65.19,8.31,2,0.98,1.0,80,79.55
62,84.02,16.77,2,0.23,1.2,110,58.91
62,53.11,16.58,2,0.69,1.0,110,81.66
62,40.16,8.13,2,0.11,1.0,110,96.92
62,92.06,11.09,0,0.33,1.5,80,123.9
84,63.54,15.48,2,0.39,1.2,110,102.05
15,49.02,19.31,0,0.24,1.0,110,34.95
62,106.35,20.85,2,0.89,1.5,110,69.18
15,51.7,19.47,2,0.22,1.0,80,23.35
55,72.31,17.13,2,0.45,1.0,110,54.58
76,56.29,17.23,2,0.69,1.0,30,164.85
15,61.49,7.04,2,0.4,1.0,80,22.91
15,109.86,21.28,2,0.27,1.0,110,14.93
68,82.15,15.0,1,0.26,1.0,50,142.2
15,71.88,9.75,2,0.8,1.0,80,28.78
68,58.85,11.59,2,0.36,1.5,80,110.02
15,104.63,5.89,2,0.18,1.0,110,14.04
55,59.72,15.21,0,0.53,1.0,80,102.89
84,84.64,9.06,2,0.89,1.5,50,166.54
84,77.01,8.7,2,0.87,1.2,110,94.34
68,91.3,18.94,0,0.42,1.0,110,82.58
68,91.92,5.39,1,0.48,1.0,50,145.57
15,104.42,22.24,2,0.42,1.0,80,19.31
84,96.35,9.15,1,0.53,1.0,110,96.4
15,56.19,10.45,2,0.31,1.0,110,26.21
84,57.97,4.87,2,0.43,1.0,110,153.93
15,80.26,8.0,2,0.12,1.0,110,14.62
62,64.12,19.21,2,0.98,1.0,80,74.86
76,71.44,6.55,0,0.75,1.2,110,140.29
76,57.2,15.17,2,0.76,1.0,110,94.32
68,88.52,8.02,2,0.26,1.5,80,81.52
55,97.87,2.06,2,0.34,1.2,110,73.32
84,98.11,5.93,2,0.64,1.0,50,113.84
84,105.83,16.86,1,0.97,1.0,110,96.09
84,82.17,21.56,0,0.82,1.0,50,181.92
62,74.32,16.3,2,0.42,1.0,110,58.39
62,74.21,21.78,1,0.92,1.2,110,116.21
15,75.53,19.93,1,0.43,1.2,110,32.71
55,99.64,10.76,2,0.26,1.0,50,71.63
84,52.47,4.15,2,0.66,1.0,80,171.44
62,43.74,24.54,2,0.52,1.0,110,95.19
68,45.0,24.59,2,0.87,1.0,110,106.34
15,52.84,15.88,0,0.65,1.0,110,39.47
62,59.85,22.05,2,0.48,1.0,110,70.34
55,43.43,21.26,2,0.83,1.0,80,91.85
55,100.9,2.2,2,0.37,1.0,30,190.85
84,53.58,21.48,2,0.67,1.0,110,105.4
84,40.48,16.44,2,0.63,1.0,110,137.51
68,40.61,5.64,2,0.32,1.5,110,158.75
68,74.8,7.04,2,0.86,1.0,110,69.06
62,83.61,15.42,2,0.9,1.0,50,90.06
84,107.81,19.29,1,0.41,1.0,110,86.19
15,98.92,14.31,2,0.3,1.2,110,17.76
68,102.36,3.87,2,0.8,1.0,110,80.92
68,60.2,13.74,1,0.68,1.0,110,126.12
68,109.87,20.94,2,0.48,1.0,110,47.76
15,100.26,3.24,2,0.92,1.0,110,30.13
76,93.29,6.97,2,0.51,1.2,80,78.44
84,74.53,12.34,2,0.59,1.0,50,111.62
55,82.39,24.65,1,0.81,1.0,80,83.85
68,78.31,12.57,2,0.69,1.0,50,92.45
15,60.47,11.1,2,0.36,1.5,80,28.85
76,73.37,24.81,2,0.42,1.0,50,99.3
68,98.77,19.94,0,0.43,1.5,80,133.75
76,108.47,24.94,2,0.46,1.0,80,66.35
15,82.01,6.98,2,0.13,1.0,110,14.25
68,64.83,23.12,2,0.95,1.2,110,92.54
68,77.0,22.02,1,0.83,1.0,110,102.09
76,41.3,17.32,2,0.66,1.0,50,119.97
55,72.57,22.4,1,0.19,1.0,80,80.28
76,90.29,10.54,2,0.68,1.0,110,62.23
62,81.65,24.97,2,0.1,1.2,80,59.17
84,76.63,17.2,2,0.32,1.0,80,72.24
62,61.07,15.09,2,0.16,1.0,110,64.85
55,97.98,12.7,1,0.8,1.2,80,97.06
76,44.12,14.18,0,0.13,1.0,80,176.63
84,84.89,8.4,1,0.12,1.0,110,103.03
68,104.85,13.98,2,0.56,1.0,80,61.75
55,93.07,20.93,2,0.79,1.0,110,48.06
15,107.37,5.42,2,0.61,1.5,110,23.53
55,106.9,11.8,1,0.56,1.0,110,60.75
68,65.04,19.54,1,0.89,1.5,30,355.38
62,56.71,12.29,2,0.29,1.0,50,81.97
76,95.77,15.48,1,0.84,1.0,110,95.56
68,98.96,14.63,2,0.96,1.5,50,138.37
68,95.7,19.89,0,0.26,1.5,50,209.48
55,88.15,19.64,1,0.54,1.0,110,71.44
76,67.4,9.96,1,0.35,1.0,80,120.63
68,99.97,16.02,2,0.62,1.0,110,51.97
62,52.05,5.73,2,0.69,1.5,80,119.17
15,71.82,20.08,2,0.71,1.0,110,25.56
62,48.89,6.31,0,0.66,1.0,80,139.94
15,69.44,15.56,2,0.36,1.5,110,26.68
55,61.15,15.39,2,0.9,1.2,80,80.89
76,88.05,19.07,2,0.44,1.2,30,190.47
55,94.8,21.21,2,0.51,1.0,110,44.69
68,42.21,11.96,2,0.72,1.0,110,106.32
68,107.2,8.25,2,0.48,1.0,110,46.65
68,78.23,10.62,1,0.86,1.0,110,101.47
84,109.01,23.68,2,0.57,1.0,80,75.14
15,108.39,24.41,1,0.79,1.2,80,37.02
84,102.36,3.75,2,0.31,1.0,110,87.36
68,71.04,15.9,1,0.91,1.0,80,111.75
76,51.76,23.17,2,0.75,1.0,110,101.13
15,53.9,2.08,2,0.39,1.0,80,36.21
84,83.52,24.0,0,0.48,1.0,80,113.74
55,103.74,13.31,2,0.48,1.2,80,57.69
68,58.3,11.51,2,0.81,1.2,110,98.44
84,72.18,5.54,2,0.87,1.2,110,97.34
55,52.0,10.55,2,0.5,1.2,110,85.76
15,80.96,19.78,2,0.28,1.0,110,17.31
68,56.28,24.13,2,0.46,1.2,30,170.24
84,61.34,21.93,2,0.21,1.0,110,86.12
55,69.24,4.91,2,0.63,1.2,30,229.76
76,84.11,18.48,2,0.25,1.5,80,91.66
76,43.22,8.58,0,0.97,1.0,50,192.05
62,105.49,7.23,2,0.24,1.0,80,51.22
55,40.28,6.54,2,0.73,1.0,50,94.74
76,105.15,13.01,2,0.77,1.2,80,82.43
55,104.56,17.93,1,0.27,1.0,80,75.44
84,67.97,11.43,2,0.88,1.0,30,182.05
15,93.37,3.3,2,0.51,1.5,80,36.88
55,49.65,19.07,2,0.95,1.0,110,83.77
62,89.4,15.28,1,0.36,1.0,80,84.71
62,48.22,11.59,2,0.26,1.2,50,99.44
76,54.26,20.32,1,0.82,1.0,110,152.34
55,45.95,15.4,2,0.88,1.0,110,87.59
68,62.28,24.99,2,0.18,1.0,30,140.29
55,99.44,15.51,1,0.11,1.2,110,68.31
68,92.54,22.21,2,0.39,1.5,110,73.18
55,80.05,8.85,2,0.71,1.0,110,55.3
84,71.64,9.17,2,0.61,1.2,80,96.14
15,48.03,21.38,2,0.21,1.0,50,24.34
76,89.09,16.86,1,0.97,1.0,80,110.83
15,64.3,21.35,0,0.98,1.0,80,39.75
55,56.18,24.22,2,0.11,1.0,80,61.72
62,72.93,24.54,1,0.67,1.0,110,98.05
55,66.38,19.11,2,0.11,1.0,80,53.41
55,106.58,22.69,1,0.92,1.2,80,99.23
15,59.83,15.61,2,0.78,1.0,110,28.45
55,47.47,23.1,2,0.92,1.2,50,98.87
15,66.65,12.37,2,0.57,1.0,110,23.7
15,72.62,15.92,0,0.9,1.0,30,65.07
55,74.25,21.98,2,0.83,1.0,50,78.24
68,107.25,21.06,2,0.45,1.0,110,45.18
76,40.76,2.13,2,0.54,1.0,80,197.45
62,50.26,5.37,1,0.36,1.2,110,155.18
55,61.08,7.64,2,0.6,1.0,110,65.19
62,71.27,17.31,2,0.35,1.0,80,60.45
84,105.77,16.81,0,0.12,1.0,110,83.19
84,73.33,9.31,2,0.4,1.0,110,79.18
68,54.14,24.3,2,0.61,1.2,110,102.57
84,56.47,6.03,2,0.98,1.2,80,123.15
76,66.9,21.6,2,0.63,1.0,110,79.8
76,50.43,8.39,2,0.11,1.0,110,94.2
55,107.59,9.79,2,0.61,1.2,110,49.11
68,73.81,17.4,2,0.62,1.0,80,66.98
55,95.69,2.85,2,0.68,1.5,110,97.29
15,57.78,18.07,2,0.31,1.2,80,26.3
15,62.77,11.7,1,0.32,1.2,80,37.04
76,109.55,18.97,2,0.22,1.0,50,97.57
84,101.55,10.0,2,0.3,1.2,80,81.81
68,92.45,3.68,2,0.74,1.0,110,86.18
15,99.04,11.61,2,0.99,1.0,110,27.86
15,90.45,23.58,2,0.84,1.0,80,24.74
76,85.95,10.98,2,0.49,1.2,110,73.58
62,76.75,14.55,1,0.52,1.5,110,131.67
55,89.9,14.72,2,0.13,1.0,30,112.5
76,77.96,17.24,1,0.39,1.0,110,104.97
84,76.24,15.62,2,0.18,1.2,110,82.83
15,47.74,4.42,2,0.8,1.0,50,46.64
84,75.52,2.91,2,0.84,1.2,110,148.93
68,61.45,10.8,2,0.11,1.0,80,69.39
76,89.78,19.81,0,0.55,1.0,110,95.41
76,88.45,11.16,0,0.18,1.2,30,307.85
55,52.86,7.27,1,0.13,1.0,110,109.51
84,67.95,19.16,1,0.38,1.0,80,131.35
84,54.78,2.61,2,0.12,1.5,50,255.02
15,106.88,22.27,1,0.41,1.0,110,24.16
68,61.83,4.68,2,0.99,1.0,110,127.62
15,92.77,22.27,1,0.41,1.5,110,32.89
15,74.78,3.06,2,0.79,1.0,110,34.85
68,50.87,20.93,1,0.48,1.5,80,207.88
84,96.78,17.74,2,0.96,1.2,50,135.26
15,45.34,23.39,2,0.93,1.0,110,37.13
84,65.32,15.34,2,0.63,1.0,50,112.87
84,103.43,22.99,0,0.17,1.0,80,108.97
15,75.87,3.46,2,0.98,1.0,80,37.3
15,72.72,5.59,2,0.3,1.2,30,40.79
55,76.17,6.2,2,1.0,1.5,110,80.16
15,69.35,22.4,1,0.46,1.0,110,29.6
76,99.48,20.35,2,0.73,1.2,110,68.25
62,68.94,18.11,2,0.71,1.0,80,66.79
84,70.47,12.38,2,0.93,1.0,110,87.41
76,105.23,12.56,1,0.93,1.0,80,111.82
15,69.61,17.49,2,0.39,1.2,50,30.12
76,62.74,21.46,2,0.51,1.0,110,81.32
15,46.42,19.88,2,0.87,1.0,110,33.78
55,50.37,6.32,2,0.65,1.2,80,90.43
55,50.04,13.68,2,0.24,1.0,110,70.96
68,109.45,4.28,2,0.58,1.0,110,73.24
55,52.5,20.94,1,0.52,1.0,50,119.77
68,83.84,20.84,2,0.33,1.2,50,103.47
68,80.63,9.83,1,0.27,1.0,110,93.12
84,71.53,5.89,2,0.37,1.0,110,78.81
84,80.28,21.0,1,0.49,1.0,110,115.09
55,64.11,2.26,2,0.54,1.0,110,96.78
15,76.04,21.96,2,0.8,1.0,30,44.96
15,48.72,17.04,1,0.78,1.0,110,45.58
15,78.28,23.98,2,0.61,1.0,50,29.66
76,103.03,20.11,0,0.47,1.0,110,84.2
84,104.03,10.01,1,0.3,1.0,50,172.98
84,44.77,8.95,2,0.49,1.0,80,122.63
62,53.09,10.3,2,0.88,1.0,80,83.52
62,95.82,4.74,2,0.39,1.0,80,86.13
76,67.81,7.66,1,0.87,1.0,80,126.24
76,73.27,6.94,1,0.16,1.0,80,107.25
62,60.63,4.07,1,0.79,1.5,80,166.76
55,77.71,21.4,0,0.64,1.2,110,97.13
55,98.85,12.08,1,0.59,1.2,80,93.08
84,95.75,7.8,0,0.46,1.2,50,209.54
55,42.14,19.29,2,0.35,1.0,110,85.12
84,83.49,11.65,2,0.96,1.0,110,77.0
76,104.86,11.87,2,0.99,1.0,80,73.38
62,99.83,6.73,2,0.11,1.0,50,78.44
84,59.39,7.09,2,0.79,1.2,110,114.91
84,91.73,3.88,2,0.41,1.0,80,112.25
55,102.31,24.21,1,0.73,1.2,110,77.28
55,99.9,20.94,2,0.14,1.0,80,43.38
62,49.81,10.24,2,0.61,1.0,50,88.66
62,84.13,3.58,1,0.59,1.0,110,85.65
84,102.03,10.13,1,0.24,1.2,110,105.03
15,93.25,15.97,2,0.81,1.5,80,31.23
68,55.29,16.89,2,0.1,1.2,110,91.39
84,70.34,18.2,2,0.51,1.0,80,80.5
84,67.7,17.09,2,0.81,1.2,80,103.23
84,88.3,16.77,2,0.29,1.2,80,81.57
62,85.07,19.71,2,0.26,1.0,30,129.22
76,104.68,8.07,2,0.14,1.0,110,47.46
76,107.97,14.64,1,0.86,1.0,110,84.59
76,73.63,4.75,2,0.64,1.0,80,113.38
55,57.36,2.89,2,0.81,1.0,80,109.98
62,105.75,9.27,2,0.74,1.2,110,56.95
55,102.86,5.86,2,0.8,1.0,110,46.59
84,104.56,12.02,2,0.51,1.0,110,58.4
55,52.46,3.78,2,0.86,1.0,30,199.97
84,59.02,7.34,2,0.3,1.0,110,91.64
68,48.02,3.22,2,0.14,1.0,50,147.02
15,87.52,5.35,1,0.63,1.0,80,30.47
15,48.4,7.69,2,0.22,1.5,80,33.45
55,70.28,2.97,1,0.17,1.0,50,113.25
68,92.9,8.84,2,0.97,1.2,110,68.54
62,68.74,13.59,2,0.7,1.5,50,123.92
55,108.51,21.49,2,0.23,1.0,110,33.93
55,57.64,2.51,1,0.69,1.5,50,177.41
76,73.13,12.62,2,0.37,1.0,110,70.38
55,44.08,14.96,2,0.22,1.0,50,80.27
68,49.87,16.07,1,0.68,1.5,110,216.04
84,48.63,12.75,2,0.48,1.2,80,133.01
68,45.57,2.46,2,0.59,1.0,80,158.78
84,107.81,17.38,2,0.99,1.0,80,80.37
68,61.34,13.07,2,0.29,1.2,110,86.29
15,78.88,8.73,2,0.47,1.0,110,19.55
55,51.82,19.15,2,0.87,1.0,110,78.45
55,75.71,24.29,2,0.47,1.2,110,61.6
55,76.3,12.12,2,0.75,1.2,110,64.78
55,62.11,15.33,2,0.6,1.0,80,62.92
15,52.77,13.22,2,0.28,1.0,110,24.5
84,108.03,20.6,2,0.31,1.0,30,174.9
15,45.78,21.37,1,0.54,1.0,110,42.74
76,62.86,16.93,2,0.68,1.0,110,84.51
15,109.14,13.21,1,0.79,1.0,110,28.09
15,52.58,14.32,2,0.91,1.2,50,37.74
68,77.22,20.86,2,0.31,1.0,110,60.55
62,108.09,19.11,0,0.25,1.2,80,97.4
55,88.99,24.86,2,0.76,1.0,80,55.12
68,56.55,9.32,2,0.76,1.0,110,85.24
84,44.51,11.59,2,0.22,1.0,30,173.5
62,94.17,11.07,2,0.19,1.2,110,52.36
62,97.27,6.19,0,0.95,1.0,110,79.14
15,102.47,10.86,2,0.22,1.0,110,15.3
68,58.73,5.05,2,0.71,1.0,30,148.55
84,101.42,14.07,2,0.88,1.0,30,184.28
76,77.4,21.92,2,0.82,1.5,110,102.91
55,64.98,18.94,2,0.78,1.2,110,75.2
84,43.63,10.8,2,1.0,1.0,110,132.54
76,91.26,19.85,0,0.28,1.5,110,130.52
62,74.39,3.54,2,0.9,1.0,110,98.31
15,108.26,18.39,2,0.68,1.0,110,21.92
55,77.63,17.06,2,0.99,1.2,110,67.48
15,104.2,4.51,1,0.31,1.5,30,82.43
15,53.63,24.59,2,0.95,1.0,110,35.04
62,108.78,12.35,2,0.37,1.0,50,81.43
84,94.26,6.9,1,0.28,1.0,50,172.8
76,103.97,9.88,2,0.97,1.0,110,59.0
76,80.73,23.57,1,0.51,1.0,110,102.97
68,85.03,13.92,0,0.99,1.2,80,117.95
62,46.13,13.39,2,0.91,1.0,110,95.21
15,57.29,20.43,2,0.37,1.0,50,26.78
76,77.87,8.76,1,0.88,1.0,80,112.96
55,41.44,6.92,1,0.13,1.0,80,137.16
15,62.8,6.47,1,0.9,1.0,110,40.14
76,64.46,17.64,2,0.97,1.0,110,87.18
55,83.87,23.46,2,0.64,1.0,50,77.91
68,53.42,5.26,2,0.12,1.0,110,80.53
15,84.74,23.93,1,0.77,1.0,110,31.7
84,75.98,21.1,1,0.44,1.2,110,141.47
76,102.37,12.02,2,0.74,1.0,110,58.14
84,94.75,17.98,2,0.56,1.0,80,73.29
15,50.88,16.48,2,0.6,1.2,50,33.45
68,43.51,12.93,0,0.75,1.0,50,170.28
55,83.78,21.25,0,0.97,1.0,110,81.17
62,61.07,23.64,1,0.93,1.5,50,202.2
84,58.75,3.38,2,0.66,1.5,110,225.18
84,61.21,4.25,2,0.26,1.0,110,142.94
68,64.79,4.67,2,0.28,1.2,30,278.38
15,94.8,19.46,2,0.96,1.2,80,30.93
68,86.95,11.44,2,0.69,1.2,80,73.32
15,105.17,15.5,2,0.27,1.5,110,19.4
55,75.24,15.16,2,0.53,1.0,110,55.32
62,100.16,10.9,2,0.41,1.0,80,53.95
55,43.57,17.95,2,0.48,1.0,110,85.01
55,56.71,21.23,2,0.31,1.5,110,93.01
55,95.14,18.88,2,0.24,1.0,50,71.47
76,62.83,12.21,2,0.66,1.0,80,82.26
76,69.82,14.28,1,0.83,1.0,80,123.31
76,91.46,9.81,2,0.76,1.2,80,81.05
68,87.96,20.53,2,0.77,1.2,110,69.94
76,62.33,10.6,2,0.88,1.0,110,89.45
15,81.08,9.12,2,0.84,1.0,110,25.18
84,91.45,6.48,2,0.63,1.0,30,180.42
62,52.91,14.02,2,0.17,1.0,50,79.94
68,85.09,6.1,2,0.37,1.0,80,59.11
84,71.88,18.07,0,0.45,1.0,30,288.28
62,82.17,12.32,0,0.35,1.0,80,83.46
55,101.87,9.87,1,0.64,1.0,110,67.45
62,109.24,22.7,1,0.9,1.2,110,82.9
55,88.38,23.42,1,0.16,1.0,50,116.29
84,52.11,2.17,2,0.25,1.5,50,260.35
55,52.38,14.53,2,0.3,1.2,110,82.11
62,70.42,18.07,2,0.79,1.2,50,102.79
15,60.46,3.05,2,0.14,1.0,110,27.24
15,45.02,8.73,0,0.75,1.2,110,52.63
84,78.67,20.02,2,0.92,1.2,110,90.7
68,71.22,11.84,2,0.76,1.2,110,81.91
68,56.77,11.99,1,0.89,1.0,50,151.41
55,109.27,14.28,1,0.69,1.0,110,62.46
15,71.05,9.9,1,0.92,1.2,80,40.57
76,82.94,9.93,2,0.29,1.0,50,97.43
15,44.18,4.55,2,0.77,1.2,50,55.01
76,43.9,23.13,2,0.49,1.0,80,114.41
68,70.2,18.31,2,0.81,1.0,110,71.14
62,94.06,7.87,1,0.44,1.0,110,73.81
55,88.96,9.49,2,0.29,1.0,80,48.7
62,43.48,17.06,0,0.15,1.0,110,146.06
62,100.06,6.38,2,0.35,1.0,110,44.17
15,61.79,13.7,0,0.24,1.5,110,43.34
68,66.63,8.59,2,0.13,1.0,110,63.6
62,90.22,13.88,0,0.17,1.2,80,96.95
55,44.37,16.49,0,0.26,1.0,110,130.1
84,108.89,22.21,2,0.9,1.0,80,78.31
62,63.55,2.0,2,0.8,1.0,50,138.68
55,104.99,8.07,1,0.65,1.0,30,194.93
15,87.99,9.37,2,0.35,1.0,80,18.77
15,81.82,8.06,1,0.42,1.5,80,36.18
15,82.61,8.98,2,0.66,1.0,50,28.93
55,100.71,4.76,2,0.35,1.0,30,192.48
84,48.0,8.29,2,0.63,1.2,110,138.29
62,55.77,5.72,2,0.74,1.0,50,87.7
62,76.77,21.65,2,0.75,1.0,50,87.65
62,105.46,9.75,2,0.98,1.2,30,163.94
55,42.73,3.36,0,0.8,1.0,110,143.93
68,72.81,16.61,2,0.64,1.2,110,78.58
84,107.52,21.11,1,0.82,1.0,30,295.26
62,107.37,11.94,2,0.58,1.0,110,44.41
84,99.11,16.84,2,0.94,1.2,110,77.24
84,83.48,2.45,2,0.19,1.0,30,285.33
62,51.83,21.73,2,0.8,1.5,80,121.59
84,79.14,22.41,2,0.41,1.0,30,177.28
15,55.37,20.78,2,0.27,1.0,110,22.46
55,90.8,8.01,2,0.47,1.0,80,49.45
62,65.12,18.49,2,0.97,1.0,110,74.09
55,86.85,22.66,2,0.54,1.0,110,49.13
68,66.51,2.67,2,0.81,1.0,80,116.08
76,73.62,5.41,2,0.77,1.0,50,105.22
84,98.44,14.4,0,0.91,1.0,80,120.02
68,79.04,9.96,2,0.82,1.0,110,65.85
15,61.36,18.73,2,0.53,1.0,110,24.69
55,47.9,5.59,2,0.39,1.0,80,76.95
15,68.86,17.41,2,0.49,1.0,80,23.77
62,109.29,23.52,2,0.77,1.0,110,46.33
68,95.28,22.46,2,0.15,1.0,50,84.91
15,88.99,8.36,2,0.13,1.5,30,48.38
55,84.56,20.21,1,0.79,1.0,110,79.58
55,81.92,10.69,2,0.88,1.0,50,81.2
84,53.06,24.5,2,0.33,1.0,110,102.36
15,95.53,17.99,0,0.63,1.0,50,42.18
84,80.58,21.33,2,0.14,1.2,110,79.76
55,104.46,9.49,1,0.49,1.2,80,93.46
15,92.78,19.93,2,0.94,1.5,110,31.27
84,79.8,2.6,1,0.49,1.0,80,115.55
84,103.12,20.53,0,0.32,1.2,110,104.55
68,108.66,16.98,2,0.28,1.2,30,169.68
62,75.56,14.97,2,0.34,1.5,110,81.81
15,71.81,6.26,1,0.19,1.0,30,55.54
68,51.11,14.23,1,0.19,1.0,110,137.74
15,73.08,16.87,2,0.92,1.0,80,27.58
62,50.3,4.31,1,0.82,1.0,50,139.5
68,103.88,15.5,2,0.88,1.0,110,52.3
62,77.07,10.9,2,0.63,1.0,110,58.64
76,91.46,10.71,2,0.49,1.0,30,162.79
84,77.84,14.48,2,0.44,1.5,110,105.72
76,98.93,23.87,2,0.26,1.0,30,159.97
15,55.59,24.29,2,0.72,1.0,110,29.89
76,92.17,13.3,2,0.23,1.2,110,65.18
84,85.68,9.03,1,0.54,1.0,80,116.2
15,56.46,19.9,1,0.74,1.0,50,42.54
76,72.35,21.66,2,0.69,1.0,50,105.62
84,51.51,12.89,2,0.66,1.2,110,128.37
84,95.68,11.25,2,0.94,1.0,30,184.78
84,70.53,6.07,2,0.92,1.5,110,124.27
62,49.93,20.23,2,0.9,1.2,30,162.69
62,55.63,3.53,1,0.46,1.0,110,118.65
55,82.52,6.37,2,0.96,1.0,30,124.87
76,89.42,8.95,0,0.6,1.2,80,123.68
76,102.69,11.75,2,0.86,1.2,110,68.44
84,79.89,13.32,2,0.89,1.2,80,90.24
55,51.02,4.65,2,0.29,1.0,80,113.39
84,80.97,6.09,0,0.4,1.0,30,287.26
68,64.09,23.01,1,0.15,1.0,50,141.0
62,61.64,4.25,0,0.62,1.2,30,259.19
68,43.45,5.7,1,0.64,1.0,110,167.5
84,109.48,20.62,1,0.38,1.0,110,84.72
62,52.32,24.77,2,0.19,1.0,110,75.96
55,93.85,5.65,2,0.78,1.0,110,49.15
15,70.78,13.75,2,0.35,1.0,80,21.0
62,77.27,6.64,2,0.98,1.0,110,65.6
68,71.66,21.57,2,0.87,1.0,110,71.34
68,50.01,17.36,2,0.83,1.0,110,95.7
84,106.94,22.26,2,0.52,1.0,110,58.62
68,71.41,4.79,2,0.34,1.0,30,234.05
15,40.71,22.0,0,0.51,1.0,110,46.61
62,75.84,19.53,1,0.5,1.2,80,107.9
76,74.94,4.89,2,0.2,1.0,110,106.5
68,51.45,8.53,2,0.51,1.5,80,128.82
55,93.4,16.76,2,0.63,1.0,80,53.23
62,58.52,6.61,2,0.26,1.0,110,68.69
55,68.95,18.42,2,0.26,1.0,80,53.83
62,86.93,22.15,2,0.28,1.2,50,95.31
55,93.92,15.11,2,0.19,1.0,80,46.02
55,51.38,7.78,1,0.76,1.0,110,121.75
55,103.01,4.04,1,0.67,1.2,30,232.99
55,94.54,14.49,1,0.42,1.2,30,229.16
62,72.66,14.86,2,0.62,1.0,30,136.08
76,64.75,4.36,2,0.37,1.0,80,127.1
62,71.16,12.62,2,0.42,1.2,80,69.83
62,49.76,17.13,2,0.62,1.2,80,100.27
68,100.87,16.38,0,0.42,1.2,30,283.05
62,106.98,2.18,0,0.71,1.0,110,71.54
76,76.37,15.28,2,0.31,1.0,110,66.06
15,76.02,17.28,1,0.23,1.0,80,24.96
68,49.07,9.75,2,0.2,1.0,30,141.02
84,85.6,5.32,2,0.22,1.0,110,64.58
62,64.98,18.11,2,0.12,1.0,80,61.87
68,87.74,10.57,2,0.16,1.0,110,48.03
55,45.03,17.95,2,0.66,1.2,110,100.11
62,59.7,22.09,2,0.58,1.0,50,85.08
68,79.11,7.52,2,0.78,1.0,80,66.07
15,100.98,5.91,0,0.21,1.0,110,19.4
76,108.56,6.2,2,0.29,1.0,80,62.88
68,66.65,17.35,2,0.65,1.2,30,176.02
76,71.77,22.37,2,0.71,1.0,80,74.73
62,40.71,21.75,2,0.44,1.0,80,99.1
68,79.41,13.56,2,0.62,1.0,110,60.53
15,89.88,5.83,2,0.41,1.0,110,18.21
68,104.11,6.36,0,0.39,1.2,110,86.76
62,52.67,14.72,2,0.81,1.5,110,120.22
76,57.14,9.77,0,0.91,1.0,110,149.67
15,72.04,23.56,0,0.81,1.0,110,35.19
68,60.35,11.63,2,0.92,1.0,80,85.27
76,48.13,21.48,1,0.15,1.0,110,162.44
15,98.66,24.07,2,0.57,1.0,30,38.94
76,40.03,19.38,1,0.86,1.0,110,203.75
84,105.72,9.16,2,0.2,1.0,80,67.09
15,109.89,16.06,1,0.48,1.0,80,28.83
15,53.52,23.94,1,0.83,1.0,110,41.0
76,106.54,7.04,2,0.29,1.5,30,233.01
15,100.18,13.18,2,0.58,1.0,110,18.56
15,91.28,13.43,2,0.22,1.0,30,34.68
76,82.13,2.73,2,0.96,1.0,110,108.45
68,109.25,23.1,2,0.2,1.0,50,88.89
62,70.66,15.05,1,0.54,1.2,110,116.35
15,79.26,17.35,1,0.23,1.0,110,23.13
55,102.42,10.78,2,0.69,1.0,80,54.75
84,106.5,5.53,0,0.58,1.0,110,89.69
76,77.7,23.39,2,0.34,1.5,110,96.83
55,106.99,23.02,2,0.98,1.0,50,81.89
62,41.77,9.65,1,0.14,1.0,110,152.45
62,95.78,6.4,2,0.54,1.5,110,69.77
15,63.96,4.83,2,0.21,1.0,80,29.28
62,69.03,2.56,2,0.83,1.2,80,122.16
68,90.65,8.5,0,0.25,1.0,110,81.27
15,45.07,4.48,2,0.78,1.0,80,48.61
55,92.63,16.73,2,0.36,1.0,80,49.28
68,74.82,20.3,1,0.21,1.0,110,95.08
84,83.48,8.45,2,0.14,1.2,110,75.8
55,46.66,7.57,2,0.59,1.0,50,81.82
62,79.93,22.21,1,0.66,1.0,80,87.85
76,60.51,8.04,2,0.74,1.0,110,88.7
55,103.18,24.19,2,0.29,1.0,110,38.63
15,91.82,7.92,2,0.6,1.0,80,23.03
68,58.04,8.5,0,0.72,1.0,50,149.34
62,97.18,6.81,2,0.7,1.0,80,58.83
68,48.64,7.65,1,0.26,1.0,80,144.71
84,80.35,6.28,1,0.33,1.0,110,112.37
84,50.07,5.3,2,0.16,1.0,50,105.25
76,105.74,13.19,2,0.8,1.2,110,64.94
84,58.17,16.64,2,0.65,1.0,50,113.55
84,64.1,17.33,2,0.17,1.0,30,171.62
84,52.28,16.94,2,0.32,1.2,80,122.73
68,91.7,18.9,2,0.37,1.0,110,50.17
84,98.83,9.57,2,0.84,1.2,80,90.32
55,88.85,3.03,2,0.89,1.0,80,84.64
55,85.62,13.13,2,0.87,1.0,80,56.79
55,80.07,23.93,2,0.68,1.5,110,73.89
15,44.06,18.0,2,0.42,1.0,110,30.65
62,49.71,9.76,2,0.28,1.0,110,80.16
76,104.93,15.03,2,0.91,1.5,110,80.7
62,100.05,19.15,0,0.63,1.2,110,85.36
84,55.23,7.89,2,0.64,1.0,80,101.4
15,57.92,10.45,2,0.61,1.0,110,25.27
76,87.77,11.32,2,0.33,1.0,110,59.56
15,74.43,13.19,2,0.2,1.0,80,17.91
68,93.32,20.08,1,0.57,1.2,80,113.92
68,53.95,15.8,2,0.28,1.0,110,81.46
62,88.5,6.92,2,0.56,1.0,80,56.51
55,101.61,11.85,0,0.58,1.0,80,81.26
84,50.12,9.46,1,0.15,1.0,50,171.64
68,96.76,11.99,2,0.65,1.2,50,111.02
68,107.07,15.56,2,0.82,1.0,50,95.46
15,44.3,7.03,2,0.21,1.0,50,24.16
62,92.05,21.81,0,0.27,1.0,80,83.58
68,84.49,17.88,2,0.63,1.0,50,92.49
68,101.21,5.29,2,0.46,1.0,80,60.05
68,85.3,11.78,2,0.64,1.0,110,57.41
55,62.3,9.34,2,0.55,1.0,80,64.62
84,85.75,6.84,2,0.12,1.0,80,66.02
55,82.18,24.96,1,0.84,1.0,110,82.26
55,66.86,14.6,1,0.47,1.0,110,91.62
84,86.49,3.3,0,0.24,1.0,30,285.3
84,104.44,15.45,2,0.78,1.0,80,76.13
15,43.22,24.2,2,0.64,1.0,110,32.99
55,78.24,12.92,2,0.27,1.0,110,47.66
68,95.32,18.19,1,0.56,1.0,80,95.75
84,61.64,9.79,2,0.38,1.2,80,105.78
55,75.06,22.77,2,0.25,1.2,80,59.93
84,75.61,14.37,1,0.45,1.0,110,119.56
15,57.85,16.28,2,0.53,1.5,110,33.37
62,74.48,14.32,0,0.72,1.0,110,94.29
76,56.14,3.11,2,0.98,1.0,80,151.6
62,69.67,17.07,1,0.15,1.0,110,92.39
68,77.23,24.45,2,0.43,1.0,110,61.8
55,90.81,3.0,2,0.58,1.0,110,71.28
84,104.56,7.36,2,0.71,1.0,110,60.55
84,102.61,6.74,2,0.38,1.2,30,210.68
76,40.16,7.46,0,0.2,1.0,30,257.77
62,72.82,12.54,2,0.51,1.0,110,60.09
84,50.52,16.2,2,0.21,1.2,30,207.9
76,47.89,19.24,1,0.1,1.0,30,255.26
15,63.45,8.24,2,0.31,1.0,110,20.46
62,82.23,10.29,2,0.84,1.0,30,139.38
62,67.11,10.01,1,0.91,1.0,110,107.67
55,80.17,10.58,2,0.71,1.0,110,54.96
68,97.69,5.89,2,0.84,1.0,110,54.07
62,61.59,21.48,2,0.66,1.0,110,72.23
15,96.38,13.44,2,0.73,1.0,80,25.08
84,101.66,9.74,1,0.87,1.0,110,97.84
62,75.7,23.25,2,0.12,1.0,30,127.15
62,55.42,19.32,2,0.35,1.0,110,75.37
68,78.08,2.22,2,0.92,1.2,50,179.99
84,77.44,23.7,0,0.56,1.2,110,138.56
55,98.17,7.84,1,0.88,1.0,80,84.38
76,67.61,23.03,2,0.51,1.0,110,77.56
84,67.6,21.21,2,0.34,1.5,110,121.05
84,108.42,21.01,2,0.27,1.2,80,83.3
62,105.93,25.0,2,0.77,1.0,30,136.8
15,61.91,4.87,2,0.99,1.0,110,42.56
76,70.31,2.74,2,0.6,1.0,80,119.09
15,99.35,2.26,2,0.22,1.2,110,23.63
15,73.5,6.21,2,0.44,1.2,110,23.31
76,78.32,11.66,2,0.31,1.0,110,64.67
62,45.19,21.24,2,0.42,1.0,110,90.03
68,90.94,13.09,1,0.66,1.0,50,147.76
76,101.0,11.28,2,0.74,1.0,110,57.15
76,92.28,15.42,1,0.41,1.0,80,102.99
76,67.21,16.5,1,0.14,1.0,30,258.4
76,105.13,3.51,2,0.44,1.5,80,152.31
15,80.93,10.77,0,0.26,1.0,30,56.06
76,56.78,15.67,0,0.8,1.5,110,215.75
15,57.16,24.74,0,0.86,1.0,80,41.56
62,92.85,19.42,0,0.28,1.0,80,83.6
68,94.7,2.34,2,0.1,1.0,80,88.32
76,70.34,24.56,1,0.86,1.2,110,144.78
62,81.45,2.62,0,0.24,1.0,80,80.97
62,100.74,7.01,0,0.78,1.0,110,74.49
76,83.78,7.87,1,0.33,1.0,110,96.16
76,78.43,7.72,2,0.12,1.0,110,62.91
68,96.29,20.58,2,0.5,1.0,110,51.98
84,50.28,19.03,0,0.39,1.0,80,174.17
68,70.75,24.48,2,0.77,1.0,110,70.98
68,99.73,14.3,2,0.4,1.0,110,49.6
68,49.22,13.76,2,0.25,1.0,110,87.7
84,106.01,11.17,1,0.39,1.2,80,132.69
84,78.1,5.06,0,0.35,1.0,110,116.38
62,44.03,4.87,2,0.29,1.0,110,146.61
76,59.36,4.96,1,0.62,1.5,110,203.41
76,63.78,10.9,2,0.3,1.0,110,78.07
15,68.75,13.84,1,0.76,1.0,110,36.12
15,46.67,7.83,1,0.39,1.0,110,40.94
76,51.89,16.93,2,0.34,1.0,110,94.24
76,78.1,10.22,2,0.52,1.0,80,68.97
55,104.05,15.39,2,0.11,1.0,110,36.56
15,94.74,18.31,1,0.61,1.2,110,30.36
15,73.46,22.95,2,0.99,1.5,110,35.54
84,95.59,22.59,2,0.23,1.2,110,69.34
68,103.0,16.98,0,0.83,1.5,110,112.77
68,97.56,6.15,2,0.81,1.0,80,65.59
76,95.8,9.54,2,0.4,1.0,110,55.1
76,80.32,17.57,2,0.21,1.0,80,63.45
62,44.12,20.81,2,0.86,1.5,110,140.95
84,62.59,13.36,1,0.94,1.0,50,184.79
84,43.03,7.82,0,0.21,1.0,110,200.39
55,55.68,14.92,2,0.79,1.2,80,85.76
62,76.06,14.06,2,0.73,1.5,110,86.81
76,63.96,4.72,2,0.46,1.2,110,150.83
55,51.1,20.96,2,0.45,1.0,110,73.94
62,95.82,19.81,1,0.71,1.2,110,91.9
15,61.63,10.98,2,0.75,1.0,30,44.03
68,48.5,2.81,1,0.99,1.0,110,156.09
62,57.23,13.66,2,0.41,1.0,50,84.06
15,99.14,5.94,2,0.39,1.0,110,17.48
55,95.84,6.96,2,0.58,1.5,80,72.03
76,76.45,20.78,2,0.31,1.0,110,67.61
76,72.76,20.5,2,0.85,1.0,30,168.27
15,43.63,15.65,2,0.45,1.0,110,30.41
84,77.79,18.76,2,0.95,1.0,110,81.65
55,66.98,15.49,2,0.89,1.0,110,65.57
15,62.81,12.31,1,0.26,1.0,110,30.06
84,94.1,7.36,2,0.61,1.0,30,180.72
15,108.99,21.36,2,0.77,1.0,50,31.66
84,84.98,23.63,2,0.37,1.0,50,106.25
84,102.16,16.56,2,0.64,1.0,110,60.81
62,67.77,14.89,2,0.32,1.0,50,80.74
15,83.13,20.74,2,0.44,1.5,50,33.05
84,58.77,2.65,2,0.65,1.2,110,182.83
84,55.31,17.41,2,0.93,1.0,80,107.66
84,53.55,4.74,2,0.49,1.0,110,165.13
84,57.52,2.8,2,0.39,1.2,110,182.33
55,108.3,10.04,1,0.3,1.0,110,57.61
84,60.33,8.23,2,0.42,1.0,110,91.74
76,92.6,5.37,2,0.25,1.0,50,96.65
68,81.66,8.34,2,0.46,1.0,110,56.6
15,73.74,22.69,2,0.89,1.0,50,33.87
15,105.92,10.93,2,0.47,1.0,110,17.6
68,85.44,24.2,2,0.68,1.0,80,62.31
84,89.02,8.74,1,0.22,1.0,80,110.9
84,48.59,15.45,2,0.92,1.0,80,117.9
62,42.32,23.89,2,0.55,1.5,80,143.33
55,92.28,18.87,2,0.45,1.0,80,48.7
55,77.92,18.4,2,0.32,1.0,80,51.3
68,91.4,2.5,2,0.27,1.0,110,79.94
62,71.93,20.6,2,0.47,1.0,110,60.06
15,45.33,14.64,2,0.44,1.0,80,29.19
76,50.9,8.2,0,0.88,1.0,110,165.11
62,55.44,13.31,2,0.93,1.0,110,82.19
76,60.39,19.88,2,0.68,1.0,80,87.9
15,90.84,2.9,2,0.61,1.0,110,27.15
62,108.5,7.6,2,0.86,1.2,30,162.67
15,53.96,22.15,2,0.12,1.0,80,21.39
62,44.17,23.31,2,0.26,1.0,110,90.95
68,74.94,15.88,2,0.9,1.0,80,70.85
76,52.7,12.96,2,0.62,1.0,110,97.69
76,91.9,22.4,1,0.99,1.0,110,100.54
68,70.3,19.06,2,0.13,1.0,80,60.88
62,106.93,19.57,2,0.13,1.0,30,129.56
84,69.35,17.31,0,0.69,1.0,110,133.21
68,67.07,12.7,2,0.62,1.0,110,73.23
55,45.93,16.18,1,0.75,1.0,110,132.27
15,86.11,7.2,0,0.48,1.0,80,28.52
55,86.82,16.18,2,0.57,1.0,50,75.91
62,83.24,7.14,1,0.88,1.0,80,93.04
15,52.9,12.81,2,0.61,1.5,30,55.95
15,82.89,16.88,2,0.66,1.0,110,22.61
84,107.94,6.04,2,0.73,1.0,110,60.86
55,46.45,11.89,2,0.41,1.0,110,78.36
15,45.21,13.65,2,0.73,1.5,30,58.29
55,64.06,4.11,1,0.43,1.0,110,92.65
68,107.02,8.39,0,0.8,1.2,80,116.14
68,99.46,8.3,2,0.48,1.0,110,49.7
68,62.06,17.22,1,0.38,1.2,110,139.3
15,62.16,8.68,2,0.27,1.0,110,19.66
15,66.96,16.2,0,0.6,1.5,80,45.97
62,80.7,6.69,2,0.13,1.2,30,153.32
15,99.49,6.45,2,0.6,1.0,110,19.1
76,64.49,23.37,0,0.87,1.0,110,132.09
68,66.86,16.51,2,0.45,1.0,80,70.53
15,103.07,17.28,2,0.92,1.2,110,27.03
76,60.82,3.7,2,0.37,1.0,110,131.91
68,85.06,9.5,2,0.79,1.0,50,94.25
62,96.2,20.92,2,0.17,1.0,110,41.96
55,92.26,5.4,2,0.18,1.0,80,45.56
55,84.2,5.0,1,0.66,1.0,110,76.01
76,71.62,13.45,2,1.0,1.0,110,81.37
62,42.47,3.79,0,0.8,1.0,50,159.27
62,87.87,7.51,2,0.6,1.0,110,53.84
84,101.92,21.04,2,0.61,1.0,110,60.9
15,97.06,11.24,2,0.26,1.5,110,21.24
84,75.57,5.08,2,0.26,1.0,110,72.15
55,108.54,6.02,2,0.63,1.0,110,41.93
68,57.48,5.09,2,0.31,1.0,110,78.13
76,91.12,19.62,2,0.13,1.0,80,62.71
68,79.6,5.01,2,0.4,1.0,110,58.99
55,81.23,22.46,0,0.84,1.5,110,116.45
55,89.47,24.19,2,0.89,1.0,80,56.75
62,79.47,20.25,2,0.69,1.0,30,136.0
84,103.82,15.83,1,0.39,1.0,110,88.77
62,100.52,2.6,2,0.38,1.0,50,132.23
55,44.65,8.32,1,0.95,1.0,110,140.85
55,89.22,24.1,1,0.88,1.0,110,78.19
55,103.43,24.16,2,0.47,1.0,110,41.91
84,44.67,10.96,2,0.2,1.0,80,118.3
62,45.98,5.56,1,0.98,1.2,110,176.61
15,42.5,8.43,2,0.13,1.2,110,28.88
68,44.45,6.27,2,0.52,1.0,80,100.67
76,49.67,13.28,2,0.76,1.2,110,124.96
15,96.25,12.2,2,0.7,1.0,80,23.49
76,41.63,21.87,0,0.39,1.0,110,190.46
55,79.4,5.21,2,0.79,1.2,110,63.42
84,48.44,13.88,2,0.38,1.2,80,132.37
55,44.06,23.28,2,0.61,1.2,50,101.03
84,78.81,23.58,2,1.0,1.0,110,79.89
76,90.85,19.46,2,0.99,1.0,110,66.64
15,56.3,13.0,2,0.64,1.5,110,34.37
55,83.61,21.01,2,0.19,1.0,80,44.82
15,66.37,14.78,1,0.51,1.0,110,32.94
55,50.83,3.27,2,0.16,1.0,30,187.23
84,78.02,22.29,2,0.23,1.0,110,71.2
15,87.56,17.44,2,0.73,1.0,110,22.68
76,92.82,17.66,2,0.36,1.0,110,54.92
55,72.04,16.55,2,0.21,1.2,80,60.33
15,102.89,8.88,2,0.95,1.0,110,23.94
15,82.27,11.36,1,0.81,1.0,80,33.04
62,40.79,16.09,2,0.2,1.0,110,95.85
55,54.59,11.49,2,0.63,1.0,110,72.13
15,107.59,6.98,2,0.66,1.0,30,41.92
76,62.73,3.7,2,1.0,1.0,80,137.15
62,101.8,4.99,2,0.75,1.2,80,104.67
68,107.5,5.01,2,1.0,1.0,80,67.47
15,51.21,22.87,1,0.14,1.0,80,33.58
84,51.9,4.41,2,0.21,1.0,50,173.74
68,109.24,2.31,2,0.16,1.0,80,89.56
68,72.34,23.94,2,0.54,1.2,30,173.01
15,59.48,18.09,2,0.73,1.2,30,47.05
55,62.52,23.42,2,0.76,1.0,50,80.66
62,97.39,17.98,0,0.22,1.0,30,213.17
68,54.8,16.94,1,0.54,1.0,110,132.68
55,44.92,14.28,2,0.95,1.0,50,89.26
55,107.91,24.09,1,0.3,1.0,80,76.16
84,105.57,3.56,1,0.33,1.0,80,110.35
62,91.41,5.79,2,0.71,1.0,30,135.35
68,101.23,8.96,1,0.84,1.0,110,83.29
15,83.34,18.69,1,0.63,1.0,80,30.02
62,69.53,4.01,1,0.96,1.0,110,104.8
68,43.79,17.84,2,0.5,1.0,80,102.46
15,84.49,17.28,2,0.77,1.2,80,27.47
62,79.63,6.05,2,0.93,1.0,80,62.56
84,42.98,16.03,2,0.81,1.0,110,131.18
55,85.43,6.67,2,0.85,1.0,50,80.56
62,84.41,19.7,0,0.37,1.0,50,129.56
68,64.42,2.41,0,0.2,1.2,80,131.89
62,51.59,18.96,1,0.96,1.5,110,196.78
55,85.61,5.89,2,0.55,1.0,80,51.15
15,95.41,19.72,2,0.84,1.0,110,24.82
62,87.35,10.42,2,0.98,1.0,110,58.0
15,60.37,20.72,1,0.11,1.0,30,53.29
76,78.22,15.36,2,0.58,1.0,110,68.62
55,48.65,16.9,2,0.44,1.0,50,76.93
15,108.04,5.27,2,0.4,1.0,80,18.2
68,49.33,12.28,2,0.75,1.2,80,112.54
68,71.16,8.09,2,0.19,1.0,80,61.91
68,49.41,23.94,2,0.66,1.0,80,94.85
62,51.62,3.36,2,0.47,1.0,110,130.53
62,72.4,18.52,2,0.53,1.0,30,134.85
68,104.47,14.71,2,0.39,1.5,110,66.41
68,42.25,11.93,2,0.55,1.0,110,106.75
15,65.9,2.11,1,0.96,1.2,80,44.28
55,42.51,7.13,2,0.73,1.0,110,90.41
68,85.47,15.11,0,0.24,1.5,80,133.33
76,97.33,19.04,2,0.88,1.5,50,149.56
15,77.93,11.69,2,0.82,1.0,50,32.23
15,41.35,7.46,2,0.92,1.0,110,38.13
15,104.98,22.05,2,0.72,1.0,110,22.01
76,53.11,10.25,0,0.35,1.0,110,150.94
68,95.51,4.67,2,0.23,1.5,80,133.06
15,107.13,10.66,2,0.76,1.0,50,32.85
84,86.06,7.15,1,0.26,1.0,110,102.25
76,75.96,3.65,2,0.74,1.0,30,266.45
76,63.0,9.05,2,0.71,1.0,80,87.08
55,84.99,3.19,1,0.29,1.0,110,69.95
62,61.75,17.77,2,0.67,1.0,80,70.98
68,54.45,5.44,2,0.94,1.0,30,153.55
76,64.53,2.68,0,0.23,1.0,110,124.14
15,48.7,23.47,2,0.12,1.0,80,21.03
62,97.33,5.94,2,0.54,1.0,110,47.8
15,84.45,5.31,2,0.63,1.0,110,22.12
76,87.91,6.38,2,0.63,1.2,80,79.25
55,94.47,4.68,2,0.59,1.0,80,80.99
15,51.41,19.95,2,0.39,1.0,80,26.41
84,87.72,12.21,2,0.76,1.0,110,71.1
15,53.96,11.66,1,0.1,1.0,50,33.47
68,52.7,24.24,2,0.83,1.0,110,91.11
15,40.09,3.46,2,0.56,1.0,110,45.45
55,81.33,21.77,2,0.6,1.0,110,51.68
84,104.32,15.81,2,0.15,1.0,110,55.16
15,53.87,4.26,2,0.84,1.2,110,47.93
62,104.82,20.01,1,0.34,1.0,80,85.26
15,51.85,8.76,0,0.53,1.2,110,44.62
68,51.89,21.59,2,0.65,1.2,80,105.81
68,50.98,21.62,2,0.83,1.2,80,110.14
55,52.36,4.14,1,0.51,1.5,110,168.57
15,66.61,5.62,2,0.37,1.0,110,19.98
62,41.5,5.47,2,0.74,1.0,80,103.85
68,70.07,8.03,2,0.46,1.2,50,107.59
15,97.42,20.48,2,0.49,1.0,80,20.2
15,53.54,17.03,1,0.8,1.0,50,41.35
68,109.98,13.82,1,0.6,1.0,110,71.89
55,53.72,11.4,1,0.42,1.0,110,109.7
84,63.8,8.63,1,0.43,1.0,110,139.94
62,44.58,18.97,2,0.16,1.0,110,88.87
76,109.16,20.25,2,0.62,1.0,110,53.52
62,75.38,2.43,1,0.62,1.2,110,111.67
84,93.99,3.02,2,0.9,1.0,50,184.82
76,100.02,8.99,2,0.92,1.0,110,63.49
68,100.19,13.99,2,0.12,1.0,110,45.1
55,74.78,2.64,2,0.57,1.0,50,120.78
15,60.92,15.35,1,0.48,1.0,110,33.58
68,72.98,6.21,2,0.47,1.0,110,64.87
76,90.66,7.74,2,0.74,1.2,80,82.74
15,106.65,17.43,2,0.46,1.0,50,27.62
62,97.02,9.16,2,0.29,1.0,110,45.27
76,56.23,20.74,1,0.94,1.0,50,167.56
55,71.33,14.01,2,0.44,1.0,110,56.65
55,50.19,20.37,2,0.99,1.0,110,81.19
68,59.68,20.42,0,0.71,1.2,80,149.78
76,73.9,2.23,2,0.45,1.0,110,110.5
62,52.81,22.12,2,0.19,1.5,110,110.51
15,58.63,22.68,2,0.83,1.0,110,30.01
62,90.44,9.61,2,0.84,1.0,110,54.99
15,41.37,11.75,2,0.57,1.0,80,31.88
84,103.39,13.75,2,0.56,1.2,110,68.48
15,109.22,7.27,2,0.36,1.0,50,26.2
76,47.9,15.08,2,0.22,1.0,30,159.18
62,59.19,7.11,2,0.44,1.0,110,70.85
15,73.31,16.28,0,0.61,1.0,80,30.87
68,62.85,17.67,2,0.61,1.0,80,77.48
62,87.75,17.3,2,0.86,1.2,80,69.34
15,87.75,3.28,2,0.26,1.2,110,28.38
55,109.79,11.39,1,0.65,1.0,50,119.94
15,42.75,4.44,2,1.0,1.2,80,57.31
55,61.56,12.35,1,0.76,1.0,50,123.64
84,49.65,13.49,2,0.35,1.0,110,108.25
68,42.0,5.78,2,0.37,1.0,30,144.54
68,56.45,17.4,2,0.31,1.0,30,141.66
55,109.44,17.66,2,0.41,1.0,110,38.55
68,73.44,24.82,0,0.57,1.0,110,102.28
62,57.89,10.44,2,0.54,1.0,110,74.47
68,58.59,2.25,1,0.99,1.0,50,153.82
62,96.19,24.59,2,0.28,1.0,80,54.18
62,44.34,11.17,2,0.32,1.0,110,91.91
76,47.16,3.01,2,0.27,1.2,80,201.84
15,94.11,10.47,2,0.17,1.0,80,14.95
15,55.25,23.32,0,0.84,1.2,80,47.13
76,48.81,6.94,1,0.56,1.0,80,166.64
55,44.92,22.46,1,0.78,1.0,80,137.17
68,80.99,20.17,2,0.28,1.0,110,55.47
15,86.08,10.71,2,0.2,1.0,110,18.25
68,107.03,17.31,1,0.84,1.0,110,77.67
15,76.98,16.45,2,0.58,1.0,110,23.39
68,87.9,21.11,2,0.31,1.2,110,63.73
55,60.3,11.28,2,0.67,1.0,50,79.54
62,82.46,18.95,2,0.44,1.0,110,54.44
55,106.25,4.39,2,0.22,1.2,110,66.06
62,54.71,14.56,2,0.78,1.0,50,88.15
62,82.71,11.73,2,0.68,1.0,80,59.08
15,56.39,11.43,2,0.8,1.0,110,29.74
68,51.07,23.93,2,0.67,1.5,50,131.22
55,65.31,9.26,2,0.25,1.0,110,57.42
68,61.61,24.51,2,0.62,1.5,110,109.81
55,90.3,17.44,2,0.13,1.0,80,43.14
15,101.65,8.81,0,0.18,1.0,110,21.32
55,105.55,23.32,2,0.75,1.0,50,77.47
62,98.38,4.57,2,0.72,1.0,80,89.56
84,60.58,22.26,2,0.54,1.0,110,92.89
68,43.2,2.89,2,0.33,1.0,110,162.26
84,107.58,4.38,2,0.48,1.0,110,87.84
62,55.67,18.06,1,0.94,1.0,80,129.13
68,66.39,5.65,2,0.28,1.0,110,69.3
62,89.1,23.24,2,0.18,1.0,80,51.03
68,55.25,11.8,2,0.84,1.0,110,86.4
68,88.89,19.5,2,0.26,1.0,110,51.1
62,49.14,2.73,1,0.91,1.0,80,142.0
76,72.71,15.09,2,0.93,1.0,110,78.37
76,88.37,24.58,2,0.51,1.0,110,60.3
68,47.94,23.11,1,0.21,1.0,50,144.53
55,77.32,19.96,2,0.4,1.0,80,50.52
15,42.79,21.82,2,0.93,1.2,110,41.48
68,76.9,9.52,2,0.38,1.5,110,87.92
15,75.62,14.94,2,0.55,1.0,80,21.69
76,43.66,23.8,2,0.53,1.2,110,135.09
62,96.71,21.11,0,0.74,1.0,110,76.09
84,85.65,14.57,2,0.85,1.0,110,75.06
15,97.21,6.97,2,0.5,1.0,80,20.37
15,56.27,22.45,2,0.62,1.0,110,28.44
15,68.24,21.8,2,0.57,1.5,50,36.33
84,45.44,18.09,2,0.83,1.0,50,126.09
76,54.66,4.15,2,0.22,1.0,80,146.59
76,96.42,8.35,2,0.31,1.0,50,95.95
76,65.84,9.69,2,0.54,1.2,110,94.71
76,82.3,11.96,2,0.2,1.0,110,60.07
68,57.29,21.06,2,0.84,1.0,80,84.25
84,93.54,3.81,2,0.6,1.0,110,101.38
62,41.01,23.76,1,0.85,1.5,110,239.22
68,95.9,13.59,2,0.46,1.5,50,131.82
62,85.61,3.32,0,0.42,1.0,80,86.98
76,52.2,14.38,2,0.47,1.0,110,97.71
68,63.98,13.99,1,0.71,1.0,80,120.72
84,77.87,3.67,2,0.99,1.5,110,179.38
62,42.33,17.86,2,0.95,1.5,110,147.87
15,92.9,20.77,1,0.76,1.0,110,28.36
62,52.85,17.72,2,0.98,1.5,30,202.69
84,96.07,8.14,2,0.5,1.0,30,177.39
84,41.01,5.31,1,0.42,1.0,110,212.64
55,75.4,16.28,2,0.27,1.0,110,50.33
84,43.99,10.71,2,0.78,1.0,110,127.45
55,57.1,13.36,2,0.51,1.2,50,89.9
62,103.03,11.56,2,0.16,1.2,80,58.51
76,59.55,4.51,1,0.85,1.0,50,167.28
55,56.4,10.52,2,0.96,1.0,50,81.35
15,102.26,15.66,2,0.42,1.0,110,19.04
62,85.15,7.1,1,0.98,1.0,80,92.32
15,51.18,8.01,2,0.3,1.0,110,23.0
68,45.59,12.59,2,0.84,1.5,110,147.38
15,62.14,12.36,2,0.92,1.0,110,29.37
76,87.38,5.3,1,0.2,1.0,50,158.57
84,75.23,17.0,0,0.36,1.2,110,141.78
68,101.53,9.71,2,0.16,1.2,30,169.26
55,56.46,17.21,2,0.4,1.0,80,68.02
55,44.22,22.55,1,0.17,1.0,110,128.83
76,62.48,14.6,2,0.46,1.5,110,117.66
55,78.72,12.01,2,0.34,1.0,110,48.34
76,71.08,14.05,2,0.75,1.2,110,90.68
68,40.97,22.97,1,0.9,1.0,80,182.21
68,78.34,7.02,0,0.64,1.2,110,117.12
15,40.22,14.62,2,0.37,1.0,110,29.79
76,95.29,9.62,2,0.14,1.2,110,63.27
62,59.19,3.42,2,0.5,1.0,110,114.94
55,69.75,7.54,2,0.47,1.2,50,89.04
84,82.98,2.19,2,0.6,1.0,80,114.8
68,85.69,9.86,1,0.26,1.0,110,85.34
55,61.49,4.24,2,0.64,1.0,80,101.53
55,66.02,20.17,2,0.87,1.0,30,126.57
55,83.69,14.86,2,0.94,1.0,110,56.03
84,93.48,16.56,2,0.13,1.0,30,172.27
15,103.91,4.74,2,0.39,1.0,50,38.94
15,109.86,11.48,0,0.31,1.0,110,20.16
55,99.36,14.7,2,0.13,1.2,80,53.57
68,53.15,14.12,2,0.54,1.0,80,87.41
84,79.29,17.64,2,0.78,1.0,110,77.21
55,93.13,9.42,1,0.76,1.2,80,95.21
68,67.56,12.39,2,0.63,1.5,80,103.41
55,78.23,6.58,2,0.58,1.2,110,61.48
62,71.38,16.63,0,0.64,1.0,110,99.51
15,52.75,15.0,0,0.38,1.2,80,39.92
76,82.64,12.81,2,0.23,1.0,110,60.39
84,93.25,17.21,2,0.1,1.0,80,68.25
84,73.07,22.96,2,0.71,1.0,30,180.25
84,59.73,22.68,1,0.4,1.0,110,147.94
76,71.31,9.31,2,0.89,1.0,80,77.5
62,97.88,21.87,2,0.88,1.0,110,53.44
15,43.47,11.17,0,0.86,1.0,110,50.45
76,92.04,7.95,1,0.73,1.2,30,316.44
15,74.31,3.75,2,0.34,1.2,110,30.11
15,108.59,23.95,2,0.86,1.0,110,23.46
84,95.18,23.0,2,0.8,1.0,110,66.11
76,76.57,16.79,2,0.47,1.0,110,66.88
76,74.77,8.7,2,0.18,1.0,110,65.97
68,79.29,23.78,2,0.72,1.0,80,64.82
15,101.98,22.17,2,0.32,1.0,30,36.34
15,44.19,22.63,2,0.22,1.0,50,26.4
55,76.23,20.3,2,0.56,1.2,50,89.04
84,48.99,4.34,2,0.27,1.0,110,178.31
68,100.91,22.72,2,0.18,1.0,80,55.35
68,107.07,22.49,2,0.48,1.0,80,58.34
76,49.46,8.9,0,0.53,1.0,30,261.48
15,68.88,13.51,0,0.35,1.0,110,28.01
68,106.99,15.2,1,0.57,1.0,80,95.49
76,59.09,20.96,2,0.42,1.0,50,98.02
76,43.19,16.54,2,0.92,1.0,30,168.47
68,47.06,7.49,0,0.14,1.0,110,147.6
55,80.46,21.39,0,0.91,1.0,80,85.77
15,58.04,17.51,2,0.66,1.0,80,24.83
68,78.19,4.01,2,0.33,1.5,30,348.3
55,83.52,20.72,2,0.13,1.0,80,44.64
84,52.88,2.84,2,0.58,1.0,80,167.51
68,56.71,16.61,2,0.3,1.0,110,78.98
15,75.06,22.98,2,0.66,1.0,80,24.45
62,93.14,4.61,2,0.65,1.0,50,133.62
62,50.74,2.78,2,0.49,1.0,50,130.51
15,53.35,10.5,2,0.76,1.0,110,30.68
55,58.6,21.39,2,0.77,1.0,110,69.67
15,92.98,6.77,2,0.62,1.5,50,37.94
84,85.74,19.02,1,0.61,1.0,110,109.08
55,92.13,22.67,1,0.67,1.0,80,80.18
76,102.99,18.14,2,0.17,1.5,110,71.36
55,63.48,18.46,2,0.94,1.0,80,69.73
68,88.66,9.87,2,0.81,1.0,110,60.2
15,75.69,24.06,2,0.58,1.0,80,23.93
68,60.04,14.73,2,0.67,1.2,110,92.9
76,97.04,2.08,2,0.69,1.5,50,238.93
55,77.66,22.11,0,0.48,1.0,30,191.77
62,71.83,3.64,2,0.26,1.0,80,92.47
84,104.71,23.58,0,0.11,1.0,110,82.97
55,41.0,20.49,2,0.31,1.0,110,86.22
15,72.78,5.89,0,0.4,1.0,110,27.79
62,88.39,9.29,2,0.51,1.0,110,52.23
84,90.75,7.69,2,0.32,1.0,110,62.01
68,50.61,23.82,1,0.55,1.0,80,144.77
55,80.57,9.35,1,0.48,1.0,80,76.62
62,65.63,18.29,2,0.24,1.0,50,79.99
76,41.61,8.51,2,0.73,1.0,110,121.96
84,71.08,20.15,2,0.52,1.0,110,79.99
84,61.72,17.49,2,0.89,1.0,110,95.85
68,85.04,11.95,2,0.78,1.0,110,61.67
15,102.78,7.79,2,0.44,1.2,80,22.3
62,41.07,11.36,2,0.37,1.0,50,100.63
68,97.92,4.31,2,0.34,1.2,110,89.0
76,46.87,10.85,2,0.61,1.0,80,107.1
76,106.97,15.54,0,0.54,1.5,80,151.76
55,94.48,10.42,2,0.93,1.0,110,51.12
62,97.31,9.86,2,0.99,1.0,50,91.71
15,58.23,6.7,2,0.17,1.2,110,22.47
76,71.56,21.58,2,0.93,1.0,110,78.55
84,63.13,8.2,2,0.42,1.0,80,89.48
55,45.12,15.16,2,0.45,1.0,110,82.48
62,95.23,21.09,2,0.68,1.2,110,58.61
62,59.2,18.73,2,0.15,1.0,80,66.65
55,58.04,13.28,2,0.45,1.0,80,65.88
15,102.93,2.5,2,0.2,1.0,50,34.93
84,97.59,20.9,1,0.34,1.0,110,94.56
84,104.59,14.59,0,0.46,1.0,80,112.44
15,85.17,15.54,0,0.36,1.0,110,25.21
84,103.66,13.74,2,0.92,1.0,110,63.5
84,75.03,12.4,2,0.18,1.2,50,126.49
15,76.11,12.65,2,0.63,1.0,110,22.16
68,49.72,21.29,2,0.94,1.2,30,178.43
76,53.49,6.08,2,0.87,1.2,110,116.66
62,43.33,14.65,2,0.41,1.0,50,94.69
62,74.09,23.79,2,0.29,1.0,110,56.04
15,83.13,21.63,2,0.45,1.0,110,20.05
84,62.25,21.07,0,0.68,1.0,110,149.55
55,43.6,23.63,2,0.71,1.0,110,88.74
15,79.34,18.34,2,0.27,1.0,30,35.97
15,81.43,15.3,2,0.61,1.0,110,19.82
68,107.7,4.86,2,0.15,1.0,110,67.83
68,51.3,18.2,2,0.34,1.5,80,127.17
15,103.1,6.93,2,0.76,1.2,110,24.82
68,101.54,18.81,0,0.38,1.0,50,143.31
15,92.46,10.13,2,0.27,1.0,80,17.72
62,59.49,7.56,2,0.18,1.0,110,66.87
15,68.82,9.28,2,0.34,1.0,80,19.36
68,48.24,6.22,2,0.6,1.0,50,94.93
68,45.2,9.61,2,0.15,1.0,80,93.24
68,108.6,5.21,2,0.48,1.5,80,84.02
76,67.02,9.52,1,0.3,1.0,110,118.54
15,56.92,3.92,2,0.32,1.0,80,33.89
84,62.83,24.46,2,0.89,1.0,110,96.42
84,60.76,5.93,2,0.82,1.0,110,97.72
15,55.57,10.47,2,0.72,1.2,80,32.29
15,80.49,16.93,2,0.33,1.2,80,19.68
84,46.35,5.61,2,0.5,1.0,110,118.03
76,49.07,15.14,1,0.57,1.0,110,167.9
62,56.75,17.1,0,0.64,1.2,50,162.61
15,40.62,11.21,2,0.9,1.0,80,37.78
15,56.9,14.07,0,0.44,1.0,30,59.96
55,86.36,11.25,2,0.35,1.0,80,47.72
84,41.53,22.95,1,0.67,1.0,30,292.02
55,61.38,17.86,1,0.97,1.2,80,123.88
76,98.96,7.86,2,0.42,1.0,50,98.38
68,55.62,10.92,2,0.77,1.0,110,87.61
84,91.93,16.13,2,0.5,1.5,110,91.1
84,41.36,11.22,1,0.67,1.0,110,214.95
55,52.04,14.55,2,0.17,1.0,110,69.44
68,106.49,18.53,2,0.84,1.0,50,96.97
62,60.39,23.88,2,0.49,1.0,110,69.41
68,44.86,8.34,2,0.28,1.0,50,97.1
15,109.01,9.79,2,0.23,1.0,30,34.62
15,93.73,13.5,2,0.47,1.2,110,20.52
55,63.08,16.51,2,0.52,1.5,110,88.29
76,80.53,20.44,2,0.16,1.0,30,156.02
84,95.98,9.12,2,0.78,1.0,30,180.68
15,98.54,12.75,2,0.61,1.0,80,22.56
15,71.57,2.46,2,0.89,1.5,110,46.94
55,103.17,6.61,2,0.72,1.0,110,44.49
68,107.53,15.3,2,0.95,1.0,50,95.68
62,56.51,2.56,2,0.53,1.0,30,214.13
55,85.38,19.76,2,0.28,1.0,80,48.33
62,64.43,9.58,2,0.17,1.2,110,71.31
84,61.66,20.93,1,0.21,1.0,110,141.95
62,103.53,22.79,2,0.55,1.2,110,53.07
55,68.82,3.11,2,0.87,1.2,110,112.72
62,64.46,3.15,2,0.33,1.0,50,132.59
55,40.62,14.22,2,0.24,1.0,110,86.29
15,82.78,7.0,2,0.44,1.0,80,20.78
76,83.29,14.94,2,0.19,1.2,50,114.51
68,87.39,19.29,2,0.53,1.2,80,70.28
68,107.72,22.25,2,0.62,1.2,80,72.23
62,57.83,2.26,2,0.51,1.0,80,118.18
55,86.33,20.97,1,0.46,1.0,110,72.41
76,83.2,2.52,1,0.39,1.0,110,98.81
55,99.5,18.28,2,0.14,1.2,110,43.96
68,45.67,7.85,0,0.58,1.0,30,238.63
84,64.23,21.97,2,0.95,1.2,110,109.63
84,87.52,14.99,1,0.16,1.0,110,99.85
68,80.18,12.14,2,0.96,1.0,80,66.56
15,109.69,11.84,2,0.31,1.5,80,25.45
84,66.92,4.43,2,0.47,1.5,80,196.8
55,89.4,2.22,2,0.71,1.0,110,74.91
55,99.17,13.33,2,0.44,1.0,50,74.51
15,81.28,4.07,1,0.86,1.0,30,65.19
62,95.17,10.57,2,1.0,1.0,50,92.59
62,60.53,5.23,2,0.39,1.2,110,82.08
15,104.9,18.35,2,0.69,1.0,80,23.92
62,95.3,9.11,2,0.96,1.0,110,56.24
15,61.79,3.83,2,0.51,1.0,80,34.12
76,93.19,9.28,2,0.54,1.0,50,102.21
15,55.71,17.15,2,0.71,1.0,110,27.89
15,63.41,12.97,0,0.13,1.0,110,27.37
15,47.46,6.55,2,0.79,1.2,110,37.69
68,70.51,21.29,2,0.44,1.0,80,66.23
55,106.89,13.29,0,0.18,1.0,30,188.72
55,88.35,16.25,2,0.85,1.0,110,52.35
62,78.3,20.89,2,0.64,1.0,80,58.4
68,82.02,15.26,1,0.29,1.2,110,104.63
76,66.87,4.72,2,0.96,1.0,110,130.52
84,106.46,18.12,2,0.54,1.0,110,57.94
84,102.67,24.41,2,0.99,1.0,110,65.22
84,83.66,19.55,0,0.39,1.0,110,107.97
15,68.4,3.74,2,0.68,1.2,80,38.44
15,65.63,23.45,2,0.82,1.0,110,28.39
84,50.45,13.55,2,0.78,1.0,50,115.16
84,80.52,12.06,2,0.2,1.0,110,67.35
15,75.11,5.85,2,0.78,1.0,110,25.59
68,51.81,12.31,2,0.48,1.0,110,89.25
15,70.81,14.55,2,0.41,1.2,80,21.84
55,94.65,8.02,1,0.42,1.0,50,117.15
76,61.57,16.36,2,0.35,1.0,50,98.45
84,87.28,16.59,2,0.55,1.0,50,110.38
15,89.49,15.36,2,0.42,1.0,80,18.4
55,57.71,22.93,2,0.14,1.0,80,61.73
15,71.39,16.68,1,0.94,1.0,110,38.06
15,108.47,16.9,2,0.36,1.5,50,33.85
68,77.77,19.42,0,0.55,1.2,110,114.85
62,99.14,12.19,1,0.63,1.0,80,87.84
84,81.41,19.1,2,0.74,1.2,30,216.25
68,51.62,6.72,2,0.43,1.2,110,103.47
68,107.75,23.37,2,0.78,1.0,110,51.06
76,42.26,14.57,2,0.55,1.2,50,140.11
84,100.92,11.93,2,0.17,1.0,80,68.63
62,48.63,22.95,1,0.3,1.2,110,160.0
84,43.12,8.15,2,0.97,1.2,80,157.21
68,76.55,13.78,2,0.39,1.2,80,72.05
62,84.51,4.69,2,0.6,1.2,110,100.58
15,52.56,3.18,2,0.17,1.0,30,55.72
62,67.84,8.75,2,0.29,1.0,50,79.99
84,53.05,3.73,2,0.85,1.0,80,173.44
68,52.34,7.8,1,0.38,1.0,30,232.98
55,108.96,13.91,2,0.43,1.2,30,139.83
55,69.25,9.22,2,0.94,1.0,30,125.34
84,68.88,22.45,2,0.86,1.5,50,167.23
84,44.64,16.82,2,0.96,1.2,50,152.07
55,94.1,13.07,2,0.29,1.0,110,40.22
62,57.27,11.05,2,0.79,1.0,50,89.63
76,86.9,5.9,1,0.78,1.0,80,108.31
62,45.52,18.79,2,0.82,1.0,110,94.88
15,98.05,8.84,2,0.1,1.5,110,16.45
68,45.75,4.51,2,0.2,1.0,80,156.09
68,84.01,7.63,0,0.39,1.0,110,87.65
62,54.24,17.81,0,0.27,1.0,110,120.81
15,51.96,17.48,2,0.39,1.0,110,25.81
68,63.44,16.96,2,0.38,1.5,50,129.75
55,108.71,8.71,2,0.26,1.2,110,41.42
76,64.04,19.52,1,0.16,1.2,110,145.62
84,52.51,12.83,2,0.41,1.0,30,175.91
15,91.08,3.28,2,0.18,1.5,50,47.76
68,50.69,6.14,1,0.64,1.0,110,146.32
15,61.02,23.79,2,0.61,1.5,110,32.76
55,53.11,17.94,1,0.54,1.0,110,114.54
76,47.73,23.03,1,0.62,1.0,80,170.15
84,66.65,11.22,2,0.31,1.0,110,79.73
62,82.52,14.36,1,0.31,1.0,30,212.21
55,40.65,6.45,2,0.3,1.2,80,104.99
62,59.32,13.7,1,0.91,1.2,80,141.15
84,59.92,6.85,0,0.77,1.0,50,182.0
15,85.52,19.53,2,0.53,1.0,110,20.08
76,58.16,12.62,1,0.61,1.0,50,164.33
62,102.58,5.43,2,0.65,1.2,110,55.4
76,65.18,6.05,2,0.28,1.0,80,75.84
68,92.65,17.11,2,0.51,1.2,110,61.8
55,78.28,23.93,2,0.22,1.0,110,45.21
84,58.04,20.87,1,0.69,1.2,110,185.97
84,80.27,6.95,2,0.33,1.5,80,101.56
76,74.0,9.7,1,0.68,1.0,110,115.35
68,54.06,2.79,2,0.86,1.0,110,141.4
76,98.58,15.42,1,0.97,1.0,110,93.87
84,84.71,12.52,0,0.75,1.2,110,132.63
55,63.39,11.52,2,0.28,1.5,110,85.0
76,43.31,19.37,2,0.15,1.2,110,131.22
15,97.04,3.74,2,0.32,1.5,50,52.97
68,52.57,3.68,2,0.61,1.0,110,139.05
84,103.92,21.96,2,0.16,1.2,110,62.26
62,42.36,16.71,1,0.52,1.2,110,186.05
76,95.49,16.57,2,0.31,1.5,110,78.87
55,44.44,14.13,2,0.27,1.0,110,79.56
55,59.84,17.3,2,0.33,1.0,80,62.5
84,50.31,19.41,2,0.28,1.0,80,105.15
55,81.64,10.63,2,0.24,1.0,110,46.25
55,95.95,15.78,2,0.28,1.2,110,46.14
84,52.67,19.65,2,0.42,1.0,80,104.97
68,44.48,21.29,1,0.98,1.0,110,168.92
62,61.91,17.04,1,0.62,1.0,110,110.16
62,79.56,21.2,1,0.88,1.0,110,92.39
62,74.55,4.18,1,0.74,1.2,30,261.41
15,65.51,16.93,2,0.72,1.0,80,26.9
84,49.75,21.45,0,0.78,1.0,110,183.57
15,78.18,17.66,0,0.67,1.2,50,47.78
15,98.34,5.72,2,0.21,1.2,110,16.65
76,59.02,12.89,0,0.15,1.0,110,133.75
15,101.55,21.06,2,0.19,1.0,110,14.46
76,60.1,24.6,2,0.44,1.0,50,100.06
84,89.68,15.68,2,0.83,1.5,110,98.41
62,89.52,21.12,1,0.95,1.0,50,138.72
84,82.19,20.9,2,0.81,1.2,110,88.31
15,66.05,23.84,2,0.17,1.0,110,17.72
68,71.43,19.09,0,0.13,1.0,110,98.76
62,68.69,9.35,1,0.4,1.0,80,99.44
76,77.43,4.25,1,0.87,1.5,80,161.16
68,82.17,5.24,2,0.41,1.0,80,58.82
76,48.97,4.84,2,0.84,1.0,50,169.55
55,90.1,5.95,1,0.24,1.0,50,115.89
15,93.15,12.83,2,0.32,1.0,80,19.29
62,86.61,17.93,2,0.6,1.5,110,76.22
76,75.56,11.36,1,0.36,1.0,80,109.45
76,62.57,21.37,2,1.0,1.0,110,89.11
62,83.03,19.41,1,0.57,1.2,110,99.58
62,100.43,24.24,2,0.11,1.0,30,127.8
55,66.81,9.79,1,0.89,1.0,110,96.5
76,70.69,16.04,2,0.85,1.5,80,109.81
68,55.05,3.44,2,0.21,1.2,50,167.94
62,99.82,15.3,2,0.16,1.0,50,79.89
62,96.19,14.51,1,0.81,1.0,50,138.93
76,84.11,23.3,1,0.93,1.0,110,106.25
15,49.55,9.64,1,0.76,1.2,110,50.72
62,93.11,20.29,1,0.18,1.0,110,72.35
62,77.43,8.9,2,0.38,1.5,110,79.01
68,76.08,21.58,1,0.19,1.0,110,94.62
76,46.89,9.07,2,0.63,1.5,80,157.27
15,108.93,24.74,2,0.74,1.5,80,30.04
15,89.26,7.06,0,0.88,1.0,110,32.48
68,75.85,8.96,2,0.85,1.0,110,68.36
76,91.78,24.87,1,0.67,1.0,110,94.52
68,71.3,20.81,0,0.18,1.0,110,100.89
68,90.32,11.47,2,0.17,1.0,30,139.43
76,74.53,3.16,0,0.55,1.0,30,264.4
84,73.42,11.07,1,0.62,1.2,110,147.61
15,103.28,3.99,2,0.92,1.5,110,37.26
76,61.91,8.79,2,0.26,1.0,110,79.08
68,75.66,8.89,1,0.48,1.0,80,98.96
15,101.39,15.24,2,0.36,1.0,110,15.49
62,57.27,12.12,2,0.66,1.5,110,109.74
62,66.73,5.52,2,0.4,1.0,80,64.83
55,108.95,24.14,1,0.45,1.2,110,69.69
76,107.04,10.33,0,0.97,1.2,80,131.65
62,76.4,10.65,2,0.62,1.0,80,59.7
55,70.11,3.64,1,0.66,1.0,110,90.13
15,80.57,9.2,1,0.41,1.0,50,39.24
55,76.98,24.35,2,0.8,1.0,80,54.27
84,100.52,6.11,2,0.24,1.0,110,53.43
62,62.1,16.07,2,0.11,1.0,110,64.27
76,96.12,22.96,1,0.32,1.0,110,85.86
15,46.44,21.96,0,0.31,1.0,50,40.95
55,77.11,20.51,2,0.66,1.0,110,54.91
62,76.35,8.84,1,0.8,1.2,110,110.83
68,107.53,21.86,2,0.18,1.0,110,43.17
15,61.23,4.15,2,0.79,1.2,110,41.83
84,66.31,17.32,2,0.12,1.0,50,103.17
68,80.85,6.59,0,0.78,1.0,110,97.04
68,66.18,5.83,1,0.46,1.0,30,235.78
55,45.33,22.72,2,0.99,1.2,50,103.3
15,97.2,2.29,2,0.52,1.0,50,40.49
76,89.05,16.89,2,0.89,1.0,110,67.41
55,41.2,3.39,1,0.41,1.0,80,143.01
84,94.54,22.04,2,0.56,1.5,110,90.36
15,68.38,9.12,2,0.44,1.5,110,29.48
15,79.02,17.6,1,0.78,1.0,50,43.63
62,98.96,8.14,2,0.37,1.0,50,81.34
15,79.32,11.59,2,0.47,1.0,110,19.49
84,99.65,19.39,1,0.43,1.0,80,112.14
76,102.65,2.44,2,0.33,1.0,80,101.34
76,93.91,4.77,2,0.71,1.0,110,93.37
68,96.42,23.97,1,0.87,1.2,110,98.83
15,47.4,13.5,2,1.0,1.0,50,35.7
84,73.83,23.29,1,0.86,1.0,50,181.93
55,76.62,20.72,2,0.59,1.2,80,61.45
68,101.06,23.1,2,0.35,1.5,110,68.08
15,89.59,18.87,2,0.26,1.0,50,22.75
62,68.25,14.59,2,0.98,1.5,110,98.71
62,52.39,14.51,2,0.67,1.0,110,83.8
76,65.56,13.75,2,0.76,1.0,110,82.73
15,62.81,11.55,1,0.58,1.0,50,41.33
84,82.32,12.73,2,0.39,1.0,80,70.38
62,83.8,22.95,0,0.9,1.2,50,164.58
76,62.45,20.94,2,0.75,1.2,110,100.21
55,44.73,9.59,2,0.81,1.0,80,89.04
76,95.69,13.09,2,0.76,1.0,80,71.16
68,99.81,5.49,0,0.55,1.0,110,78.62
55,107.86,6.98,2,0.93,1.0,80,57.3
68,80.68,9.67,2,0.34,1.0,50,89.38
68,46.17,20.45,2,0.84,1.2,80,120.22
68,52.61,16.44,1,0.59,1.0,30,237.84
76,85.49,3.47,2,0.43,1.0,50,158.9
68,51.75,17.75,2,0.92,1.2,110,112.41
55,86.63,17.96,2,0.34,1.0,110,46.72
62,102.41,21.45,2,0.13,1.0,50,77.21
76,82.25,13.04,2,0.78,1.5,80,100.3
76,76.7,12.28,2,0.16,1.2,110,76.19
55,63.82,17.03,2,0.95,1.5,30,180.6
76,81.3,8.49,1,0.61,1.0,110,104.5
76,97.43,6.1,2,0.5,1.2,110,65.5
84,85.89,4.3,2,0.85,1.2,80,140.66
62,73.51,18.94,2,0.9,1.0,110,68.16
68,40.7,20.88,2,0.98,1.2,80,137.69
76,109.57,17.25,2,0.7,1.5,110,72.7
15,81.32,16.48,2,0.49,1.0,110,20.69
62,82.92,10.11,2,0.35,1.0,110,51.22
62,79.42,18.24,2,0.92,1.0,50,90.4
62,83.16,18.34,2,0.87,1.0,110,60.43
15,69.02,24.31,2,0.47,1.2,80,24.28
76,85.96,10.98,1,0.16,1.2,110,111.39
15,99.24,10.94,2,0.79,1.2,50,35.19
84,85.3,7.92,2,0.29,1.0,110,65.23
15,98.73,9.86,1,0.65,1.0,80,29.16
84,86.45,5.01,1,0.58,1.5,80,165.72
76,70.42,6.98,2,0.68,1.0,110,76.59
55,68.83,10.09,2,0.77,1.2,80,71.46
15,95.81,6.38,1,0.31,1.2,30,66.83
76,51.16,15.27,2,0.57,1.0,30,162.39
76,67.29,11.27,2,0.2,1.0,80,72.6
62,72.09,10.02,2,0.2,1.0,80,57.71
62,85.03,13.67,1,0.35,1.0,30,213.84
76,47.54,14.8,2,0.72,1.0,50,109.73
15,92.41,21.15,1,0.99,1.0,50,48.51
68,48.21,11.35,1,0.4,1.0,50,150.05
68,85.49,12.53,2,0.47,1.0,110,56.74
62,87.39,4.11,2,0.94,1.0,110,87.04
55,86.09,10.86,2,0.56,1.0,110,46.42
15,40.03,9.56,1,0.45,1.0,110,46.63
55,82.84,10.36,0,0.51,1.0,80,76.75
15,89.98,7.4,2,0.44,1.2,50,31.33
62,75.7,12.48,2,0.9,1.0,110,64.54
76,54.93,21.27,2,0.11,1.0,110,90.09
68,85.14,7.3,2,0.46,1.0,110,57.17
15,54.39,6.61,1,0.29,1.0,110,33.56
55,40.08,4.54,2,0.71,1.0,80,152.03
76,62.11,2.69,2,0.65,1.2,30,316.35
55,84.52,17.83,2,0.19,1.0,110,44.72
68,50.92,5.96,2,0.65,1.0,80,93.85
55,63.76,18.86,2,0.48,1.0,30,120.49
68,65.52,6.11,2,0.96,1.0,30,152.08
62,91.35,13.91,2,0.73,1.0,110,55.55
62,83.27,10.94,2,0.66,1.0,110,57.61
55,108.73,10.86,2,0.42,1.2,110,43.44
62,86.97,24.24,1,0.23,1.0,80,82.88
76,64.45,19.25,2,0.29,1.2,50,114.3
62,81.86,22.01,2,0.59,1.5,110,78.91
15,53.25,2.53,1,0.28,1.0,30,57.54
76,45.7,5.25,2,0.4,1.0,110,107.03
76,105.01,17.27,2,0.74,1.0,80,70.62
84,86.77,2.12,2,0.46,1.0,80,114.19
84,83.4,15.74,2,0.67,1.5,80,107.31
84,83.41,16.15,2,0.88,1.0,110,74.41
62,63.43,24.6,0,0.72,1.0,110,111.63
62,86.77,14.7,2,0.67,1.0,80,59.05
55,47.91,16.86,2,0.64,1.0,110,81.57
76,88.21,7.82,2,0.58,1.5,30,237.64
15,54.91,10.63,2,0.2,1.2,110,23.17
15,101.1,20.58,2,0.86,1.0,110,25.5
15,59.41,8.59,2,0.98,1.5,50,44.93
15,42.52,11.17,2,0.92,1.0,80,36.39
84,44.58,23.8,2,0.5,1.0,110,121.37
84,94.67,21.48,2,0.17,1.2,30,205.96
76,91.23,6.26,2,0.13,1.0,110,52.98
68,91.0,7.55,2,0.52,1.0,80,60.99
15,91.91,5.88,2,0.9,1.0,110,27.17
68,75.4,3.67,1,0.8,1.2,110,121.7
76,59.49,3.27,2,0.54,1.0,50,161.88
76,64.96,17.24,0,0.66,1.0,50,163.81
68,41.5,17.24,2,0.74,1.0,110,112.33
76,55.31,8.64,2,0.48,1.0,30,160.6
76,43.17,11.42,2,0.44,1.5,110,167.76
68,61.37,22.94,0,0.79,1.5,110,180.72
68,54.55,6.23,2,0.29,1.0,110,81.58
68,92.08,6.34,2,0.42,1.0,30,143.42
15,89.42,9.33,0,0.91,1.0,50,45.5
62,59.59,7.82,0,0.98,1.0,110,120.05
55,73.73,13.89,2,0.54,1.5,110,78.5
15,66.41,5.69,2,0.4,1.0,110,21.55
55,100.69,21.43,2,0.53,1.0,110,41.66
76,74.01,20.78,2,0.22,1.0,110,68.76
15,87.11,5.04,2,0.58,1.0,110,21.32
15,61.2,5.0,2,0.9,1.0,80,29.76
68,105.76,23.03,0,0.79,1.0,50,149.89
68,80.34,9.49,2,0.25,1.0,110,58.54
62,93.31,21.92,1,0.89,1.0,110,81.97
62,62.65,5.42,2,0.32,1.0,80,68.65
62,102.52,22.95,2,0.63,1.5,30,196.92
76,62.19,7.28,2,0.63,1.0,110,84.48
76,63.59,21.32,1,0.13,1.5,110,183.61
68,40.65,16.86,2,0.95,1.0,50,117.66
15,92.73,3.38,2,0.46,1.2,80,33.4
62,107.16,14.76,1,0.5,1.0,50,134.35
76,88.14,12.66,2,0.46,1.0,80,67.31
15,108.06,17.09,2,0.37,1.0,110,17.44
55,68.75,3.84,2,0.19,1.0,110,84.76
68,44.72,16.7,2,0.47,1.0,110,101.03
62,89.99,20.75,2,0.35,1.0,50,80.48
55,56.63,12.61,1,0.92,1.0,50,124.77
68,65.73,17.29,2,0.83,1.2,110,89.69
76,75.27,7.81,2,0.48,1.0,80,70.99
68,88.7,11.41,1,0.98,1.5,110,131.61
68,62.32,12.02,2,0.87,1.0,80,81.06
15,71.33,24.26,2,0.68,1.0,110,24.66
62,48.96,10.9,2,0.46,1.2,80,101.09
84,56.23,3.15,1,0.44,1.0,80,157.27
76,66.69,12.72,1,0.43,1.0,50,161.6
55,63.31,11.87,2,0.48,1.0,80,60.71
15,59.98,5.15,1,0.97,1.0,30,66.54
68,104.76,3.23,1,0.13,1.0,110,67.67
76,90.19,10.53,2,0.86,1.0,110,66.72
68,86.93,4.37,0,0.75,1.0,110,90.52
84,52.51,14.57,2,0.91,1.0,80,111.51
84,105.52,24.97,2,0.3,1.0,110,52.59
76,56.98,4.85,2,0.94,1.0,110,151.73
68,50.6,5.74,2,0.77,1.5,80,135.13
76,49.76,4.92,2,0.25,1.0,110,159.05
55,79.22,4.37,2,0.84,1.0,110,82.89
68,105.06,19.08,1,0.53,1.0,110,75.78
76,73.43,22.61,2,0.5,1.0,50,98.96
84,86.75,13.7,2,0.51,1.0,50,109.64
84,97.4,17.72,2,0.32,1.0,80,71.25
62,53.19,15.08,2,0.67,1.0,110,82.38
68,69.46,20.19,2,0.51,1.0,110,69.65
55,94.7,20.93,0,0.76,1.2,110,84.39
15,70.83,23.81,2,0.38,1.0,80,20.21
76,90.67,19.78,2,0.79,1.0,110,64.55
84,92.0,17.99,2,0.38,1.0,110,63.94
62,75.87,15.29,1,0.93,1.0,110,97.01
68,60.68,21.83,2,0.28,1.2,80,86.74
62,59.64,14.06,2,0.49,1.0,30,132.47
84,65.56,7.59,2,0.57,1.0,110,89.21
15,69.39,24.07,2,0.68,1.0,50,30.91
68,83.83,16.0,2,0.65,1.0,80,63.02
55,106.68,13.04,2,0.61,1.0,50,76.45
62,63.46,22.94,1,0.75,1.0,110,108.2
15,94.27,19.23,2,0.22,1.0,50,23.15
68,91.11,21.41,2,0.75,1.0,110,57.65
68,41.03,9.48,0,0.85,1.0,30,240.55
62,61.28,13.13,2,0.49,1.0,80,70.29
84,85.81,21.66,2,0.89,1.0,110,74.18
68,49.2,5.02,2,0.74,1.5,30,217.77
76,90.8,12.86,2,0.72,1.5,80,98.24
76,44.08,8.32,0,0.94,1.0,110,187.46
68,72.95,19.62,0,0.96,1.0,110,110.03
15,98.81,3.03,2,0.58,1.0,80,31.52
68,67.48,7.82,2,0.21,1.0,30,141.29
55,47.55,14.84,0,0.61,1.2,110,150.51
76,96.12,8.36,2,0.11,1.0,50,94.66
68,78.39,14.29,1,0.63,1.0,110,98.88
55,81.82,2.02,1,0.94,1.0,80,84.5
84,101.24,15.66,2,0.82,1.0,110,63.82
68,103.73,10.69,2,0.58,1.2,110,57.41
55,42.3,24.75,2,0.79,1.0,80,91.47
84,94.66,6.56,2,0.11,1.2,30,204.53
84,78.3,4.97,2,0.42,1.2,110,136.1
62,68.61,4.85,2,0.4,1.2,80,116.55
68,72.16,24.15,1,0.68,1.5,80,154.04
62,89.5,24.81,0,0.59,1.0,110,79.73
15,60.55,16.56,0,0.37,1.0,30,57.42
84,90.85,10.04,2,0.49,1.0,30,176.6
55,61.61,13.55,2,0.38,1.0,50,75.24
68,92.22,6.21,1,0.36,1.0,80,91.4
68,62.79,5.32,1,0.33,1.0,80,114.92
68,79.24,11.17,2,0.13,1.0,80,55.22
15,100.52,5.23,0,0.46,1.0,110,24.98
62,99.83,19.11,2,0.77,1.5,50,125.42
62,48.07,15.43,2,0.56,1.0,80,87.8
76,58.19,23.06,2,0.93,1.0,110,92.84
62,109.57,9.68,1,0.11,1.0,110,60.02
84,92.65,18.63,1,0.67,1.0,110,102.66
62,45.01,9.04,0,0.82,1.0,110,151.95
76,42.82,5.2,2,0.99,1.2,80,146.77
55,61.39,23.49,2,0.3,1.0,110,62.0
76,104.37,13.22,0,0.31,1.0,30,258.12
68,85.84,14.5,2,0.39,1.5,80,83.55
76,60.75,2.98,2,0.34,1.5,50,236.76
84,50.95,24.66,2,0.97,1.2,110,135.41
55,78.82,4.92,2,0.83,1.2,50,146.1
84,64.61,24.79,2,0.7,1.0,110,91.26
84,58.13,21.52,2,0.19,1.0,110,92.56
68,102.89,8.42,0,0.87,1.0,80,101.07
68,83.72,14.94,2,0.42,1.2,110,66.21
62,86.22,7.09,0,0.19,1.0,110,76.37
84,78.04,5.24,1,0.39,1.2,110,136.62
55,100.54,24.07,2,0.71,1.2,80,62.49
15,95.67,17.85,2,0.18,1.2,30,42.3
15,93.66,24.73,2,0.88,1.0,110,25.8
15,72.53,16.61,1,0.9,1.0,30,64.92
55,69.28,14.56,1,0.34,1.0,80,88.69
68,59.88,21.46,2,0.21,1.0,110,72.73
84,69.66,12.68,2,0.57,1.2,110,96.29
15,73.92,21.27,2,0.44,1.0,30,37.89
84,103.37,3.52,2,0.43,1.5,110,129.94
76,88.98,12.86,2,0.47,1.0,110,58.9
15,107.87,20.87,2,0.28,1.2,110,16.24
68,49.31,18.45,2,0.52,1.2,110,110.87
76,76.38,7.88,1,0.74,1.0,110,113.01
62,85.38,7.83,1,0.32,1.0,110,79.89
62,44.94,10.49,2,0.61,1.0,110,94.26
68,53.67,13.61,1,0.15,1.0,50,139.85
76,64.27,24.87,2,0.66,1.2,110,96.02
62,50.72,4.95,2,0.69,1.0,50,135.81
76,100.85,4.76,2,0.47,1.0,110,84.81
15,61.73,8.02,1,0.76,1.5,110,48.67
62,106.71,13.97,1,0.2,1.0,80,83.44
55,109.68,5.44,2,0.79,1.5,110,58.67
68,96.5,6.82,1,0.5,1.0,110,79.78
84,65.29,12.3,1,0.79,1.0,110,143.87
84,57.87,6.65,1,0.1,1.0,80,151.86
15,42.85,2.99,2,0.21,1.0,50,40.69
68,79.13,23.81,1,0.8,1.0,50,150.53
76,67.41,6.42,2,0.71,1.0,110,81.54
84,96.3,17.82,1,0.24,1.0,110,93.42
15,61.61,17.23,2,0.95,1.0,110,31.23
62,52.73,6.64,2,0.88,1.0,110,85.98
76,79.26,22.65,1,0.54,1.2,110,124.77
15,76.15,14.09,2,0.59,1.0,110,22.62
84,90.48,20.54,2,0.88,1.0,80,80.1
68,93.95,15.85,2,0.67,1.0,80,64.08
84,51.33,19.33,2,0.96,1.0,110,115.26
76,81.22,19.99,1,0.22,1.0,50,157.9
68,80.29,19.05,0,0.97,1.0,80,101.25
84,70.77,8.54,2,0.32,1.0,110,78.1
84,41.31,2.5,2,0.19,1.5,50,310.24
15,91.41,10.07,2,0.28,1.2,80,19.86
55,60.29,5.19,2,0.41,1.0,80,62.05
76,69.62,18.11,0,0.44,1.0,50,160.58
76,87.9,18.92,2,0.11,1.0,110,57.49
84,87.1,5.82,2,0.98,1.0,80,81.62
76,80.07,25.0,1,0.81,1.5,110,155.81
68,55.82,20.17,1,0.37,1.0,110,130.17
62,108.66,2.28,2,0.55,1.0,110,68.56
62,96.17,23.41,1,0.47,1.0,50,134.32
62,77.23,3.57,2,0.42,1.0,110,89.95
68,47.65,6.41,2,0.47,1.2,50,112.9
84,51.96,12.95,2,0.78,1.0,110,111.61
68,100.46,7.99,0,0.74,1.2,50,177.62
15,46.57,17.92,2,0.63,1.0,110,29.66
15,66.0,9.31,2,0.4,1.0,80,22.51
62,95.47,9.24,2,0.37,1.5,110,64.74
76,80.36,14.61,1,0.72,1.2,30,316.31
76,100.05,21.17,2,0.9,1.5,110,82.74
62,63.31,9.59,2,0.28,1.0,110,63.23
76,86.66,8.89,2,0.77,1.2,30,195.98
84,85.35,18.65,2,0.58,1.0,80,73.59
84,87.28,23.77,2,0.14,1.5,50,155.96
68,96.02,23.25,1,0.62,1.0,110,82.45
76,74.4,17.8,2,0.76,1.5,80,103.63
84,79.57,9.42,2,0.18,1.5,50,156.08
68,106.81,6.29,1,0.82,1.0,30,241.4
55,53.05,9.73,2,0.45,1.2,110,83.1
84,48.03,6.57,2,0.59,1.0,80,115.37
62,43.78,12.1,0,0.26,1.2,80,177.2
15,76.09,5.08,1,0.14,1.2,110,27.54
76,55.45,18.69,0,0.75,1.5,30,392.97
76,40.17,4.51,2,0.14,1.0,110,193.26
76,90.13,19.84,2,0.39,1.2,110,69.45
62,50.65,21.4,1,0.13,1.0,110,126.18
15,90.1,17.25,2,0.99,1.0,50,34.61
76,101.27,19.68,2,0.26,1.0,50,96.41
15,40.21,20.57,1,0.8,1.0,80,51.71
62,40.68,8.54,2,0.18,1.0,80,96.26
68,98.41,13.17,2,0.92,1.0,80,66.71
55,89.77,14.99,2,0.63,1.5,110,66.54
55,104.84,16.26,2,0.31,1.5,110,54.21
55,68.95,23.32,0,0.51,1.2,30,228.91
62,85.27,23.07,1,0.46,1.0,80,87.75
76,92.51,23.56,2,0.59,1.0,110,60.5
76,79.55,6.43,2,0.35,1.0,30,161.12
84,95.61,20.6,2,0.54,1.0,110,61.52
62,68.49,7.38,2,0.56,1.2,110,75.89
76,60.76,6.74,2,0.23,1.0,80,82.53
15,93.3,14.12,1,0.52,1.5,110,35.14
62,46.79,23.79,2,0.41,1.0,50,87.19
15,77.48,11.02,2,0.61,1.0,30,40.65
62,61.05,13.35,1,0.65,1.0,50,136.28
84,47.15,11.7,2,0.89,1.0,110,121.7
62,60.24,18.09,1,0.55,1.0,80,112.54
84,92.58,5.83,2,0.72,1.0,30,181.05
84,64.3,21.52,2,0.28,1.0,110,85.08
76,88.54,13.51,1,0.89,1.0,80,110.28
84,69.86,22.93,1,0.21,1.0,110,125.08
68,95.98,5.56,2,0.42,1.0,110,51.95
68,43.16,22.72,2,0.76,1.2,50,128.72
68,96.98,9.91,2,0.9,1.0,80,67.08
15,55.19,5.93,2,0.62,1.0,80,26.0
68,104.04,13.23,1,0.12,1.0,110,69.44
15,74.71,5.02,2,0.22,1.0,80,17.09
76,62.11,9.86,2,0.44,1.0,110,85.15
68,73.26,7.98,0,0.35,1.0,50,143.44
76,96.84,23.35,1,0.23,1.0,110,84.37
68,73.95,6.75,2,0.62,1.0,30,147.87
62,102.87,21.16,0,0.22,1.2,110,79.19
55,95.92,17.59,2,0.89,1.0,110,46.68
15,60.63,2.84,2,0.84,1.0,50,44.36
15,93.03,14.45,2,0.75,1.0,80,24.52
84,52.25,4.33,2,0.52,1.0,30,288.6
62,89.18,7.71,2,0.94,1.2,80,73.52
15,68.8,12.7,2,0.66,1.0,110,26.01
55,51.92,8.47,1,0.19,1.0,110,112.65
84,76.5,7.37,2,0.51,1.0,30,178.53
62,92.68,8.0,2,0.84,1.0,80,62.32
15,106.74,16.86,2,0.56,1.0,80,21.97
68,58.64,16.3,1,0.3,1.0,110,122.19
84,42.66,21.75,2,1.0,1.0,110,134.42
55,45.19,8.78,2,0.72,1.2,50,98.9
62,107.38,12.45,2,0.45,1.2,50,97.79
76,45.57,8.36,2,0.46,1.0,110,108.85
15,103.36,17.39,2,0.12,1.5,110,16.8
62,62.59,14.82,2,0.33,1.5,80,95.14
76,92.66,18.96,0,0.15,1.5,110,128.66
84,52.92,6.3,2,0.24,1.2,30,206.97
55,78.97,21.34,2,0.89,1.2,80,65.92
76,84.12,22.1,0,0.6,1.0,30,265.53
62,47.3,15.47,2,0.26,1.0,110,85.64
62,91.67,22.57,2,0.81,1.0,80,61.0
62,76.69,17.77,1,0.69,1.0,80,94.18
62,50.45,7.11,2,0.71,1.0,50,87.87
84,73.86,22.27,2,0.94,1.0,30,182.24
62,46.79,5.19,1,0.43,1.0,80,140.3
15,46.96,20.06,2,0.54,1.0,110,29.21
76,88.27,10.89,2,0.96,1.0,80,72.9
62,64.6,16.58,2,0.27,1.0,110,65.15
84,52.15,13.03,0,0.91,1.0,110,177.73
68,57.28,2.55,2,0.82,1.2,80,156.11
76,91.78,2.74,0,0.13,1.5,110,126.95
15,50.3,18.04,2,0.51,1.0,80,26.54
68,91.69,12.94,2,0.35,1.0,110,52.63
55,99.0,5.85,2,0.38,1.0,110,41.19
84,78.91,22.85,0,0.64,1.2,50,212.96
55,53.88,6.57,1,0.65,1.0,110,112.96
84,51.84,13.76,2,0.31,1.2,80,123.54
15,87.78,5.14,1,0.55,1.0,110,28.13
55,108.48,20.11,2,0.5,1.0,80,51.76
76,96.78,23.94,2,0.53,1.2,110,65.96
62,98.99,8.17,2,0.86,1.5,110,71.17
76,104.34,17.72,2,0.33,1.0,30,158.72
55,40.14,20.26,2,0.97,1.0,110,96.65
55,101.39,4.26,1,0.75,1.0,50,123.46
76,58.46,23.95,2,0.84,1.0,50,105.22
76,58.44,5.45,2,0.42,1.2,110,102.42
76,86.99,11.93,0,0.65,1.0,110,100.76
55,66.25,11.92,0,0.18,1.0,50,114.98
55,59.21,4.25,1,0.42,1.0,50,117.13
55,105.36,2.46,2,0.66,1.2,110,73.51
76,40.48,11.51,2,0.85,1.0,110,126.94
15,51.07,18.95,2,0.86,1.0,30,44.67
76,77.0,12.17,1,0.47,1.2,110,127.27
84,96.55,17.88,1,0.54,1.2,30,345.45
15,50.95,14.91,1,0.14,1.5,30,78.22
55,74.57,10.37,2,0.4,1.0,110,53.47
84,103.43,6.11,2,0.2,1.0,80,66.17
84,75.88,17.12,2,0.89,1.0,110,81.46
15,43.18,20.14,2,0.85,1.0,110,34.77
62,91.55,3.06,1,0.47,1.0,50,132.87
15,70.81,8.73,1,0.46,1.0,80,29.35
62,76.19,14.07,1,0.31,1.2,30,253.81
76,87.77,7.46,0,0.2,1.0,80,99.95
76,48.86,5.89,2,0.44,1.0,110,102.35
84,103.33,4.12,2,0.44,1.0,110,89.19
68,74.28,22.07,1,0.3,1.0,110,99.53
62,74.78,19.25,2,0.1,1.0,110,54.04
15,101.74,15.06,1,0.43,1.0,110,22.62
55,69.64,21.5,2,0.27,1.0,110,55.57
84,97.78,7.86,2,0.28,1.0,80,69.95
55,62.18,7.55,2,0.98,1.0,110,69.75
84,47.84,7.51,2,0.24,1.2,30,207.14
84,51.98,22.41,2,0.88,1.0,30,182.83
68,101.18,24.69,2,0.76,1.0,110,53.13
84,75.19,9.82,2,0.15,1.2,110,83.34
76,73.96,8.3,1,0.89,1.0,30,270.27
84,86.19,23.14,2,0.28,1.2,50,126.2
15,70.17,11.64,2,0.9,1.0,110,28.23
55,78.62,13.27,2,0.36,1.0,110,48.96
84,41.71,9.67,0,0.23,1.0,110,205.95
76,100.71,16.61,2,0.57,1.0,110,54.72
76,88.32,17.14,1,0.47,1.0,110,93.84
84,101.04,11.17,0,0.36,1.0,80,113.76
76,57.83,19.96,1,0.52,1.0,110,140.1
62,68.22,3.58,2,0.73,1.0,110,103.12
84,72.23,17.18,2,0.88,1.0,80,84.83
84,85.0,15.63,1,0.13,1.0,110,102.95
55,73.86,13.66,2,0.83,1.0,110,57.79
68,72.45,14.18,2,0.91,1.0,30,150.94
76,95.43,12.76,2,0.89,1.0,80,72.5
84,53.8,23.33,2,0.25,1.2,50,126.91
15,76.96,2.13,2,0.52,1.0,80,28.1
76,43.47,8.86,2,0.99,1.2,30,197.12
76,101.83,5.89,2,0.23,1.0,110,51.5
15,70.82,22.2,1,0.33,1.0,30,56.81
62,56.66,24.9,2,0.87,1.5,110,112.76
55,45.81,17.5,2,0.36,1.2,110,92.95
68,86.81,7.68,2,0.46,1.0,80,59.95
55,40.87,12.39,1,0.61,1.0,110,145.96
15,53.66,18.2,2,0.21,1.0,110,20.9
68,86.02,3.3,2,0.52,1.0,50,143.53
62,58.46,5.26,1,0.88,1.0,80,121.1
84,100.58,12.99,2,0.76,1.2,30,214.46
15,90.28,5.89,1,0.65,1.0,80,30.15
76,59.33,8.52,2,0.6,1.0,80,86.59
76,99.93,19.71,2,0.93,1.0,110,61.23
15,61.13,22.34,2,0.82,1.0,110,29.11
15,92.24,9.83,1,0.76,1.2,110,33.86
76,91.01,19.71,0,0.27,1.5,50,235.28
15,75.51,16.37,2,0.31,1.0,110,19.13
84,71.52,11.73,2,0.53,1.2,110,92.65
68,50.13,20.48,2,0.79,1.0,80,95.96
55,60.8,12.86,1,0.83,1.0,110,105.02
68,103.95,7.3,2,0.17,1.0,110,43.6
62,73.53,19.58,2,0.34,1.0,80,57.73
62,69.93,20.73,2,0.84,1.5,110,95.19
55,93.05,14.9,1,0.39,1.0,30,192.7
84,106.26,16.08,2,0.26,1.0,110,52.97
55,57.73,22.81,0,0.24,1.0,110,98.85
55,51.31,2.69,2,0.67,1.0,50,123.07
84,83.71,18.82,1,0.34,1.0,50,175.66
15,83.5,15.52,2,0.33,1.0,110,16.36
55,98.36,11.81,2,0.37,1.0,110,39.59
62,106.81,21.79,2,0.28,1.0,30,131.15
68,67.58,6.84,2,0.67,1.0,110,73.32
76,53.79,10.75,1,0.8,1.0,110,153.77
76,45.3,14.83,2,0.29,1.0,80,106.95
68,58.63,20.14,2,0.76,1.0,30,147.69
76,87.03,17.49,2,0.7,1.2,110,75.08
76,47.86,21.71,1,0.68,1.0,110,169.3
55,66.9,20.64,2,0.67,1.5,30,177.66
76,41.26,3.81,2,0.27,1.0,110,191.39
84,60.57,5.55,2,0.49,1.2,110,110.04
76,47.48,5.4,0,0.28,1.2,110,198.71
62,83.52,10.89,1,0.93,1.0,80,93.21
68,62.57,12.73,2,0.9,1.2,80,93.54
68,104.06,23.62,0,0.74,1.0,50,148.74
55,85.93,12.9,2,0.82,1.2,110,61.64
55,74.03,23.62,2,0.36,1.0,80,54.2
15,75.77,10.38,2,0.2,1.2,110,18.22
15,80.85,15.09,2,0.31,1.0,110,17.89
55,109.49,11.36,2,0.25,1.0,110,34.79
15,91.31,2.94,1,0.67,1.0,110,29.72
68,108.49,14.1,1,0.62,1.0,50,146.54
55,56.66,17.46,2,0.75,1.0,80,72.22
62,108.24,19.56,2,0.56,1.0,50,85.69
15,69.51,19.08,2,0.2,1.0,110,17.04
84,76.11,5.52,1,0.76,1.0,110,122.85
15,59.21,22.02,1,0.29,1.5,50,51.64
15,76.33,23.44,2,0.5,1.0,110,21.96
68,106.21,19.55,1,0.16,1.0,110,68.53
84,90.84,2.01,1,0.71,1.0,110,104.18
15,78.27,23.13,2,0.81,1.0,80,27.34
55,81.4,12.31,1,0.92,1.0,110,83.82
68,56.25,9.95,2,0.39,1.0,50,88.67
76,82.0,13.66,2,0.69,1.0,110,67.36
68,60.93,11.21,2,0.59,1.0,50,92.45
62,92.52,8.39,0,0.54,1.2,80,104.56
84,45.36,23.57,2,0.95,1.0,110,127.37
84,72.27,23.96,1,0.54,1.0,110,125.58
76,58.2,21.75,2,0.81,1.2,80,107.46
62,42.86,17.06,2,0.6,1.0,80,99.32
84,89.39,13.78,2,0.18,1.0,110,60.97
76,63.78,11.3,2,0.3,1.0,30,159.01
68,59.05,4.32,2,0.89,1.0,50,152.05
76,90.29,15.26,2,0.95,1.0,80,73.44
62,98.67,12.98,1,0.64,1.0,80,88.68
62,60.04,12.88,2,0.33,1.0,30,131.35
15,86.6,8.25,2,0.65,1.0,80,23.93
62,51.38,4.07,2,0.32,1.2,110,149.21
76,103.58,5.71,2,0.48,1.0,110,53.21
55,86.34,12.26,2,0.79,1.2,50,93.6
84,40.85,6.0,2,0.59,1.0,110,133.46
62,44.49,15.73,2,0.49,1.0,110,94.26
68,74.68,18.28,2,0.38,1.0,110,62.07
84,60.14,8.07,2,0.31,1.0,50,107.29
55,52.27,11.85,2,0.4,1.0,110,70.41
76,78.63,23.2,0,0.47,1.0,110,105.13
55,42.16,21.01,2,0.32,1.0,110,84.6
76,72.54,4.33,2,0.59,1.0,110,116.74
84,104.15,20.44,1,0.14,1.0,80,108.56
55,48.68,12.81,2,0.43,1.0,80,77.26
84,45.36,3.63,2,0.47,1.0,30,288.77
76,89.79,18.89,2,0.33,1.0,110,56.26
68,94.26,14.43,2,0.53,1.0,80,60.75
68,44.54,13.52,2,0.65,1.0,110,103.16
62,94.05,3.41,2,0.84,1.5,110,114.21
76,67.15,24.02,2,0.71,1.0,30,163.15
15,55.27,16.07,1,0.2,1.0,110,33.16
84,84.35,10.71,1,0.28,1.2,110,126.24
55,45.53,23.39,1,0.4,1.0,30,192.15
55,87.1,21.23,2,0.39,1.0,50,75.49
15,80.56,10.24,0,0.64,1.0,110,31.78
68,58.21,9.41,2,0.76,1.5,110,119.19
68,91.52,9.76,2,0.38,1.5,80,82.8
62,94.51,16.53,1,0.77,1.0,110,79.62
55,100.27,4.2,2,0.36,1.0,110,60.42
15,100.18,3.32,2,0.49,1.0,110,22.43
55,92.59,12.75,0,0.59,1.0,110,70.25
76,50.43,16.04,1,0.77,1.0,50,165.03
68,45.1,10.79,2,0.97,1.2,110,125.39
84,53.77,16.4,2,0.43,1.0,50,110.42
62,42.75,20.16,2,0.84,1.5,80,144.56
76,41.71,16.51,2,0.38,1.0,30,158.64
62,88.28,21.27,2,0.64,1.0,80,59.06
68,88.46,7.49,2,0.26,1.2,30,168.0
62,76.08,24.31,1,0.33,1.0,110,88.9
84,99.22,24.98,2,1.0,1.2,110,80.35
68,89.97,2.73,2,0.95,1.2,110,107.84
68,71.26,3.02,0,0.95,1.2,110,130.42
68,55.04,18.59,2,0.32,1.2,80,94.62
68,103.4,22.76,2,0.6,1.0,50,93.61
84,79.42,20.73,2,0.39,1.2,80,83.57
62,77.55,20.57,2,0.5,1.0,80,56.54
55,106.19,9.24,2,0.91,1.0,110,45.98
55,57.6,9.38,2,0.25,1.2,80,75.45
84,101.98,11.69,2,0.87,1.0,110,65.37
15,88.2,13.85,2,0.35,1.5,110,21.58
68,67.28,21.4,0,0.43,1.0,110,107.54
62,102.42,15.46,2,0.43,1.0,110,44.47
15,42.69,18.26,2,0.71,1.0,80,34.84
76,53.93,19.98,2,0.33,1.0,80,91.99
68,66.79,7.65,2,0.55,1.0,110,70.29
84,55.32,11.74,2,0.85,1.0,50,116.44
55,88.3,21.73,1,0.17,1.0,110,66.4
15,68.15,8.22,1,0.42,1.0,110,28.45
84,75.18,20.47,1,0.25,1.2,80,140.12
15,44.93,18.8,2,0.68,1.0,110,32.86
15,50.66,24.71,2,0.47,1.5,30,54.36
84,104.2,21.33,2,0.9,1.0,110,63.28
15,102.2,2.06,2,0.4,1.0,80,27.19
62,58.64,20.36,1,0.48,1.0,110,113.73
76,50.35,21.1,1,0.44,1.0,110,158.85
76,43.23,13.56,2,0.97,1.0,50,122.48
84,90.63,8.89,2,0.32,1.0,110,64.11
84,69.5,11.64,2,0.99,1.2,110,104.34
84,106.81,21.78,2,0.45,1.0,50,110.44
55,67.51,8.95,2,0.38,1.0,110,55.49
15,59.8,7.65,2,0.16,1.0,80,19.65
15,56.62,15.15,2,0.54,1.0,50,27.94
62,101.99,16.35,0,0.53,1.2,110,83.32
55,107.89,3.95,2,0.33,1.0,110,58.78
55,66.75,5.14,2,0.4,1.0,110,57.64
62,93.95,20.46,2,0.33,1.0,110,47.56
55,80.55,22.98,2,0.93,1.0,110,58.46
84,97.9,24.13,1,0.86,1.0,80,120.58
84,106.11,17.9,2,1.0,1.0,110,65.2
76,47.29,7.35,2,0.52,1.0,30,162.64
84,86.81,15.57,2,0.2,1.0,110,63.72
76,83.98,16.35,2,0.4,1.0,110,62.2
68,88.65,24.19,1,0.46,1.0,50,145.22
55,54.54,23.33,2,0.75,1.0,110,72.94
68,49.95,13.19,2,0.96,1.0,110,97.66
55,51.58,10.48,0,0.68,1.0,110,119.92
15,108.85,7.82,0,0.56,1.0,80,27.78
76,62.11,15.69,2,0.35,1.0,110,82.09
55,51.42,15.28,1,0.34,1.0,110,113.98
76,95.14,6.44,1,0.7,1.0,110,94.07
76,62.74,22.62,2,0.63,1.0,50,102.6
76,101.17,16.56,2,0.63,1.0,50,102.23
76,53.51,11.6,2,0.22,1.0,50,94.83
15,101.09,23.89,2,0.38,1.0,50,25.97
62,89.04,13.28,1,0.56,1.0,80,87.0
68,106.08,13.2,0,0.85,1.0,30,240.93
84,58.96,11.64,2,0.41,1.0,110,93.63
76,52.33,20.24,2,0.29,1.2,110,110.46
15,41.76,18.68,2,0.68,1.0,110,35.29
76,99.36,12.04,0,0.95,1.0,80,111.67
62,48.23,21.28,1,0.99,1.5,110,210.08
15,89.59,19.08,2,0.29,1.0,110,18.51
62,62.66,22.24,2,0.81,1.2,50,102.91
76,91.48,20.83,2,0.37,1.2,110,66.54
84,58.29,15.43,0,0.91,1.0,110,160.09
76,72.2,20.01,0,0.66,1.2,80,140.39
68,69.73,18.4,1,0.5,1.0,30,235.94
84,85.89,24.65,2,0.27,1.0,30,175.78
76,85.64,6.65,2,0.69,1.0,80,70.9
76,105.3,14.1,2,0.48,1.2,110,60.81
55,107.51,11.62,1,0.66,1.0,30,194.89
76,52.37,3.41,2,0.56,1.2,110,185.71
55,44.05,11.77,2,0.71,1.0,80,85.64
55,92.79,6.66,2,0.78,1.0,110,49.62
55,107.71,2.14,2,0.4,1.0,110,60.78
15,104.88,15.05,2,0.64,1.5,110,24.15
62,91.31,12.73,1,0.77,1.5,50,197.6
55,68.59,14.13,2,0.14,1.2,110,61.52
76,100.45,3.35,2,0.27,1.5,50,232.19
15,42.63,11.21,2,0.78,1.0,110,34.27
68,77.98,24.53,2,0.28,1.0,110,59.62
68,88.66,11.87,2,0.53,1.0,110,56.66
76,62.59,7.24,2,0.41,1.0,110,78.61
15,95.25,12.35,1,0.4,1.0,110,22.05
84,88.2,15.08,2,0.74,1.0,110,68.68
68,99.88,20.01,2,0.99,1.2,30,180.38
84,42.46,6.37,0,0.55,1.0,80,208.35
68,68.33,2.74,2,0.45,1.0,50,145.21
15,56.33,18.21,2,0.61,1.0,80,27.46
68,72.79,18.77,0,0.95,1.0,110,108.47
62,84.97,8.6,1,0.71,1.0,50,136.85
68,76.76,3.49,2,0.51,1.0,50,144.65
68,58.94,4.81,0,0.85,1.0,50,150.49
15,75.92,3.67,1,0.62,1.2,30,69.83
55,65.68,19.51,2,0.47,1.0,80,60.45
76,76.8,14.99,2,0.13,1.5,110,92.96
68,58.69,3.73,2,0.66,1.2,110,154.24
76,81.19,20.3,1,0.69,1.2,30,315.25
55,94.71,12.12,2,0.93,1.5,110,67.57
84,49.43,10.19,2,0.89,1.0,80,117.97
15,59.22,6.14,2,0.74,1.0,30,43.63
76,57.15,23.92,0,0.83,1.2,80,173.68
68,87.42,18.16,2,0.85,1.0,110,61.42
15,71.87,3.97,2,0.17,1.0,110,24.34
76,92.39,6.01,1,0.32,1.0,110,88.8
76,44.41,9.31,2,0.72,1.0,110,116.48
55,81.48,14.53,0,0.68,1.2,80,93.65
15,46.2,11.86,2,0.6,1.0,50,31.11
84,85.53,2.98,1,0.75,1.0,30,293.8
55,69.1,18.78,2,0.3,1.0,110,54.52
68,42.68,3.47,1,0.35,1.0,80,166.21
68,53.77,2.63,2,0.39,1.0,110,133.92
15,108.02,19.48,2,0.31,1.0,50,24.54
84,51.78,12.16,0,0.88,1.0,80,177.66
62,61.89,4.6,2,0.92,1.5,50,201.87
76,103.17,10.91,2,0.9,1.0,80,71.45
68,102.43,16.65,1,0.8,1.0,110,80.47
76,85.03,22.12,1,0.38,1.0,50,159.61
55,102.25,20.66,1,0.84,1.5,110,96.09
55,91.9,14.4,2,0.24,1.2,80,53.53
62,61.06,8.26,2,0.11,1.5,110,94.3
68,61.8,6.7,2,0.26,1.0,50,88.36
84,61.1,22.44,2,0.58,1.5,80,132.48
68,109.86,18.3,1,0.6,1.0,80,97.11
68,62.4,11.16,0,0.59,1.0,110,119.95
84,82.15,20.43,2,0.26,1.0,110,67.45
55,79.63,15.46,1,0.67,1.2,110,95.39
62,80.15,9.48,2,0.56,1.2,80,67.79
62,66.75,9.09,2,0.56,1.0,110,67.05
68,76.08,7.87,2,0.66,1.0,80,65.7
55,60.84,22.23,1,0.34,1.0,50,116.98
15,86.12,15.51,2,0.5,1.2,110,21.93
62,76.24,10.72,2,0.41,1.0,80,55.5
76,58.47,7.47,2,0.46,1.0,80,86.58
84,82.29,18.79,1,0.43,1.0,110,111.64
55,86.98,10.54,2,0.59,1.0,110,48.74
68,105.65,20.25,2,0.28,1.0,80,57.56
76,98.53,24.32,0,0.32,1.0,110,83.42
15,102.14,13.42,2,0.19,1.2,110,17.08
68,108.51,10.76,2,0.26,1.0,110,44.06
76,73.3,19.43,2,0.6,1.0,110,72.41
55,45.11,6.13,1,0.78,1.0,30,198.16
84,109.57,12.47,2,0.17,1.0,80,67.64
62,85.37,8.0,2,0.93,1.0,30,140.12
76,43.76,16.59,2,0.55,1.0,110,114.95
76,44.81,7.99,2,0.31,1.0,110,108.47
55,83.88,12.89,2,0.72,1.0,80,54.04
84,99.28,18.65,2,0.97,1.0,110,66.54
68,58.73,10.55,2,0.99,1.5,110,121.46
55,82.98,12.8,2,0.57,1.5,80,74.38
62,89.48,11.98,2,0.66,1.5,80,80.86
76,93.59,24.95,1,0.45,1.0,110,91.04
62,43.28,18.22,2,0.15,1.0,50,90.42
55,82.53,21.82,2,0.15,1.0,110,43.53
62,86.98,9.82,2,0.59,1.0,110,53.45
76,57.31,2.51,2,0.3,1.0,110,137.83
15,81.03,5.76,0,0.89,1.0,80,34.5
76,87.74,4.43,2,0.92,1.0,110,103.07
62,87.86,5.81,2,0.21,1.0,50,81.58
76,84.59,12.52,1,0.95,1.0,50,167.62
55,86.4,13.7,2,0.97,1.2,80,66.56
84,50.96,12.74,2,0.34,1.0,80,105.36
62,61.32,16.8,2,0.93,1.2,110,88.85
68,51.09,5.29,2,0.14,1.0,80,84.7
68,72.19,21.26,2,0.52,1.0,80,65.47
68,43.06,4.92,2,0.86,1.0,80,173.16
15,98.6,24.43,2,0.32,1.0,110,15.8
84,107.71,22.49,2,0.87,1.0,80,77.99
68,41.86,15.86,2,0.23,1.0,110,102.91
68,85.6,9.5,2,0.48,1.0,50,91.27
76,77.69,2.37,2,0.1,1.2,110,119.92
62,49.28,6.1,2,0.79,1.2,80,104.58
62,84.92,9.06,2,0.29,1.2,110,59.07
68,77.02,10.43,2,0.92,1.2,110,78.37
15,40.16,24.93,1,0.69,1.5,110,68.55
76,54.53,17.31,2,0.91,1.0,110,100.34
15,40.24,19.58,1,0.4,1.2,30,67.88
62,87.19,22.6,2,0.72,1.5,50,125.14
15,43.29,2.87,0,0.73,1.0,80,48.15
84,84.62,15.43,1,0.95,1.0,50,186.2
15,92.43,2.28,1,0.84,1.0,80,31.82
76,82.57,9.32,1,0.84,1.0,110,107.72
84,64.19,5.18,2,0.45,1.5,110,125.48
84,99.37,9.18,2,0.19,1.0,80,67.57
62,96.47,2.42,2,0.55,1.0,30,215.36
55,106.28,5.22,1,0.35,1.0,110,59.4
62,81.28,14.11,1,0.28,1.0,110,79.9
68,62.81,15.07,0,0.77,1.0,110,122.86
76,78.89,20.31,2,0.95,1.0,110,74.6
55,100.62,9.44,1,0.68,1.0,80,80.7
62,63.12,3.26,2,0.21,1.0,80,103.77
62,94.48,7.73,1,0.41,1.0,80,84.73
15,87.22,13.05,1,0.81,1.0,110,31.81
55,95.14,16.83,0,0.53,1.5,80,114.08
62,94.22,13.57,2,0.37,1.0,50,82.85
55,80.25,9.4,2,0.91,1.0,110,56.01
55,70.02,8.88,1,0.66,1.0,110,89.77
15,51.84,24.81,2,0.19,1.0,110,21.07
62,52.31,4.6,2,0.41,1.2,50,157.13
68,40.86,22.77,1,0.42,1.2,110,207.24
68,103.99,22.95,2,0.62,1.0,30,146.45
15,93.43,3.55,2,0.37,1.0,80,26.98
62,58.62,3.37,2,0.57,1.0,110,116.43
68,88.89,21.79,2,0.75,1.0,80,63.47
76,94.37,21.27,1,0.38,1.0,110,87.97
84,58.43,23.99,0,0.94,1.2,30,352.64
84,94.97,11.29,0,0.85,1.0,80,119.9
55,87.83,3.97,2,0.63,1.5,30,285.91
62,76.41,24.92,2,0.57,1.0,110,60.48
84,73.12,17.0,2,0.34,1.0,110,76.12
76,75.82,22.07,2,0.89,1.5,80,103.21
68,91.62,22.28,1,0.24,1.2,80,107.34
68,80.27,8.31,1,0.19,1.0,110,88.78
76,105.41,14.0,1,0.35,1.0,30,259.67
62,82.06,18.52,2,0.78,1.0,30,136.28
15,49.5,16.84,2,0.24,1.0,80,24.53
55,47.61,23.73,2,0.68,1.0,110,83.44
62,70.25,12.93,2,0.87,1.0,110,69.87
62,96.38,2.12,2,0.14,1.0,110,68.34
84,49.63,24.51,0,0.57,1.2,110,213.34
62,77.05,16.97,2,0.55,1.0,110,58.7
62,102.31,18.62,1,0.49,1.0,110,68.06
68,69.74,11.78,1,0.95,1.0,110,113.05
84,80.7,8.27,2,0.52,1.0,110,72.85
55,104.13,3.89,2,0.37,1.5,110,86.56
76,55.46,20.11,2,0.44,1.0,110,91.75
62,68.36,2.72,2,0.6,1.0,50,132.85
55,85.38,13.68,2,0.3,1.0,110,44.64
15,77.9,5.61,1,0.96,1.0,30,64.73
15,65.37,23.08,2,0.48,1.2,110,26.02
76,89.28,13.1,1,0.34,1.0,80,101.4
15,92.91,20.37,1,0.31,1.0,80,24.03
55,50.72,7.77,2,0.42,1.0,80,73.38
84,73.17,8.85,2,0.29,1.5,110,109.74
76,90.83,24.03,2,0.75,1.0,110,63.18
62,94.37,7.47,2,0.75,1.0,80,59.7
68,77.83,20.05,0,0.47,1.0,110,95.89
68,63.15,14.22,0,0.99,1.2,110,145.04
84,90.27,4.55,2,0.96,1.0,110,110.33
15,94.42,13.29,2,0.22,1.2,110,16.07
55,61.34,24.64,2,0.46,1.0,30,119.37
55,78.2,12.41,2,0.46,1.0,110,50.79
15,46.08,2.49,2,0.53,1.2,80,48.75
68,79.77,17.01,1,0.54,1.5,110,136.19
84,76.24,11.07,2,0.79,1.0,110,80.01
55,55.7,23.37,2,0.5,1.0,50,75.71
62,100.35,24.46,2,0.25,1.0,80,53.03
55,86.67,14.48,2,0.76,1.0,110,50.43
76,70.52,20.2,1,0.94,1.2,80,146.88
15,90.53,8.87,1,0.29,1.0,80,25.01
68,100.53,7.09,2,0.63,1.0,110,53.14
62,87.85,4.79,0,0.5,1.2,110,92.32
15,46.33,13.17,2,0.67,1.0,110,31.16
68,70.37,14.2,2,0.29,1.0,50,88.59
55,94.69,20.02,2,0.87,1.2,110,55.05
55,97.33,16.61,2,0.76,1.0,80,52.26
84,58.06,14.47,1,0.39,1.2,110,182.15
68,86.75,16.01,2,0.53,1.0,110,56.81
76,44.47,23.0,2,0.27,1.2,50,130.83
76,66.23,16.09,0,0.72,1.2,80,150.35
62,86.25,21.23,2,0.9,1.0,80,62.96
55,55.02,20.73,2,0.79,1.0,50,79.73
76,74.81,6.96,2,0.13,1.2,50,112.96
15,76.17,22.38,2,0.95,1.0,80,29.43
55,69.17,2.96,2,0.35,1.0,30,190.56
15,109.54,20.36,2,0.82,1.0,110,22.68
68,99.6,8.66,2,0.56,1.0,110,51.13
68,56.68,5.36,2,0.47,1.0,80,80.5
62,101.22,16.54,2,0.36,1.5,110,62.88
62,57.66,2.48,2,0.72,1.0,110,120.53
15,108.42,20.11,2,0.68,1.0,50,31.2
15,81.38,23.99,1,0.52,1.2,110,32.55
84,76.39,9.34,2,0.41,1.0,110,74.39
15,68.39,5.35,1,0.82,1.2,110,40.12
76,47.12,13.89,2,0.37,1.0,110,105.66
15,86.04,5.5,2,0.2,1.2,110,17.87
84,57.08,15.89,1,0.43,1.2,110,183.79
84,103.62,13.26,1,0.45,1.2,110,106.49
68,109.57,19.55,0,0.88,1.2,110,89.7
76,47.36,5.14,2,0.2,1.0,110,100.47
84,84.18,19.19,2,0.68,1.5,80,104.71
15,100.79,10.22,1,0.54,1.5,50,54.01
84,107.16,5.39,2,0.4,1.0,110,55.26
62,77.17,15.62,2,0.37,1.0,110,55.8
68,83.79,10.28,2,0.61,1.0,110,59.13
68,60.28,21.53,2,0.42,1.0,110,75.75
76,68.33,3.41,2,0.3,1.2,50,190.37
68,63.47,15.95,2,0.28,1.0,110,69.52
62,75.39,10.05,0,0.31,1.0,110,89.58
84,101.9,13.45,2,0.92,1.0,80,79.56
55,63.64,10.07,2,0.48,1.5,110,86.76
62,42.78,17.4,2,0.71,1.5,80,142.36
15,82.18,13.49,0,0.56,1.0,110,28.12
68,90.81,2.9,1,0.94,1.0,30,242.38
68,52.48,12.16,2,0.17,1.5,110,120.86
15,83.13,4.3,2,0.86,1.5,80,43.37
15,99.19,10.36,1,0.51,1.0,80,28.68
68,93.66,22.66,2,0.52,1.5,80,87.61
68,44.46,11.75,2,0.12,1.0,80,96.15
68,44.6,24.27,2,0.86,1.2,110,125.17
55,108.29,22.66,2,0.88,1.2,80,64.66
55,82.19,18.33,2,0.26,1.0,80,45.55
68,69.45,13.5,0,0.17,1.0,110,103.35
62,96.96,8.48,2,0.28,1.0,110,42.65
62,69.17,18.98,1,0.49,1.5,80,143.35
76,84.49,8.87,1,0.45,1.0,110,99.06
62,44.62,18.85,2,0.75,1.2,80,111.59
68,56.48,3.68,1,0.43,1.0,110,128.71
68,40.98,10.61,0,0.14,1.0,110,171.14
76,89.18,11.21,1,0.5,1.0,80,104.23
62,96.01,6.02,2,0.55,1.0,110,48.1
15,103.0,23.41,2,0.75,1.0,110,22.95
76,48.69,2.81,1,0.95,1.5,110,249.41
76,43.06,6.78,2,0.53,1.0,80,115.46
62,41.78,17.65,1,0.34,1.0,50,155.52
15,105.03,15.03,1,1.0,1.0,80,35.79
55,96.81,11.93,2,0.39,1.2,110,47.21
76,106.03,13.88,2,0.93,1.0,50,106.44
84,82.41,21.1,2,0.32,1.0,110,67.63
55,81.19,18.28,2,0.19,1.0,30,115.27
62,98.74,23.46,2,0.87,1.0,110,51.84
68,77.02,19.07,2,0.65,1.0,110,63.83
55,92.73,17.57,0,0.69,1.0,110,73.27
84,46.55,8.36,2,0.38,1.0,110,117.56
68,98.97,20.71,2,0.54,1.0,110,51.27
62,103.66,10.05,2,0.84,1.0,30,138.55
68,106.42,23.47,1,0.6,1.0,110,74.35
84,71.01,17.06,1,0.75,1.0,110,132.46
68,44.29,9.32,0,0.58,1.0,80,163.79
55,98.68,24.1,1,0.44,1.5,80,110.59
15,92.33,6.84,2,0.8,1.0,50,32.23
68,49.94,3.1,2,0.55,1.0,110,146.82
84,94.52,7.06,2,0.96,1.0,80,79.03
55,87.35,14.92,2,0.85,1.0,110,51.45
55,107.05,3.77,2,0.69,1.5,110,87.53
15,71.15,12.93,0,0.49,1.0,80,30.83
55,73.52,18.96,0,0.54,1.0,30,193.5
55,56.01,18.93,1,0.78,1.0,110,113.44
55,97.15,5.73,2,0.14,1.0,110,37.56
15,97.53,12.98,2,0.65,1.0,110,20.72
68,79.88,10.28,2,0.5,1.5,110,85.98
55,97.73,11.46,2,0.17,1.2,110,46.9
55,48.35,17.19,2,0.93,1.0,30,125.45
62,108.58,7.11,2,0.51,1.0,110,42.32
84,109.81,17.26,2,0.53,1.0,30,179.23
84,69.38,14.76,2,0.22,1.0,110,78.36
84,74.18,18.3,0,0.4,1.0,30,288.84
76,91.34,16.86,2,0.25,1.5,80,91.82
62,104.95,11.15,2,0.82,1.0,50,90.75
68,85.17,4.74,2,0.76,1.2,30,284.45
55,85.04,14.61,1,0.59,1.5,110,109.18
62,69.0,14.14,2,0.93,1.0,30,139.74
15,66.66,19.56,2,0.69,1.0,50,31.61
68,97.26,5.89,2,0.86,1.0,110,55.74
15,66.69,23.33,2,0.68,1.0,110,26.85
84,97.82,18.49,2,0.17,1.0,110,56.11
15,47.59,16.36,2,0.8,1.0,30,43.45
55,62.25,15.05,1,0.49,1.5,110,141.32
76,61.74,7.98,2,0.69,1.0,80,86.18
15,64.08,18.7,1,0.26,1.2,80,35.44
84,107.55,2.71,2,0.13,1.0,80,107.19
55,86.03,21.74,1,0.67,1.2,80,94.77
15,48.9,3.37,1,0.16,1.0,80,35.58
84,71.64,9.66,2,0.66,1.2,80,97.36
68,94.35,10.86,2,0.55,1.2,80,71.83
76,64.68,3.11,2,0.26,1.0,80,123.28
62,42.55,18.03,1,0.96,1.0,80,162.44
62,58.23,14.24,1,0.94,1.2,110,143.73
68,74.42,3.43,2,0.61,1.0,110,102.82
76,44.28,4.3,2,0.2,1.2,110,208.21
84,108.61,24.38,2,0.2,1.0,80,67.93
62,63.88,5.4,2,0.51,1.0,110,69.79
84,41.41,24.78,0,0.27,1.0,110,207.56
55,77.18,5.96,2,0.72,1.0,80,56.0
84,40.39,17.62,2,0.44,1.0,50,132.32
55,45.69,7.89,2,0.24,1.0,50,76.21
55,45.55,23.75,2,0.18,1.0,110,77.04
15,66.95,7.64,2,0.74,1.2,110,30.86
68,99.13,5.23,0,0.58,1.0,80,96.1
76,61.82,23.44,2,0.4,1.0,50,99.89
55,67.14,15.06,2,0.64,1.0,30,121.22
76,97.11,3.38,2,0.28,1.0,80,102.2
15,109.9,13.77,2,0.14,1.0,80,15.82
84,105.43,23.99,1,0.83,1.0,80,119.22
62,103.94,19.38,2,0.83,1.0,50,88.76
62,74.25,3.25,2,0.95,1.0,110,100.53
62,105.12,19.0,2,0.38,1.2,110,51.77
15,109.47,8.7,1,0.54,1.0,110,24.94
15,41.59,10.47,1,0.89,1.2,30,73.61
84,104.7,17.33,2,0.12,1.2,110,62.04
76,76.35,18.75,0,0.9,1.2,110,135.29
15,88.83,13.92,1,0.41,1.0,110,24.32
62,109.89,7.92,0,0.5,1.0,50,135.06
15,83.46,12.48,1,0.32,1.0,80,27.28
15,88.61,11.3,0,0.86,1.0,110,31.45
15,99.75,24.66,2,0.94,1.0,110,25.54
76,93.77,6.68,2,0.89,1.0,30,168.77
15,51.68,12.24,2,0.69,1.2,110,33.32
76,91.39,5.45,2,0.42,1.5,110,81.97
55,72.35,19.62,0,0.2,1.2,110,96.9
76,90.05,2.63,2,0.48,1.0,80,105.08
15,55.55,18.05,1,0.11,1.5,80,43.54
15,72.83,5.08,2,0.31,1.0,30,36.64
15,54.66,23.25,0,0.36,1.2,110,39.99
76,74.76,24.46,0,0.16,1.0,80,107.3
68,82.47,8.72,2,0.47,1.0,110,58.21
15,92.21,9.33,1,0.97,1.0,30,66.86
55,42.11,8.7,2,0.94,1.0,110,95.6
62,69.05,14.83,1,0.62,1.2,110,117.51
76,107.6,21.04,1,0.5,1.0,80,104.36
62,80.68,18.61,1,0.43,1.0,110,85.41
76,61.99,20.33,1,0.61,1.0,80,134.46
76,49.18,13.52,1,0.61,1.0,110,166.74
15,83.81,6.24,2,0.74,1.0,50,31.38
15,49.22,23.58,2,0.65,1.0,110,32.11
55,92.22,14.99,2,0.24,1.2,80,53.94
55,82.48,16.09,2,0.39,1.0,80,49.49
76,96.5,8.14,2,0.45,1.0,30,160.67
15,46.83,18.51,2,0.25,1.0,110,25.34
62,90.24,22.61,0,0.16,1.2,80,97.25
76,60.54,23.54,2,0.68,1.0,110,84.56
55,100.6,10.15,2,0.52,1.0,110,44.91
68,100.51,14.21,1,0.74,1.0,110,80.7
55,57.43,17.22,2,0.13,1.5,80,89.84
55,80.86,17.01,2,0.84,1.0,30,124.48
68,89.82,13.9,1,0.78,1.2,110,102.61
62,77.08,23.64,2,0.78,1.0,80,62.17
62,97.34,5.26,2,0.74,1.2,110,59.35
68,64.51,23.11,2,0.45,1.0,80,71.58
68,108.41,10.72,1,0.18,1.0,80,89.52
76,48.04,3.34,2,0.82,1.0,110,174.0
15,65.04,17.2,2,0.73,1.5,80,34.27
15,98.29,13.17,1,0.71,1.2,80,35.42
55,76.13,23.76,2,0.86,1.2,110,65.46
62,83.0,15.89,2,0.94,1.0,30,139.28
15,82.58,2.52,2,0.65,1.0,80,30.13
55,85.77,14.35,2,0.42,1.0,50,73.17
76,75.22,6.13,0,0.77,1.0,30,267.23
68,73.05,24.36,1,0.27,1.0,110,99.13
15,82.55,19.53,2,0.43,1.2,110,23.26
76,48.54,10.51,2,0.54,1.0,30,162.39
76,48.47,8.07,2,0.85,1.0,50,108.33
55,60.49,7.98,2,0.6,1.0,30,120.89
76,81.01,12.29,2,0.22,1.0,30,157.72
68,65.16,14.22,2,0.38,1.5,110,101.84
55,80.59,13.36,0,0.2,1.0,110,71.91
15,100.53,14.69,1,0.29,1.2,30,67.63
84,78.11,15.34,2,0.86,1.0,80,81.08
76,42.0,5.39,2,0.54,1.2,50,141.3
76,104.52,20.82,2,0.92,1.2,110,67.9
84,82.48,20.35,1,0.32,1.0,110,108.99
68,68.88,9.63,2,0.67,1.0,30,148.3
15,61.28,4.03,0,0.48,1.0,110,31.78
62,87.96,24.17,2,0.34,1.0,110,50.38
55,60.33,12.41,2,0.48,1.2,80,76.41
15,92.19,17.01,2,0.85,1.2,80,27.96
55,106.11,2.53,2,0.33,1.0,50,116.96
62,103.81,2.62,0,0.73,1.0,50,138.1
62,108.49,17.7,2,0.86,1.0,110,47.76
15,59.75,4.72,2,0.71,1.0,30,61.2
68,75.18,14.4,2,0.51,1.0,110,63.06
15,102.91,23.45,1,0.55,1.2,80,33.53
84,105.06,7.91,2,0.31,1.0,30,174.11
84,53.18,14.36,1,0.56,1.2,80,198.48
55,53.75,18.88,0,0.36,1.0,80,109.33
15,81.7,10.59,2,0.96,1.0,30,48.35
68,98.28,2.96,1,0.79,1.5,110,115.79
76,105.4,10.94,2,0.97,1.0,110,58.62
68,102.3,15.52,1,0.38,1.0,110,72.74
15,48.29,20.62,2,0.69,1.0,110,30.9
76,40.94,13.72,2,0.41,1.0,110,118.47
68,59.31,13.5,1,0.89,1.2,80,153.83
76,104.02,5.06,2,0.42,1.0,80,65.22
62,95.47,10.84,1,0.96,1.0,110,79.95
68,53.12,14.03,2,0.1,1.2,80,95.15
76,44.85,2.42,2,0.64,1.0,110,180.31
55,107.63,19.28,2,0.23,1.0,110,37.28
68,63.89,18.0,1,0.87,1.0,80,121.58
15,73.02,10.39,2,0.64,1.0,110,22.75
15,85.87,10.01,2,0.26,1.0,80,17.37
15,106.25,15.65,2,0.91,1.0,80,27.56
62,49.99,11.03,2,0.15,1.0,80,77.14
62,100.09,6.31,2,0.53,1.0,110,47.92
62,103.06,10.59,1,0.78,1.0,110,73.16
55,68.4,6.6,2,0.74,1.2,110,71.92
76,83.99,10.94,1,0.39,1.2,80,123.42
68,73.79,24.02,2,0.77,1.0,110,67.66
76,43.89,8.81,2,0.12,1.5,80,160.2
15,64.38,24.8,1,0.89,1.5,110,51.49
15,59.23,22.54,2,0.64,1.0,30,42.74
68,75.16,6.27,0,0.65,1.0,80,102.58
68,59.5,6.69,2,0.39,1.0,110,77.99
15,70.92,7.75,2,0.26,1.5,50,32.61
84,108.47,22.36,2,0.85,1.0,80,79.13
55,108.08,2.11,2,0.87,1.5,50,179.42
55,80.22,19.66,2,0.14,1.0,30,114.4
68,101.28,2.26,2,0.79,1.0,110,80.41
84,94.42,4.75,1,0.13,1.5,110,139.38
76,86.74,13.84,2,0.12,1.2,50,112.47
15,64.0,23.66,2,0.91,1.2,110,32.85
68,83.41,13.2,0,0.33,1.0,110,88.2
15,85.0,7.91,1,0.35,1.0,110,23.3
15,94.16,5.48,1,0.9,1.2,80,38.4
76,61.78,2.5,2,0.94,1.2,110,164.55
68,92.23,7.16,2,0.47,1.0,110,53.11
68,45.38,4.18,2,0.78,1.5,110,236.8
15,99.46,9.7,1,0.52,1.2,30,70.95
15,94.08,17.2,1,0.63,1.2,80,32.62
84,47.37,17.65,0,0.11,1.2,30,339.82
62,83.56,11.55,2,0.44,1.0,80,54.99
76,61.14,17.42,0,0.44,1.0,80,132.71
15,56.96,7.88,2,0.56,1.0,110,25.53
84,95.12,23.26,1,0.49,1.0,80,114.7
62,48.64,16.89,2,0.97,1.0,110,94.47
55,99.01,4.02,2,0.62,1.0,110,66.8
62,97.32,4.48,2,0.45,1.0,110,73.08
55,84.7,21.05,2,0.67,1.0,110,50.95
84,95.33,4.79,2,0.37,1.0,110,94.99
76,84.44,11.71,0,0.53,1.0,110,100.27
76,67.19,6.03,2,0.96,1.2,50,125.21
68,46.44,24.2,2,0.5,1.2,110,114.64
68,55.25,10.93,2,0.73,1.0,80,87.74
15,94.1,3.39,2,0.44,1.0,110,27.07
68,85.86,18.81,2,0.63,1.0,50,92.74
62,41.92,24.5,2,0.9,1.0,80,104.67
62,107.07,19.02,0,0.47,1.2,110,78.77
15,104.49,22.48,2,1.0,1.0,110,25.01
55,106.6,3.17,1,0.97,1.0,80,85.54
55,106.93,24.08,0,0.24,1.0,110,55.69
62,47.85,4.2,2,0.36,1.0,110,137.72
62,61.58,13.7,2,0.92,1.0,80,74.98
68,43.42,17.1,0,0.27,1.0,110,163.48
15,99.52,5.94,2,0.33,1.0,80,17.88
84,56.26,8.28,2,0.81,1.0,80,103.85
55,69.03,6.09,2,0.79,1.5,110,85.06
84,76.07,21.03,2,0.19,1.0,80,70.24
68,45.0,5.43,2,0.99,1.0,110,107.96
84,78.14,11.4,2,0.34,1.0,110,71.75
62,69.95,8.28,2,0.88,1.2,110,78.39
62,43.3,10.6,0,0.1,1.5,110,216.61
55,43.63,8.26,2,0.93,1.5,110,129.89
15,101.31,11.99,2,0.68,1.2,110,22.62
68,88.67,11.02,1,0.34,1.0,30,234.13
84,79.43,16.14,2,0.83,1.0,110,76.44
15,98.94,21.45,1,0.24,1.0,110,21.1
68,99.05,20.53,0,0.21,1.0,50,140.56
62,68.85,15.66,0,0.61,1.0,110,103.62
84,42.46,2.02,0,0.5,1.0,30,290.48
15,42.86,17.03,2,0.81,1.0,110,34.64
84,82.83,23.58,2,0.86,1.5,110,105.97
84,77.91,9.07,2,0.6,1.0,80,75.55
15,40.56,24.32,2,0.65,1.2,110,39.41
55,62.04,9.1,1,0.32,1.0,110,94.54
68,56.26,9.15,2,0.9,1.0,110,88.2
15,60.3,7.11,2,0.79,1.0,30,42.84
62,96.51,3.92,2,0.49,1.0,80,87.98
62,53.34,8.82,1,0.37,1.5,110,182.1
62,86.35,3.6,2,0.77,1.0,110,87.03
76,59.17,16.34,1,0.75,1.0,80,141.7
76,81.79,19.37,2,0.4,1.2,30,191.72
84,70.86,13.6,2,0.35,1.0,110,78.38
68,56.12,16.32,2,0.14,1.5,110,112.06
84,92.68,20.8,2,0.97,1.0,80,80.48
55,103.01,15.06,2,0.92,1.0,110,46.93
76,103.74,15.6,2,0.5,1.2,110,61.79
62,77.31,17.45,1,0.65,1.0,50,134.63
68,74.38,8.83,2,0.2,1.2,80,72.75
68,98.96,9.47,2,0.67,1.0,110,54.49
68,85.57,24.2,2,0.32,1.0,80,56.82
84,66.86,7.41,2,0.3,1.0,110,82.42
84,90.58,11.87,2,0.72,1.2,110,80.02
68,101.45,23.27,2,0.69,1.0,110,51.93
15,82.07,24.07,2,0.33,1.5,110,24.5
68,102.13,4.98,0,0.62,1.5,110,112.8
76,103.04,17.74,2,0.83,1.0,110,59.31
55,65.04,12.63,2,0.14,1.2,80,65.6
68,71.28,11.63,2,0.94,1.0,110,72.38
55,96.61,22.59,2,0.53,1.0,110,45.26
15,57.5,6.82,2,0.27,1.0,80,20.71
62,50.83,21.89,0,0.34,1.0,50,131.46
15,75.35,4.11,1,0.98,1.5,80,46.49
76,69.96,14.71,2,0.24,1.0,110,69.52
84,49.64,18.21,2,0.36,1.2,80,127.87
84,57.68,12.4,0,0.6,1.0,30,293.09
62,85.74,20.25,2,0.63,1.2,50,101.51
55,68.29,5.42,0,0.77,1.0,110,91.65
62,43.46,6.63,1,0.64,1.2,30,258.85
76,43.91,11.74,2,1.0,1.0,110,119.44
55,70.43,17.38,1,0.53,1.0,30,192.82
15,77.66,18.65,2,0.16,1.0,50,20.43
55,98.09,23.12,2,0.27,1.0,110,40.13
62,45.6,5.48,1,0.2,1.0,110,140.82
84,72.21,22.3,2,1.0,1.0,110,86.8
84,49.03,23.37,2,0.74,1.5,110,168.07
55,61.5,7.5,2,0.37,1.0,110,63.35
84,50.53,7.0,1,0.45,1.5,80,257.59
55,96.77,8.03,2,0.64,1.0,80,53.33
62,79.53,21.02,2,0.18,1.5,50,117.88
55,42.7,10.23,1,0.37,1.0,50,136.73
55,99.27,2.28,0,0.11,1.0,110,58.9
62,102.63,14.72,2,0.93,1.0,110,53.16
84,53.18,6.27,0,0.68,1.0,50,179.46
62,57.58,13.59,2,0.17,1.0,110,69.52
55,86.75,24.58,1,0.7,1.2,110,88.63
55,49.16,3.24,1,0.94,1.0,110,126.32
68,51.67,2.44,1,0.38,1.5,110,206.1
55,57.32,7.77,2,0.31,1.0,110,64.91
84,75.01,17.98,0,0.86,1.2,110,148.66
68,74.28,16.15,2,0.69,1.0,80,67.47
68,47.48,15.43,0,0.94,1.0,80,158.58
55,69.56,14.54,2,0.24,1.0,30,115.58
68,71.92,20.59,2,0.89,1.2,110,82.29
68,93.06,15.06,2,0.42,1.0,80,59.31
76,58.89,12.96,1,0.79,1.2,110,168.24
62,63.52,6.92,0,0.77,1.0,80,110.3
84,97.25,13.34,2,0.79,1.0,80,76.37
84,90.07,2.89,1,0.91,1.2,80,141.19
68,106.18,16.16,0,0.69,1.5,80,139.06
76,53.64,8.72,1,0.79,1.0,110,154.79
76,103.51,6.92,1,0.15,1.0,110,77.96
84,54.28,15.8,2,0.26,1.0,50,107.06
15,51.61,12.59,2,0.29,1.0,80,24.73
68,104.15,11.56,1,0.72,1.2,30,283.85
68,85.27,21.2,2,0.89,1.5,80,91.34
76,107.0,8.22,1,0.68,1.2,110,96.23
84,109.06,24.26,1,0.9,1.0,80,120.29
68,103.19,12.86,2,0.68,1.0,110,51.34
62,46.63,22.31,2,0.72,1.2,80,108.48
84,59.74,23.36,1,0.33,1.0,110,149.52
15,51.35,9.35,2,0.29,1.5,80,32.79
55,106.01,12.5,2,0.27,1.0,110,37.32
68,109.73,17.7,2,0.99,1.0,30,151.84
68,65.11,4.22,2,0.71,1.2,30,282.77
55,73.06,7.34,2,0.72,1.0,110,58.33
55,99.75,22.96,2,0.83,1.0,30,123.77
84,109.17,19.06,2,0.31,1.0,50,107.29
76,107.94,11.81,2,0.37,1.0,110,49.93
55,103.37,14.5,2,0.79,1.0,110,45.42
84,99.73,4.99,2,0.11,1.2,80,129.42
62,83.35,23.71,2,0.29,1.5,80,74.81
68,74.83,19.31,2,0.35,1.2,110,74.22
62,92.75,7.53,2,0.85,1.0,110,53.85
62,78.07,19.03,2,0.47,1.0,30,133.16
62,73.63,8.02,1,0.14,1.2,110,105.53
84,104.15,23.16,0,0.91,1.5,30,434.76
15,73.71,3.17,2,0.57,1.0,30,59.03
62,94.42,12.0,2,0.73,1.5,80,82.21
76,82.94,19.12,2,0.18,1.0,50,94.78
76,70.5,14.57,2,0.35,1.0,110,74.28
76,62.27,3.02,1,0.26,1.0,110,125.53
76,106.55,8.12,1,0.91,1.0,80,112.7
76,87.49,16.33,0,0.7,1.0,110,98.04
84,71.07,15.62,1,0.24,1.2,80,146.82
84,75.86,20.25,2,0.74,1.0,30,181.44
76,85.74,17.0,2,0.3,1.0,110,59.75
68,81.29,19.17,2,0.49,1.0,110,58.8
55,88.84,11.95,2,0.55,1.0,110,46.34
62,49.14,10.99,2,0.43,1.5,80,121.21
84,55.47,3.93,2,0.89,1.0,80,166.3
68,109.81,11.25,2,0.59,1.0,50,93.38
84,51.65,13.76,2,0.76,1.0,80,111.41
84,49.7,5.83,2,1.0,1.0,80,120.06
68,61.11,22.48,2,0.61,1.0,50,92.6
84,78.43,12.43,1,0.7,1.0,50,179.99
84,76.95,8.48,1,0.68,1.0,110,120.94
55,86.91,11.17,2,0.55,1.0,110,49.2
68,56.11,10.59,0,0.63,1.0,110,132.33
15,85.64,9.0,2,0.7,1.0,110,21.64
15,102.16,15.47,2,0.26,1.2,110,16.46
84,98.54,17.36,2,0.7,1.2,80,87.14
68,95.36,19.87,2,0.75,1.0,80,65.08
76,81.23,17.07,2,0.78,1.0,80,72.25
55,94.5,23.92,0,0.13,1.0,110,60.75
55,95.43,24.32,2,0.7,1.2,50,93.59
62,101.96,20.08,2,0.16,1.0,50,79.85
55,67.49,20.27,2,0.32,1.5,80,82.52
15,47.52,3.31,2,0.43,1.0,110,39.98
62,47.99,25.0,2,0.92,1.5,110,127.6
84,93.51,3.67,2,0.68,1.0,110,101.63
15,50.24,21.35,1,0.96,1.0,80,45.61
15,107.82,12.99,2,0.22,1.5,110,16.78
55,102.29,4.51,1,0.71,1.0,80,81.58
68,106.75,8.77,1,0.14,1.0,80,87.73
68,64.13,3.02,1,0.64,1.0,110,116.8
68,84.16,24.76,0,0.25,1.0,80,90.75
55,89.75,16.09,2,0.84,1.0,50,80.03
62,96.12,3.54,2,0.77,1.0,50,137.78
15,54.89,4.0,2,0.84,1.2,110,47.16
84,71.25,22.65,0,0.26,1.2,110,148.15
62,40.72,2.6,0,0.63,1.0,50,162.14
55,48.78,21.77,2,0.29,1.2,30,138.23
55,78.83,23.85,0,0.78,1.0,80,85.1
62,85.85,13.31,2,0.91,1.2,110,67.43
68,46.19,18.38,2,1.0,1.0,80,103.96
62,65.21,10.46,2,0.76,1.2,80,82.09
84,46.7,7.95,2,0.77,1.5,110,176.7
55,72.28,14.8,2,0.86,1.0,110,62.23
55,76.34,9.97,2,0.25,1.0,110,48.11
55,76.12,14.99,0,0.43,1.0,110,82.47
15,103.59,7.41,2,0.57,1.0,110,19.69
55,81.88,4.4,2,0.14,1.0,110,70.97
84,90.57,11.45,2,0.87,1.5,50,166.14
55,54.33,14.87,2,0.93,1.2,80,88.49
15,89.83,18.62,1,0.7,1.0,80,31.6
55,96.62,24.39,2,0.39,1.0,110,43.41
84,58.63,22.32,2,0.35,1.0,80,92.93
15,64.73,5.3,2,0.66,1.2,80,28.14
55,61.67,2.33,2,0.72,1.0,110,102.09
15,65.79,14.96,2,0.69,1.0,110,25.04
68,50.44,2.4,2,0.39,1.0,110,142.41
62,79.9,19.03,1,0.53,1.0,110,86.77
15,72.0,20.12,2,0.47,1.2,110,24.81
62,66.17,16.82,2,0.69,1.0,110,68.52
76,67.83,14.45,2,0.3,1.0,110,73.11
15,105.98,6.67,2,0.95,1.0,110,25.7
68,61.3,8.41,2,0.31,1.0,80,73.34
68,70.91,20.54,2,0.96,1.0,110,73.02
62,95.79,18.17,2,0.38,1.0,110,47.07
84,104.12,8.17,2,0.32,1.5,30,259.34
68,61.58,17.39,2,0.5,1.2,110,88.29
62,75.93,11.22,1,0.23,1.2,50,152.78
62,97.39,10.52,2,0.55,1.0,110,46.72
68,96.66,18.42,2,0.56,1.0,110,53.44
55,81.34,18.83,1,0.56,1.0,110,78.16
15,73.18,8.76,2,0.26,1.0,80,18.63
15,93.24,2.55,2,0.11,1.0,80,22.78
62,79.1,3.52,2,0.16,1.0,80,82.05
84,62.69,3.8,2,0.17,1.5,80,204.45
68,108.18,2.55,1,0.38,1.0,50,142.91
15,78.46,8.57,1,0.12,1.0,110,24.3
55,62.77,24.1,2,0.11,1.0,30,113.33
84,42.29,4.68,2,0.73,1.0,110,209.95
62,98.76,9.8,2,0.95,1.0,30,139.03
76,83.24,19.85,2,0.32,1.2,80,76.43
55,49.01,3.85,2,0.54,1.0,110,122.08
62,72.48,12.35,1,0.98,1.0,110,100.58
84,105.53,19.23,2,0.86,1.0,50,116.67
76,75.25,7.27,2,0.9,1.0,110,75.58
84,94.25,5.05,2,0.9,1.2,110,80.74
55,55.49,17.29,2,0.33,1.0,110,66.37
62,78.57,14.76,2,0.38,1.0,110,55.7
62,94.33,19.19,2,0.87,1.0,50,89.2
76,69.64,3.62,2,0.38,1.0,110,118.32
55,102.47,22.73,0,0.21,1.2,110,70.26
55,40.6,9.42,2,0.78,1.0,50,94.36
55,73.79,22.56,2,0.5,1.0,110,55.51
62,96.13,3.25,2,0.29,1.0,30,212.9
15,58.7,4.36,2,0.73,1.0,50,45.87
15,50.08,23.45,1,0.69,1.0,110,41.95
62,55.19,3.32,2,0.38,1.0,30,215.01
68,70.15,6.7,2,0.98,1.0,110,74.59
76,48.55,18.87,1,0.75,1.2,80,200.82
15,55.37,20.29,2,0.89,1.0,110,31.33
55,95.73,20.91,2,0.52,1.2,110,52.49
76,97.42,2.95,2,0.6,1.0,110,90.12
15,68.87,14.64,1,0.61,1.2,110,35.13
55,101.9,21.98,2,0.73,1.0,80,55.14
76,102.47,19.34,2,0.64,1.0,50,102.01
76,82.42,12.28,2,0.81,1.0,110,69.38
55,68.32,20.78,1,0.85,1.0,50,123.78
62,53.78,4.96,2,0.93,1.0,110,131.88
68,93.89,13.73,2,0.61,1.5,110,75.69
76,58.39,24.57,1,0.96,1.0,30,269.4
55,83.66,11.65,2,0.35,1.0,50,71.12
62,46.14,10.79,1,0.53,1.0,110,142.15
68,43.59,4.04,2,0.44,1.0,110,165.39
84,89.36,24.21,1,0.11,1.0,50,172.65
84,49.51,4.67,2,0.54,1.5,110,264.71
84,100.99,11.53,2,0.52,1.0,50,109.76
15,101.09,5.36,2,0.39,1.0,110,16.51
76,89.64,7.66,1,0.29,1.0,80,100.94
55,56.65,17.64,1,0.83,1.0,50,125.19
62,42.75,10.5,0,0.76,1.0,30,220.73
15,100.65,19.85,2,0.48,1.2,50,31.37
55,94.97,18.48,2,0.47,1.0,30,119.47
84,53.81,7.6,2,0.74,1.0,30,180.21
15,58.39,17.45,1,1.0,1.0,110,41.81
55,88.94,16.46,2,0.98,1.0,110,53.85
55,45.42,23.05,2,0.2,1.0,50,77.01
84,71.33,24.98,2,0.41,1.5,80,114.14
84,43.09,10.02,2,0.18,1.0,80,121.38
84,70.7,7.49,2,0.65,1.2,80,97.4
55,99.17,13.22,2,0.21,1.0,50,71.07
15,85.58,7.59,1,0.3,1.0,30,56.83
55,98.19,3.15,2,0.85,1.0,110,70.56
68,56.43,2.46,2,0.24,1.5,110,186.07
76,106.86,2.19,2,0.36,1.0,110,80.02
62,91.2,11.48,1,0.26,1.0,50,130.26
76,86.65,23.29,0,0.54,1.0,50,161.74
55,93.39,23.64,2,0.13,1.0,110,39.44
84,101.81,15.66,2,0.96,1.2,110,74.2
62,61.71,15.02,2,0.72,1.5,50,127.05
84,62.66,16.01,2,0.49,1.5,110,130.56
84,88.29,22.4,2,0.62,1.0,80,75.69
62,96.42,16.91,2,0.42,1.5,110,67.99
55,68.13,5.36,2,0.82,1.2,30,145.43
55,72.79,13.45,1,0.37,1.0,110,82.02
68,95.6,20.4,1,0.12,1.0,110,74.48
55,83.56,17.03,0,0.18,1.2,110,85.98
62,52.94,8.35,2,0.28,1.5,110,112.65
55,62.3,10.59,2,0.79,1.0,50,79.79
76,75.67,18.76,1,0.94,1.0,110,116.89
68,72.9,9.15,2,0.8,1.0,80,69.84
76,54.05,18.27,2,0.75,1.0,80,96.58
62,66.89,7.75,1,0.49,1.2,110,122.08
76,87.53,4.04,2,0.91,1.0,30,268.96
62,70.07,7.46,2,0.4,1.0,30,132.35
68,70.17,3.29,2,0.26,1.5,80,152.01
68,56.52,22.97,2,0.43,1.0,110,81.17
76,72.93,16.33,2,0.82,1.0,80,76.13
76,58.19,4.07,1,0.92,1.0,50,168.35
15,51.91,8.93,1,0.66,1.0,110,41.03
76,79.92,22.11,2,0.41,1.5,110,94.87
15,48.87,18.91,2,0.48,1.0,110,27.38
55,67.29,17.53,1,0.98,1.5,110,139.91
62,93.3,13.05,2,0.92,1.0,80,62.04
84,67.12,24.18,1,0.24,1.0,80,130.3
76,63.37,23.52,1,0.93,1.0,110,134.9
84,42.75,10.51,2,0.61,1.0,30,180.21
55,69.96,19.42,2,0.61,1.0,30,120.47
55,101.69,16.99,2,0.79,1.0,110,47.27
84,59.24,2.92,1,0.19,1.0,110,148.57
76,48.84,23.38,1,0.13,1.0,50,158.87
55,67.81,9.95,2,0.64,1.0,110,61.17
84,106.88,19.56,2,0.99,1.2,50,138.13
62,80.62,10.72,2,0.52,1.0,80,53.17
84,63.59,11.47,2,0.9,1.0,110,94.26
62,69.66,12.88,1,0.36,1.5,110,139.88
68,75.77,8.23,2,0.8,1.5,80,94.5
62,67.8,15.84,2,0.73,1.2,110,79.18
84,63.69,14.27,2,0.67,1.0,50,112.95
76,40.35,10.07,1,0.99,1.0,80,204.33
55,58.14,18.75,2,0.97,1.0,110,73.27
84,67.61,3.18,2,0.99,1.2,110,168.34
68,87.93,18.38,2,0.97,1.2,110,72.65
15,108.31,17.45,2,0.31,1.0,80,16.34
68,108.92,11.14,2,0.58,1.5,80,87.13
76,49.11,9.85,2,0.96,1.5,110,155.59
62,90.84,23.91,2,0.11,1.0,80,51.0
76,76.36,17.16,2,0.13,1.0,110,63.75
68,63.15,2.0,2,0.88,1.0,110,123.93
62,71.76,4.9,2,0.29,1.2,110,108.44
68,87.41,14.83,2,0.64,1.0,110,57.62
68,42.97,16.74,2,0.29,1.0,50,101.66
15,108.37,16.78,2,0.19,1.2,110,14.51
62,91.74,11.59,1,0.33,1.0,80,84.01
76,54.39,12.32,2,0.47,1.0,80,92.4
68,89.14,5.68,2,0.99,1.2,30,180.55
76,61.05,4.89,1,0.72,1.0,50,164.79
68,92.52,22.87,1,0.66,1.0,80,96.13
55,44.01,10.3,2,0.96,1.2,50,107.27
84,96.71,8.83,2,0.85,1.0,80,76.93
62,83.88,17.18,1,0.2,1.0,110,78.28
84,97.15,22.54,2,0.42,1.0,110,59.9
15,86.78,11.96,2,0.37,1.0,80,17.72
68,95.56,22.7,2,0.35,1.0,50,88.06
15,79.91,6.37,2,0.9,1.0,50,34.1
15,109.41,18.56,0,0.87,1.0,80,33.26
15,94.24,20.32,2,0.68,1.0,110,21.07
68,41.0,6.93,1,0.19,1.0,110,171.04
68,97.85,17.09,2,0.47,1.5,80,86.34
15,104.55,17.16,1,0.18,1.0,80,23.46
68,58.0,11.95,2,0.13,1.0,80,74.53
84,65.73,11.42,2,0.28,1.0,110,85.0
76,64.92,5.24,2,0.13,1.5,110,110.31
84,80.12,5.5,1,0.58,1.0,80,113.31
68,85.24,5.3,2,0.73,1.0,80,63.96
62,104.3,19.66,2,0.49,1.5,110,64.33
84,109.09,21.46,0,0.25,1.0,50,174.24
15,76.64,10.85,2,0.56,1.0,80,21.23
62,49.69,7.84,1,0.77,1.0,50,138.19
76,69.52,4.94,1,0.74,1.0,110,121.86
76,70.86,9.62,1,0.93,1.2,80,144.43
55,79.21,17.85,2,0.62,1.0,80,52.46
55,89.74,3.56,2,0.61,1.0,80,78.36
76,109.11,16.15,2,0.31,1.2,80,76.34
62,98.17,14.26,1,0.65,1.0,30,217.34
84,43.66,19.67,2,0.97,1.0,110,130.7
84,72.83,19.29,2,0.18,1.0,50,105.04
55,97.24,12.12,2,0.98,1.5,110,67.66
15,95.99,23.95,1,0.78,1.0,110,27.82
62,60.87,5.05,2,0.9,1.0,80,75.76
62,104.48,24.27,2,0.86,1.0,80,62.19
15,79.44,17.05,1,0.22,1.0,110,22.28
55,55.78,19.9,1,0.48,1.2,110,126.4
76,80.78,2.54,2,0.42,1.0,80,103.42
68,84.98,12.35,2,0.44,1.0,80,57.94
62,41.94,15.9,1,0.33,1.5,110,227.88
15,63.78,11.24,2,0.62,1.0,110,26.87
84,97.67,12.12,2,0.35,1.0,50,108.48
15,45.24,10.59,0,0.66,1.0,110,44.56
62,55.65,20.84,2,0.3,1.5,30,193.77
55,82.48,7.45,2,0.2,1.0,110,42.83
62,59.67,14.72,2,0.7,1.5,110,105.39
76,85.78,20.13,2,0.88,1.0,50,105.51
55,46.76,19.67,0,0.36,1.0,110,125.61
15,40.65,24.89,2,0.12,1.0,110,25.39
76,58.69,8.55,2,0.69,1.0,50,103.07
55,83.19,24.9,1,0.35,1.0,30,191.07
68,69.81,23.54,0,0.27,1.0,110,104.57
68,42.42,10.35,2,0.55,1.2,80,125.73
62,63.7,15.94,2,0.67,1.5,110,99.29
55,106.62,14.22,2,0.79,1.0,50,78.52
62,67.03,13.02,2,0.72,1.2,110,78.63
76,45.18,20.63,1,0.71,1.0,110,180.19
76,79.54,17.74,2,0.31,1.0,110,63.68
84,59.41,12.36,2,0.8,1.5,50,166.14
84,62.64,18.21,2,0.27,1.0,110,86.02
62,50.23,8.4,2,0.22,1.0,80,79.16
15,67.4,13.22,1,0.5,1.0,110,30.97
84,101.63,15.09,2,0.14,1.0,110,52.7
68,71.67,13.36,1,0.66,1.2,110,126.46
68,106.16,21.81,2,0.47,1.0,110,47.47
68,59.52,13.11,2,0.26,1.5,80,107.55
76,50.82,13.81,2,0.67,1.0,80,102.11
68,105.98,6.89,2,0.54,1.0,80,61.26
84,102.65,13.21,2,0.89,1.2,80,90.22
55,75.36,10.93,2,0.8,1.0,30,123.14
62,53.19,9.97,2,0.98,1.0,110,87.42
68,97.85,10.14,1,0.94,1.0,110,85.16
76,50.95,19.93,2,0.93,1.0,110,105.47
62,67.1,16.23,2,0.88,1.0,50,87.44
15,58.15,10.66,2,0.87,1.0,110,32.49
76,91.65,2.82,2,0.75,1.0,50,164.19
68,56.97,5.86,2,0.14,1.0,80,76.56
15,103.64,15.9,2,0.54,1.0,110,17.98
15,40.41,15.22,1,0.9,1.5,50,70.49
55,44.17,8.39,0,0.58,1.0,110,135.08
68,101.54,20.24,2,0.73,1.0,110,52.57
84,81.55,6.2,2,0.9,1.0,80,77.35
15,43.67,18.37,1,0.82,1.0,80,48.66
15,48.66,13.44,2,0.17,1.0,110,23.14
55,68.74,14.1,2,0.34,1.5,110,79.23
62,93.46,15.12,2,0.31,1.0,110,47.68
68,49.18,6.42,1,0.11,1.0,80,141.41
76,75.24,10.45,2,0.48,1.2,30,190.8
62,63.11,12.16,0,0.15,1.2,80,122.03
55,44.12,23.25,2,0.46,1.2,80,100.08
55,77.79,8.29,2,0.34,1.5,80,70.54
84,80.12,21.46,2,0.34,1.0,110,70.52
68,65.45,19.93,0,0.66,1.0,80,119.74
84,49.52,11.42,2,0.15,1.0,50,104.65
76,79.92,2.88,2,0.52,1.0,110,104.56
55,91.17,6.96,2,0.77,1.2,50,91.74
15,91.48,15.73,2,0.87,1.0,110,23.39
55,105.58,3.13,1,0.22,1.0,80,75.31
76,78.41,9.53,2,0.95,1.0,80,74.7
76,65.98,6.0,2,0.59,1.5,80,112.87
15,87.02,24.42,2,0.31,1.2,50,28.17
76,58.24,20.38,2,0.26,1.0,50,96.77
62,89.71,2.34,2,0.37,1.0,110,75.82
76,40.14,14.67,2,0.49,1.0,80,122.32
15,71.97,14.21,1,0.81,1.2,110,39.39
84,69.24,4.61,0,0.98,1.0,80,139.45
68,106.84,9.03,2,0.82,1.0,110,51.79
55,92.83,19.34,2,0.29,1.2,50,85.98
84,86.38,11.58,2,0.27,1.0,50,107.14
68,50.39,17.66,2,0.37,1.2,110,104.37
76,67.39,16.13,2,0.74,1.2,50,123.01
84,61.31,20.18,2,0.91,1.0,110,97.77
62,80.28,8.94,0,0.87,1.0,50,138.71
68,63.11,14.0,2,0.19,1.0,110,70.14
84,45.78,4.52,2,0.46,1.0,110,191.79
84,55.98,10.52,1,0.2,1.0,110,154.27
15,41.98,12.6,2,0.32,1.2,80,33.05
55,98.96,21.15,1,0.25,1.0,80,76.06
68,81.39,13.31,2,0.98,1.0,110,65.55
76,57.66,19.51,2,0.14,1.0,110,82.16
15,75.16,12.65,1,0.87,1.0,110,33.61
84,82.83,2.05,2,0.69,1.0,110,113.66
68,99.1,15.16,1,0.21,1.0,110,73.34
55,59.96,12.76,2,0.83,1.2,110,82.83
76,58.07,7.32,1,0.99,1.0,110,146.52
55,74.47,23.89,2,0.25,1.0,110,50.4
76,106.37,3.89,2,0.38,1.2,110,92.1
62,86.74,19.13,1,0.57,1.2,80,104.46
68,55.37,4.25,2,0.17,1.0,110,126.56
68,90.41,16.35,2,0.55,1.0,50,93.13
84,41.91,4.53,0,0.39,1.0,50,208.09
62,66.54,16.83,2,0.15,1.5,50,116.24
62,74.15,3.26,2,0.42,1.5,110,132.8
68,87.84,21.63,2,0.57,1.0,80,61.36
76,58.23,20.88,1,0.59,1.0,80,141.47
68,79.42,18.83,2,0.6,1.0,80,64.76
68,92.33,20.61,2,0.73,1.0,110,57.54
62,96.26,4.1,2,0.71,1.5,110,109.15
62,72.11,10.32,0,0.62,1.0,50,135.37
55,41.81,14.46,2,0.58,1.2,110,104.36
15,95.64,24.84,2,0.62,1.5,80,26.05
15,45.65,20.03,2,0.16,1.2,50,29.01
76,86.48,13.93,1,0.74,1.5,110,144.68
68,48.82,10.15,2,0.75,1.0,110,99.44
62,80.96,19.75,1,0.97,1.0,80,94.14
84,84.66,18.82,1,0.49,1.0,110,108.16
84,67.52,9.74,2,0.87,1.0,110,89.66
15,92.96,21.73,1,0.82,1.0,30,64.17
62,91.12,8.25,2,0.66,1.2,110,61.19
84,56.86,22.86,1,0.69,1.2,110,189.85
76,89.77,2.49,2,0.94,1.0,110,101.43
15,55.65,2.78,1,0.13,1.0,110,30.61
68,72.76,15.81,1,0.39,1.2,80,118.82
76,96.67,12.8,1,0.85,1.0,80,109.27
62,102.39,16.41,2,0.83,1.0,110,52.43
62,57.24,16.74,1,0.31,1.0,80,115.03
55,84.22,3.36,2,0.57,1.0,110,75.46
68,90.71,17.41,2,0.52,1.0,50,93.15
68,62.08,16.22,2,0.95,1.0,110,83.59
76,108.43,21.56,2,0.44,1.0,110,51.57
55,93.15,23.3,1,0.82,1.0,110,72.23
68,80.14,19.51,2,0.48,1.0,110,60.53
76,106.64,9.92,2,0.35,1.0,110,48.05
55,104.39,13.41,2,0.14,1.0,110,34.45
84,102.13,19.55,2,0.15,1.0,80,66.65
55,67.35,7.3,2,0.41,1.0,80,59.16
68,41.13,18.47,2,0.12,1.0,110,103.34
68,51.12,5.99,2,0.85,1.2,80,110.51
15,78.76,3.96,2,0.18,1.0,80,24.82
62,51.72,21.27,1,0.14,1.0,110,123.61
15,69.41,4.62,2,0.27,1.0,80,27.98
55,67.6,17.85,2,0.25,1.0,110,53.89
15,88.74,23.36,2,0.22,1.0,110,16.76
62,76.19,14.11,1,0.86,1.2,80,112.89
84,91.69,2.6,2,0.5,1.0,110,99.83
76,51.82,22.34,2,0.35,1.0,50,99.2
84,57.13,4.48,2,0.29,1.2,50,207.84
62,92.64,4.66,2,0.32,1.2,110,86.3
76,76.08,10.6,1,0.41,1.0,80,107.28
84,105.27,19.2,2,0.51,1.5,80,105.43
55,98.52,16.47,1,0.69,1.0,80,80.47
15,74.84,23.75,1,0.11,1.0,50,32.16
55,97.06,10.67,2,0.34,1.2,30,139.21
76,58.94,15.41,2,0.45,1.5,110,124.92
84,109.12,15.43,1,0.79,1.5,80,172.38
15,61.72,4.58,2,0.55,1.0,110,32.4
68,83.34,4.55,0,0.55,1.0,110,92.96
62,71.91,4.36,2,0.28,1.0,50,130.94
68,93.06,18.65,0,0.57,1.0,80,96.43
62,81.85,23.38,0,0.44,1.0,80,85.73
76,108.6,24.42,1,0.19,1.0,80,100.05
62,43.33,19.38,2,0.86,1.0,110,102.35
68,84.46,10.29,1,0.83,1.0,110,94.41
15,96.31,16.23,2,0.92,1.0,110,26.39
55,61.4,19.63,1,0.4,1.0,80,96.72
62,79.84,8.78,2,0.16,1.0,80,52.51
62,75.97,18.97,2,0.68,1.0,110,59.11
76,41.15,16.8,2,0.6,1.0,80,121.95
84,59.77,9.93,2,0.96,1.0,30,183.19
15,63.0,9.73,2,0.67,1.0,110,25.38
55,99.84,2.17,1,0.59,1.5,110,92.46
15,63.12,8.75,2,0.46,1.0,110,23.02
15,70.74,9.98,2,0.74,1.0,80,25.7
55,60.41,22.01,2,0.38,1.0,50,74.79
76,59.27,23.81,2,0.72,1.2,30,195.81
68,106.96,23.28,2,0.22,1.0,50,86.94
68,51.51,19.37,0,0.23,1.0,110,137.12
62,70.88,4.66,1,0.12,1.2,110,109.33
84,45.86,8.29,2,0.26,1.2,110,136.79
68,48.44,11.28,2,0.95,1.0,80,100.57
62,46.71,23.31,2,0.38,1.2,110,103.81
84,95.29,5.54,2,0.39,1.0,50,107.36
84,67.73,17.94,2,0.68,1.0,30,182.27
84,51.22,17.28,1,0.3,1.0,80,170.03
68,108.45,24.57,2,0.74,1.0,50,95.48
68,86.84,17.28,2,0.77,1.0,110,61.43
15,69.8,7.73,2,0.25,1.2,30,42.46
55,108.46,6.47,2,0.78,1.0,30,121.67
76,97.25,15.85,2,0.56,1.0,30,162.81
15,40.84,19.8,2,0.61,1.0,110,34.32
84,52.12,11.87,1,0.44,1.0,80,170.25
15,71.21,9.06,1,0.39,1.0,30,58.09
68,71.56,18.44,2,0.41,1.0,110,65.41
84,93.17,11.22,2,0.74,1.0,110,68.57
62,83.28,22.74,0,0.41,1.0,110,82.92
62,102.92,10.19,2,0.77,1.0,50,88.22
55,89.11,14.61,0,0.38,1.0,30,190.42
76,106.43,19.32,1,0.21,1.0,80,99.84
62,43.2,7.63,2,0.11,1.5,50,133.55
62,51.86,15.72,2,0.53,1.5,50,120.69
76,67.99,3.28,2,0.59,1.5,80,178.03
84,83.94,14.78,2,0.69,1.0,50,113.58
76,94.49,21.4,2,0.53,1.0,110,58.77
15,43.0,15.55,2,0.41,1.0,110,29.13
55,102.0,8.74,1,0.51,1.5,110,91.92
76,45.43,9.26,2,0.69,1.5,50,164.07
68,73.15,9.64,2,0.96,1.2,110,84.68
62,77.37,19.97,1,0.55,1.0,110,88.9
76,64.18,9.45,1,0.49,1.0,80,127.55
76,44.0,15.08,2,0.74,1.0,80,117.35
84,48.45,13.98,2,0.25,1.0,110,110.66
68,47.29,6.69,0,0.23,1.5,50,222.4
55,46.51,23.58,2,0.69,1.2,80,98.33
84,94.26,22.18,2,0.32,1.2,110,69.86
68,43.46,13.89,1,0.37,1.0,80,164.15
15,88.58,6.92,2,0.38,1.2,110,19.26
68,83.32,9.45,2,0.12,1.0,110,53.17
15,79.67,18.73,2,0.91,1.0,80,26.22
84,76.29,16.36,2,0.56,1.2,30,211.2
76,87.33,22.63,2,0.38,1.5,30,235.94
68,40.52,24.2,0,0.64,1.0,50,179.01
68,108.62,19.19,2,0.72,1.5,110,68.98
15,81.05,14.1,2,0.37,1.0,110,20.02
55,81.48,21.92,2,0.66,1.2,80,60.77
68,64.53,16.78,1,0.98,1.0,110,122.82
76,91.11,11.77,2,0.42,1.0,110,56.85
84,73.95,3.66,1,0.9,1.0,50,184.43
15,78.96,8.75,0,0.46,1.2,80,32.24
15,73.97,9.31,1,0.95,1.2,80,39.71
15,47.77,13.15,0,0.11,1.0,30,52.97
68,105.12,5.78,1,0.22,1.0,110,70.25
68,100.08,18.32,1,0.45,1.0,50,143.08
84,45.97,24.79,2,0.82,1.0,80,123.24
68,48.26,7.05,2,0.77,1.0,80,98.35
76,92.18,13.54,2,0.97,1.5,110,91.5
55,79.96,6.93,2,0.89,1.2,80,64.02
76,97.46,10.64,2,0.82,1.0,30,166.78
55,65.73,17.73,2,0.27,1.5,110,81.62
15,103.63,8.11,2,0.18,1.0,110,12.72
76,63.71,24.85,2,0.38,1.0,50,99.14
62,52.77,17.91,2,0.39,1.2,110,93.03
62,79.33,17.01,2,0.81,1.2,50,103.32
62,68.79,24.36,1,0.47,1.0,110,98.31
55,64.29,20.54,2,0.27,1.0,80,55.8
55,48.53,2.94,2,0.4,1.5,110,179.81
76,109.64,12.92,2,0.92,1.0,110,55.52
76,105.33,12.19,2,0.54,1.5,110,73.35
55,42.22,5.69,2,0.43,1.0,50,86.57
55,65.6,13.31,2,0.66,1.0,50,77.71
55,45.16,23.5,1,0.33,1.5,110,191.22
84,40.23,21.44,2,0.7,1.2,80,162.66
68,59.03,17.95,2,0.87,1.2,110,100.6
76,99.57,22.2,2,0.12,1.0,80,59.9
62,86.73,15.81,0,0.38,1.0,110,80.42
15,59.87,4.35,1,0.26,1.0,50,33.88
76,64.09,20.74,2,0.46,1.0,50,99.93
15,66.43,17.44,2,0.62,1.0,110,24.16
15,53.81,17.61,2,0.85,1.0,110,32.54
84,91.05,15.14,0,0.93,1.0,110,107.93
62,99.73,9.59,2,0.99,1.2,80,72.93
55,77.37,20.09,1,0.67,1.2,110,97.09
76,109.86,17.72,2,0.36,1.0,50,96.46
62,55.99,13.71,2,0.16,1.0,50,77.6
68,41.28,23.12,2,0.9,1.5,50,163.66
76,74.02,14.37,0,0.92,1.5,110,170.66
84,80.22,5.92,1,0.63,1.0,110,115.48
55,49.42,20.61,1,0.47,1.0,50,120.11
62,58.47,14.39,2,0.12,1.2,50,94.18
76,47.06,19.81,1,0.53,1.5,110,252.49
62,97.74,6.86,1,0.72,1.0,50,138.24
15,50.62,23.39,1,0.21,1.0,110,34.81
76,102.19,2.79,0,0.76,1.2,110,102.8
76,100.06,14.55,2,0.72,1.0,80,70.57
55,87.64,19.73,2,0.69,1.0,50,79.74
68,54.13,14.85,2,0.83,1.0,110,92.42
62,61.96,15.96,2,0.91,1.0,80,74.29
76,75.74,15.94,1,0.8,1.0,110,115.51
68,92.47,19.43,2,0.47,1.2,110,63.04
68,90.33,16.25,2,0.37,1.0,30,144.06
55,91.58,10.63,2,0.59,1.0,110,45.76
55,100.21,14.39,2,0.28,1.5,110,54.38
68,71.07,13.47,2,0.36,1.0,110,66.63
68,97.61,16.38,2,0.31,1.2,110,54.34
76,78.69,5.54,1,0.37,1.0,110,103.7
62,94.07,21.61,2,0.31,1.0,110,46.31
62,82.46,9.61,2,0.34,1.0,80,52.74
84,103.69,10.88,0,0.75,1.0,110,92.34
68,91.83,5.25,2,0.71,1.0,80,64.59
76,103.28,4.73,2,0.31,1.5,110,117.5
84,64.91,12.71,2,0.47,1.0,110,85.82
15,92.76,22.19,2,0.21,1.2,110,19.34
68,44.74,14.09,1,0.59,1.0,110,161.79
62,105.24,15.49,2,0.19,1.2,80,58.85
76,105.18,14.42,1,0.57,1.2,110,97.93
68,55.22,23.31,2,0.34,1.2,80,96.62
55,72.8,14.34,2,0.84,1.0,30,124.26
84,61.29,8.96,2,0.39,1.0,110,89.44
76,85.8,20.8,2,0.22,1.0,50,95.7
84,75.1,7.52,1,0.29,1.0,110,118.7
76,65.53,4.32,2,0.93,1.0,50,169.76
84,101.83,14.15,2,0.17,1.0,50,105.4
68,83.35,12.33,1,0.63,1.0,110,94.03
55,83.68,12.02,1,0.57,1.2,50,141.06
62,109.58,5.71,0,0.3,1.0,50,131.12
62,94.46,9.31,2,0.58,1.0,50,85.12
68,68.98,2.36,2,0.85,1.0,80,113.27
68,101.69,16.81,2,0.45,1.0,110,49.09
68,95.37,12.55,0,0.29,1.5,80,135.21
55,40.44,11.87,0,0.2,1.0,80,139.78
55,59.36,10.4,1,0.46,1.0,30,192.13
55,98.65,8.6,1,0.6,1.0,110,65.92
84,50.75,3.42,1,0.34,1.0,80,173.13
62,61.31,16.1,2,0.48,1.2,80,82.79
68,50.62,24.29,2,0.99,1.0,50,98.37
62,41.55,2.43,2,0.25,1.5,80,229.37
84,80.94,17.18,2,0.59,1.0,30,179.8
15,61.42,18.94,1,0.37,1.5,110,45.88
84,106.42,6.45,2,0.88,1.0,110,64.95
55,90.85,14.14,2,0.65,1.2,110,55.72
68,42.12,17.91,2,0.27,1.2,110,123.02
62,59.66,5.56,2,0.31,1.0,110,69.4
76,54.8,7.81,2,0.85,1.0,30,168.07
68,95.12,18.11,2,0.23,1.2,110,57.27
76,67.22,4.57,1,0.84,1.0,110,126.54
84,49.15,6.49,2,0.38,1.0,110,110.63
68,50.98,12.87,2,0.89,1.0,80,94.39
15,46.91,10.33,0,0.45,1.0,110,41.18
84,46.11,15.87,2,0.56,1.0,80,120.23
15,102.65,18.64,2,0.85,1.0,110,23.6
62,91.48,21.91,2,0.12,1.0,110,45.02
55,103.88,14.39,0,0.94,1.0,110,70.25
15,65.18,2.61,1,0.9,1.0,110,39.34
76,94.24,19.21,1,0.43,1.0,110,88.74
68,43.61,17.18,2,0.66,1.2,110,123.58
15,69.41,4.89,1,0.95,1.2,30,76.39
55,72.57,21.01,0,0.48,1.0,110,85.69
68,51.62,22.74,1,0.15,1.2,110,162.32
68,56.35,13.48,2,0.82,1.0,50,98.47
76,72.98,22.13,2,0.79,1.2,110,89.66
55,86.47,13.02,1,0.97,1.0,50,127.55
76,88.71,24.43,2,0.66,1.0,80,68.27
62,106.12,11.79,2,0.93,1.0,80,61.31
62,108.72,7.97,2,0.69,1.0,80,59.44
84,59.68,14.88,2,0.96,1.2,110,117.1
62,48.69,23.52,1,0.23,1.0,30,211.32
62,99.34,4.01,2,0.55,1.0,110,74.86
55,51.3,3.57,2,0.79,1.5,110,173.8
76,58.67,17.84,2,0.74,1.0,50,104.02
76,47.01,5.11,2,0.66,1.0,30,164.3
68,96.49,18.52,2,0.41,1.0,110,48.94
76,63.23,19.01,2,0.48,1.0,30,160.49
55,104.17,2.97,1,0.73,1.5,110,91.96
55,73.91,3.93,2,0.48,1.5,110,122.06
15,53.51,13.21,2,0.39,1.2,110,28.64
55,78.42,9.07,2,0.29,1.2,80,56.28
76,48.71,17.03,0,0.62,1.2,80,198.56
76,69.95,16.08,2,0.65,1.0,110,76.55
55,105.65,15.16,2,0.62,1.2,80,62.09
15,51.04,12.43,2,0.8,1.0,110,31.34
76,76.33,16.48,0,0.97,1.0,110,117.14
15,58.08,16.67,2,0.76,1.0,110,27.36
84,106.36,17.22,2,0.11,1.0,110,52.42
68,59.19,5.36,1,0.87,1.0,30,240.96
76,55.08,13.32,0,0.91,1.0,80,154.63
84,64.48,18.25,2,0.33,1.2,50,128.06
55,96.08,5.88,2,0.19,1.0,50,69.59
55,45.64,2.6,1,0.77,1.0,30,200.0
62,41.31,14.88,2,0.26,1.0,110,96.7
68,92.75,15.79,0,0.44,1.5,80,137.23
68,41.82,21.04,2,0.23,1.0,110,101.69
84,73.44,2.1,2,0.25,1.0,80,121.34
15,90.77,2.61,2,0.78,1.0,50,43.14
62,78.71,4.78,0,0.8,1.0,110,91.76
84,51.99,13.59,1,0.85,1.2,110,210.33
68,48.11,20.7,2,0.13,1.5,80,130.9
68,80.28,24.0,2,0.37,1.0,110,58.26
68,49.34,20.6,2,0.25,1.0,110,88.86
68,87.42,16.58,2,0.35,1.0,110,53.73
55,104.74,18.65,0,0.59,1.0,110,64.68
84,79.11,8.76,1,0.66,1.0,110,116.68
55,76.1,22.99,2,0.59,1.0,110,55.76
62,90.28,8.09,1,0.86,1.0,80,93.29
76,96.9,20.94,2,0.97,1.0,80,73.56
62,43.71,3.83,2,0.43,1.2,80,178.58
76,65.26,24.61,0,0.39,1.2,80,147.48
84,40.64,11.27,1,0.53,1.0,110,217.02
55,70.86,13.22,1,0.56,1.0,110,88.33
15,100.71,23.83,2,0.82,1.0,30,43.5
15,102.79,5.82,2,0.65,1.0,50,28.87
84,61.9,16.12,0,0.11,1.0,50,172.38
15,54.26,22.07,0,0.27,1.0,80,33.17
55,48.53,16.97,0,0.14,1.0,110,117.77
55,75.62,15.44,2,0.89,1.0,80,60.44
55,105.51,18.64,1,0.49,1.0,110,63.45
76,44.75,11.46,2,0.64,1.0,30,163.32
15,55.07,16.1,2,0.18,1.0,30,34.13
68,59.94,19.76,0,0.93,1.2,110,151.62
62,47.64,22.98,2,0.76,1.0,50,91.72
68,59.79,12.22,2,0.17,1.0,110,72.9
62,109.7,4.42,2,0.8,1.0,110,70.61
76,58.3,18.6,2,0.9,1.0,110,91.79
84,59.25,13.41,2,0.61,1.2,110,111.92
76,51.43,24.63,2,0.98,1.0,80,103.92
15,107.55,15.01,2,0.5,1.0,80,19.9
84,41.59,2.65,2,0.94,1.0,110,217.58
62,73.84,20.61,2,0.56,1.5,110,87.01
62,81.35,7.13,2,0.57,1.0,110,55.92
84,96.23,13.51,1,0.38,1.0,30,287.46
62,72.95,2.42,0,0.76,1.0,80,97.82
76,97.33,11.56,2,0.21,1.0,80,63.18
62,76.61,15.61,2,0.47,1.0,110,57.59
76,59.47,20.73,2,0.88,1.0,80,91.47
15,71.6,24.81,2,0.24,1.0,110,17.51
62,80.83,15.97,1,0.4,1.5,110,123.43
76,79.52,19.46,2,0.45,1.2,80,77.06
76,68.18,10.43,2,0.67,1.0,80,78.28
55,68.64,3.78,1,0.29,1.0,110,87.96
55,88.37,3.21,2,0.33,1.0,110,70.97
15,101.83,7.51,2,0.2,1.0,30,33.97
55,83.4,6.35,2,0.28,1.0,110,44.88
62,82.88,9.43,2,0.64,1.0,110,56.45
15,57.88,10.88,2,0.31,1.2,110,25.79
76,106.53,13.41,1,0.8,1.2,110,100.1
55,88.33,3.94,2,0.93,1.2,50,148.71
62,68.03,10.06,2,0.69,1.0,110,66.9
68,82.85,13.83,2,0.95,1.0,80,66.55
62,84.66,19.98,0,0.61,1.0,110,83.84
55,107.96,12.32,2,0.38,1.0,30,119.29
84,105.94,11.53,0,0.18,1.0,80,110.1
76,47.63,4.27,2,0.21,1.0,80,164.24
15,90.95,5.27,2,0.78,1.0,80,24.62
62,69.97,4.47,2,0.88,1.5,50,200.53
55,106.74,19.13,2,0.53,1.0,110,41.79
84,76.31,19.07,0,0.15,1.0,50,172.25
62,87.62,13.28,2,0.6,1.5,50,122.97
68,59.12,22.9,1,0.14,1.2,110,142.8
76,86.96,19.63,2,0.35,1.0,110,59.38
68,54.34,12.93,2,0.8,1.0,50,96.04
62,59.44,23.64,2,0.72,1.2,80,86.22
84,49.03,20.93,1,0.14,1.0,80,175.9
15,44.38,12.2,2,0.94,1.0,50,36.53
15,52.32,19.15,2,0.3,1.0,110,23.72
15,79.16,9.43,2,0.65,1.0,110,24.64
68,85.96,2.62,1,0.9,1.0,110,94.0
84,73.95,17.06,1,0.17,1.0,110,116.95
84,109.85,19.81,1,0.77,1.0,80,118.4
68,73.4,21.83,2,0.89,1.0,110,71.49
68,43.56,17.38,1,0.93,1.2,80,205.32
76,75.6,11.79,2,0.42,1.0,110,69.25
76,104.45,2.45,1,0.34,1.0,50,158.22
62,46.3,11.59,0,0.18,1.5,110,206.6
55,55.93,2.47,0,0.74,1.0,50,123.58
15,86.01,12.8,2,0.49,1.0,110,21.27
55,107.73,12.22,2,0.93,1.0,50,81.65
55,109.27,15.28,2,0.73,1.0,80,53.3
76,66.65,20.08,2,0.72,1.0,80,80.7
68,84.02,21.56,1,0.64,1.0,110,93.57
76,89.3,15.93,2,0.44,1.0,30,161.36
55,76.36,16.86,2,0.16,1.0,80,46.33
76,72.16,2.25,1,0.49,1.2,110,135.58
15,97.06,7.5,0,0.73,1.0,110,28.15
55,43.38,7.16,2,0.66,1.2,30,143.46
84,59.49,5.18,1,0.87,1.0,110,154.56
68,69.6,19.03,2,0.71,1.0,30,150.3
68,63.76,13.85,2,0.67,1.0,80,76.51
84,85.86,22.85,2,0.93,1.0,110,75.22
62,46.02,6.07,1,0.95,1.0,80,150.38
55,72.87,21.1,1,0.41,1.0,80,84.21
76,53.85,7.51,0,0.3,1.0,30,260.88
68,40.62,2.16,1,0.89,1.0,110,181.95
68,102.31,4.95,2,0.99,1.0,110,82.24
68,40.82,4.81,0,0.32,1.0,80,171.77
15,107.68,20.16,2,0.25,1.0,50,22.85
68,45.85,14.04,1,0.77,1.0,110,161.48
76,74.46,22.92,2,0.48,1.0,50,101.61
55,105.83,20.11,2,0.9,1.2,80,64.16
15,72.75,19.55,2,0.27,1.2,110,21.37
76,50.6,18.23,2,0.35,1.0,80,97.39
76,55.92,5.58,2,0.23,1.0,50,97.18
84,52.41,13.02,1,0.89,1.2,110,207.71
68,87.05,22.46,1,0.88,1.0,110,92.99
15,78.24,10.22,1,0.34,1.0,80,27.68
15,77.43,6.68,2,0.12,1.0,80,13.64
68,90.16,16.98,2,0.9,1.2,110,70.08
62,57.33,19.52,2,0.68,1.2,50,100.72
68,77.62,19.63,2,0.88,1.0,110,67.51
62,94.87,17.77,2,0.3,1.2,50,95.77
55,79.44,17.59,1,0.73,1.5,110,115.91
76,70.69,3.83,1,0.35,1.2,110,136.83
76,72.45,9.86,2,0.71,1.2,110,88.73
84,41.13,8.01,2,0.69,1.0,80,135.77
15,42.04,19.74,2,0.11,1.0,80,24.97
15,71.09,12.38,2,0.67,1.0,110,26.03
68,102.12,7.41,2,0.43,1.0,110,47.98
84,109.51,22.53,2,0.73,1.0,80,73.78
55,95.02,13.64,1,0.43,1.5,80,110.14
76,53.32,10.72,1,0.45,1.0,80,151.04
76,94.85,4.64,2,0.66,1.0,80,106.67
84,57.68,18.5,2,0.72,1.0,50,115.22
68,81.49,17.88,2,0.84,1.0,110,64.61
15,45.69,16.58,2,0.4,1.2,50,31.36
15,72.75,12.27,2,0.87,1.0,80,27.98
62,92.01,13.41,0,0.58,1.0,80,90.35
68,105.29,17.84,2,0.64,1.5,80,87.71
15,50.04,17.07,2,0.27,1.0,110,25.01
68,103.98,21.33,2,0.34,1.2,80,67.75
55,44.77,19.33,0,0.88,1.0,80,138.66
15,40.34,2.94,2,0.18,1.5,80,61.14
76,40.09,18.97,2,0.39,1.5,80,177.39
55,77.56,15.86,2,0.65,1.0,110,53.96
76,65.15,13.26,2,0.33,1.0,80,76.15
55,85.87,19.43,2,0.79,1.0,50,79.57
68,61.71,13.58,2,0.34,1.0,110,72.83
84,79.21,12.66,2,0.6,1.0,50,112.48
15,99.95,20.14,2,0.73,1.0,110,24.6
55,63.83,24.59,2,0.81,1.2,80,75.8
62,106.81,10.42,0,0.24,1.2,80,99.1
76,85.64,20.94,2,0.98,1.0,80,73.16
62,91.26,8.01,2,0.2,1.0,110,46.5
84,53.92,12.41,1,0.11,1.2,110,189.63
84,96.16,20.83,2,0.36,1.0,110,59.67
15,98.24,12.2,1,0.24,1.0,110,20.32
15,47.46,22.49,2,0.66,1.2,30,48.36
68,104.1,22.11,0,0.17,1.0,80,89.35
62,72.61,5.82,2,0.4,1.0,110,59.61
76,88.84,11.63,2,0.16,1.0,110,55.47
15,48.2,5.78,2,0.8,1.0,110,33.04
68,109.61,3.59,1,0.28,1.5,110,98.59
76,84.87,11.75,2,0.39,1.2,110,72.86
68,57.62,4.34,2,0.19,1.5,110,182.52
68,52.96,23.78,1,0.73,1.0,110,142.62
15,48.54,3.82,2,0.98,1.0,80,49.93
68,64.57,2.08,2,0.82,1.5,80,171.84
15,80.94,19.85,2,0.48,1.0,50,28.05
68,108.62,7.52,2,0.77,1.0,80,66.7
84,100.49,4.2,2,0.94,1.0,80,120.24
68,77.23,8.41,2,0.94,1.2,80,78.82
62,91.0,4.82,2,0.99,1.0,80,94.07
84,48.22,23.47,2,0.45,1.0,30,178.24
15,98.52,19.92,2,0.51,1.2,50,30.38
55,62.18,4.75,1,0.35,1.0,110,94.73
68,102.48,6.41,1,0.87,1.0,110,80.74
68,70.95,4.2,2,0.9,1.2,50,180.56
62,60.95,11.66,2,0.51,1.0,110,70.08
68,108.64,21.58,2,0.32,1.0,110,45.01
62,88.64,11.12,2,0.59,1.2,110,60.37
76,65.54,8.18,1,0.5,1.5,80,181.88
15,68.74,4.84,2,0.94,1.0,30,65.86
68,77.39,18.14,2,0.58,1.0,50,92.43
62,49.48,17.81,2,0.73,1.0,110,91.07
68,98.93,18.0,2,0.52,1.0,110,50.61
62,107.41,9.71,1,0.48,1.0,30,216.13
68,84.55,15.53,2,0.68,1.0,80,63.04
55,42.16,7.51,2,0.23,1.2,110,99.5
55,54.61,19.24,0,0.46,1.5,110,159.74
55,105.34,14.62,2,0.84,1.0,50,80.64
76,77.53,2.45,2,0.53,1.0,110,106.52
76,94.49,11.2,2,0.46,1.0,110,56.0
55,109.2,19.19,1,0.82,1.0,110,65.48
76,69.18,20.68,2,0.97,1.0,80,82.77
15,107.1,11.02,2,0.6,1.0,110,18.09
84,86.99,14.41,2,0.92,1.0,80,78.71
55,101.77,13.27,1,0.9,1.2,30,234.06
68,67.96,3.17,2,0.54,1.0,110,110.7
62,107.86,6.02,2,0.17,1.0,30,129.28
55,84.38,19.76,0,0.57,1.0,110,74.56
15,41.41,4.19,1,0.18,1.2,30,64.99
15,60.44,24.24,2,0.54,1.0,30,40.36
84,52.23,21.34,2,0.99,1.0,80,113.47
68,42.52,20.77,1,0.11,1.0,80,164.55
62,72.88,15.93,2,0.93,1.2,80,79.21
15,60.59,23.26,2,0.82,1.0,30,43.51
15,50.6,2.66,2,0.52,1.0,80,38.74
68,55.02,22.78,2,0.99,1.0,80,91.28
68,98.88,12.13,2,0.24,1.0,110,47.35
84,44.43,16.73,2,0.27,1.2,110,142.7
76,57.15,9.45,2,0.24,1.5,50,141.71
55,108.12,14.22,2,0.42,1.0,50,75.43
76,50.67,18.79,2,0.31,1.0,30,159.54
55,57.02,7.22,2,0.93,1.0,30,126.16
68,64.56,6.81,2,0.76,1.0,110,75.28
76,98.29,3.89,1,0.53,1.0,110,86.24
15,63.65,3.05,2,0.9,1.0,110,39.03
15,67.5,2.83,2,0.68,1.2,80,40.73
84,87.09,12.33,1,0.3,1.2,80,131.98
84,84.37,6.02,2,0.27,1.0,110,68.08
68,99.66,7.69,2,0.63,1.0,50,94.35
55,61.04,7.71,2,0.76,1.0,80,66.97
62,92.91,18.17,2,0.53,1.0,110,49.94
68,53.51,3.14,2,0.64,1.0,110,138.46
84,52.04,8.41,0,0.68,1.0,80,174.8
62,109.8,11.49,1,0.39,1.2,110,74.08
55,106.75,16.31,1,0.62,1.0,110,63.59
68,87.22,7.95,2,0.59,1.5,50,132.96
68,72.93,16.32,2,0.18,1.2,50,104.29
62,86.7,9.24,2,0.77,1.5,110,76.87
15,45.9,14.59,2,0.95,1.0,80,38.36
55,57.1,2.27,2,0.22,1.2,110,122.71
55,98.01,13.72,2,0.22,1.0,110,39.82
68,53.52,4.16,2,0.59,1.0,50,145.22
15,79.06,10.44,2,0.94,1.0,50,34.38
68,97.98,5.54,2,0.94,1.2,80,78.47
68,98.43,21.41,1,0.42,1.0,110,77.7
15,70.73,21.38,2,0.92,1.5,80,36.21
84,72.26,21.64,2,0.4,1.0,110,76.92
15,85.2,4.33,2,0.77,1.0,110,31.03
15,80.67,21.7,2,0.77,1.0,80,23.47
84,109.72,23.99,1,0.4,1.0,80,112.49
76,107.5,11.26,1,0.33,1.0,110,78.95
15,85.37,13.85,2,0.56,1.0,80,22.26
84,81.78,6.58,2,0.37,1.0,110,68.97
68,47.97,4.17,2,0.43,1.0,50,150.4
62,86.13,5.64,1,0.4,1.2,30,257.66
55,94.73,2.21,2,0.24,1.0,50,114.68
84,103.17,11.96,2,0.87,1.0,30,183.34
76,47.93,24.63,2,0.46,1.0,110,103.67
68,66.09,7.21,2,0.84,1.0,110,77.16
62,95.3,4.4,0,0.99,1.0,110,82.38
76,105.36,12.09,2,0.91,1.0,80,72.67
68,41.56,18.99,1,0.36,1.0,80,170.78
84,59.34,3.86,2,0.15,1.0,110,144.53
55,83.92,3.28,1,0.55,1.5,110,109.42
76,83.07,3.42,2,0.16,1.0,80,97.41
76,47.85,21.77,2,0.3,1.0,30,157.55
84,57.39,15.76,2,0.83,1.0,80,100.78
62,80.29,3.06,2,0.62,1.0,80,89.52
62,43.13,21.91,2,0.63,1.0,30,134.39
84,42.96,6.91,2,0.87,1.2,110,155.32
55,64.66,9.35,1,0.24,1.0,80,89.81
76,60.17,15.63,2,0.7,1.0,80,89.14
62,48.42,9.59,0,0.31,1.0,50,133.78
15,83.11,19.03,1,0.37,1.0,110,25.84
84,85.8,22.85,2,0.39,1.0,30,174.46
15,82.45,23.56,2,0.59,1.2,80,23.55
76,77.67,18.64,2,0.91,1.0,50,106.81
15,72.56,7.53,2,0.54,1.0,110,20.42
76,49.89,21.37,2,0.84,1.0,110,107.13
68,73.21,4.22,2,0.87,1.0,30,243.09
84,55.68,18.02,1,0.25,1.2,50,206.53
62,45.31,9.99,1,0.81,1.0,30,218.95
15,42.36,23.31,1,0.73,1.2,110,55.55
55,94.48,4.29,2,0.46,1.0,110,65.88
68,72.28,7.41,2,0.43,1.0,110,63.2
62,44.76,16.04,2,0.83,1.2,50,112.94
55,78.94,16.91,2,0.95,1.2,110,66.07
62,88.58,15.88,2,0.9,1.2,50,105.86
55,95.6,3.37,2,0.41,1.0,110,66.67
84,64.67,6.99,1,0.21,1.5,110,198.91
15,70.81,13.04,1,0.52,1.0,50,38.89
15,84.34,5.24,2,0.16,1.5,110,20.16
55,87.15,16.0,2,0.98,1.2,30,149.6
62,103.39,2.13,2,0.13,1.0,50,127.65
84,93.23,23.47,1,0.36,1.0,110,96.24
15,78.8,20.91,2,0.59,1.0,50,27.46
68,54.17,12.15,1,0.72,1.0,110,140.19
55,59.58,15.69,2,0.38,1.0,30,117.99
84,103.21,2.41,2,0.53,1.2,80,134.67
68,62.83,18.92,1,0.16,1.2,80,135.61
68,96.8,20.71,2,0.93,1.0,80,65.94
62,50.37,21.2,0,0.48,1.0,50,132.04
55,86.0,13.43,2,0.64,1.0,110,49.34
76,48.08,10.9,2,0.83,1.0,30,165.85
76,97.68,6.36,2,0.35,1.2,50,116.52
62,49.24,16.14,2,0.1,1.0,110,79.82
62,78.27,3.77,2,0.48,1.2,110,104.95
62,95.12,8.47,2,0.56,1.0,80,57.33
15,87.89,19.6,2,0.69,1.0,50,30.23
84,108.9,10.26,1,0.54,1.0,50,177.07
15,53.38,6.31,1,0.12,1.0,80,31.38
68,56.62,12.08,2,0.67,1.0,80,83.7
62,73.9,20.59,0,0.23,1.0,50,128.89
76,74.51,7.66,2,0.21,1.0,50,95.45
62,92.62,9.19,2,0.79,1.0,110,55.05
55,71.79,10.15,2,0.58,1.0,80,56.76
76,72.71,20.86,2,0.56,1.0,110,72.32
15,80.98,8.9,2,0.78,1.0,80,25.75
76,96.21,13.29,2,0.24,1.0,30,157.6
68,105.85,2.71,1,0.22,1.0,50,140.97
62,79.79,2.09,0,0.23,1.0,110,81.99
84,100.29,23.86,0,0.16,1.5,110,131.1
62,108.58,8.23,1,0.54,1.0,110,67.07
62,72.69,13.97,2,0.89,1.0,110,65.94
62,67.65,20.94,2,0.35,1.2,30,155.4
55,98.77,16.45,2,0.77,1.2,80,62.89
55,91.39,5.61,1,0.91,1.0,110,75.26
15,63.65,3.88,2,0.12,1.5,110,38.87
84,64.14,14.12,2,0.41,1.0,110,87.43
55,108.14,18.31,2,0.5,1.0,80,52.04
15,51.77,21.22,2,0.75,1.0,110,30.93
76,105.37,7.04,0,0.94,1.0,110,88.77
55,99.94,17.49,0,0.42,1.0,110,63.69
68,63.04,15.5,1,0.74,1.0,110,120.66
76,65.42,18.55,2,0.82,1.0,80,81.83
62,92.69,2.28,1,0.23,1.0,80,81.97
15,107.86,13.84,2,0.85,1.0,30,44.02
76,48.91,18.97,2,0.5,1.0,110,100.73
76,67.5,6.85,2,0.56,1.0,80,78.48
76,79.04,13.72,0,0.38,1.0,50,161.12
84,98.99,6.15,2,0.25,1.2,50,125.63
62,51.5,15.77,2,0.56,1.5,50,121.69
15,57.98,7.76,1,0.88,1.2,80,47.18
55,67.72,3.09,2,0.12,1.2,80,100.86
84,60.3,9.96,2,0.69,1.0,50,112.8
84,62.27,5.21,1,0.32,1.0,110,141.64
76,52.89,15.82,2,0.42,1.0,80,94.35
15,53.53,22.75,2,0.99,1.0,50,35.42
55,73.13,22.44,2,0.68,1.0,30,121.68
68,71.71,12.1,2,0.4,1.0,80,64.29
84,99.63,4.49,2,0.7,1.0,110,98.96
84,105.01,10.25,2,0.6,1.0,80,75.0
68,105.5,6.92,2,0.92,1.0,80,66.51
76,78.52,16.21,1,0.98,1.2,110,132.0
76,104.99,10.14,2,0.81,1.5,110,79.93
55,71.75,17.63,2,0.81,1.0,80,59.83
62,40.26,12.02,1,0.51,1.5,110,241.45
84,72.79,15.18,2,0.57,1.0,80,78.13
68,55.56,6.43,2,0.28,1.5,110,115.34
84,107.2,20.48,1,0.79,1.0,30,294.62
15,79.5,10.59,2,0.2,1.0,110,16.82
76,67.18,18.17,2,0.54,1.5,110,110.57
84,43.43,13.11,2,0.4,1.2,110,145.83
84,59.52,12.14,2,0.85,1.0,110,99.17
55,93.28,23.37,2,0.45,1.5,30,173.16
68,43.26,24.03,2,0.39,1.0,110,102.98
15,103.79,4.75,1,0.94,1.2,110,32.29
68,100.56,20.47,2,0.81,1.2,110,62.71
84,64.36,5.77,0,0.17,1.2,30,340.76
62,42.17,14.54,2,0.58,1.0,110,98.81
76,77.17,24.73,2,0.29,1.0,110,63.72
76,44.85,16.05,2,0.73,1.2,80,133.29
84,78.39,21.61,2,0.6,1.0,80,75.27
76,74.98,8.91,2,0.59,1.5,110,101.77
84,107.88,22.69,2,0.81,1.0,110,59.23
76,81.81,11.63,0,0.15,1.0,110,96.16
68,54.4,8.2,2,0.14,1.2,80,92.04
62,99.75,5.09,1,0.89,1.0,110,77.27
68,43.39,9.66,2,0.56,1.0,80,106.05
15,75.23,24.91,2,0.73,1.0,80,25.19
68,66.74,24.82,2,0.41,1.2,110,83.33
76,62.19,14.53,2,0.48,1.0,110,83.63
15,63.78,13.41,2,0.46,1.2,50,31.28
62,42.59,11.81,2,0.31,1.2,80,111.51
76,93.88,19.28,0,0.94,1.0,80,112.67
76,55.15,6.22,2,0.35,1.0,110,88.64
68,65.38,9.36,2,0.93,1.0,80,79.23
15,94.4,3.5,0,0.64,1.2,80,33.48
55,66.91,5.51,2,0.29,1.0,110,54.08
62,48.68,4.05,2,1.0,1.0,30,225.24
76,92.03,5.88,2,0.41,1.2,110,66.46
84,73.8,18.85,1,0.34,1.0,110,120.87
15,82.48,19.8,0,0.33,1.5,80,35.16
62,79.24,13.7,2,0.91,1.0,110,64.13
15,64.99,9.96,2,0.29,1.0,80,20.19
76,79.86,10.85,2,0.7,1.0,50,101.92
55,77.08,6.06,1,0.79,1.0,110,84.54
62,103.33,10.62,2,0.85,1.0,110,50.73
68,69.73,8.42,1,0.57,1.0,50,146.22
15,47.81,6.18,2,0.72,1.0,110,30.45
55,60.2,5.35,0,0.89,1.0,80,106.26
68,84.2,5.98,2,0.89,1.2,110,74.71
76,85.56,2.3,2,0.8,1.0,110,102.81
55,46.31,5.86,1,0.91,1.5,80,192.14
15,78.28,12.89,2,0.59,1.0,30,41.02
55,57.03,23.14,2,0.64,1.0,80,69.15
15,41.18,6.68,2,0.6,1.0,80,30.18
15,94.0,12.59,2,0.73,1.0,110,23.27
68,59.52,22.99,2,0.47,1.0,80,77.12
76,50.33,11.17,2,0.28,1.0,110,97.33
68,91.24,3.75,2,0.28,1.2,110,95.12
68,69.2,18.59,2,0.18,1.2,50,103.25
76,68.04,15.86,2,0.61,1.0,80,79.34
68,97.99,12.5,2,0.58,1.0,110,53.7
68,75.28,13.57,2,0.71,1.0,110,67.2
62,46.23,17.63,0,0.77,1.0,30,219.69
76,42.09,14.81,1,0.62,1.0,30,265.6
76,48.37,21.91,2,0.45,1.0,50,102.82
84,95.12,22.13,2,0.81,1.0,80,77.47
55,40.02,10.93,1,0.14,1.2,80,169.61
62,100.65,4.96,0,0.45,1.2,50,157.25
55,100.83,2.86,1,0.44,1.0,110,65.04
76,86.26,23.82,2,0.32,1.2,30,188.51
68,75.62,3.18,0,0.87,1.0,80,103.54
15,55.49,10.08,2,0.68,1.0,110,29.37
62,86.54,12.58,2,0.27,1.0,110,47.97
55,70.93,10.96,2,0.77,1.0,30,123.01
55,95.48,19.36,2,0.55,1.5,110,62.48
15,56.73,11.52,2,0.2,1.2,80,22.34
55,73.83,22.84,2,0.9,1.0,80,58.54
55,92.21,5.54,2,0.56,1.0,110,47.62
84,103.66,14.97,2,0.72,1.0,110,62.87
84,50.24,9.84,2,0.55,1.2,80,131.8
68,82.0,22.44,1,0.21,1.0,80,89.7
84,86.01,12.44,2,0.67,1.0,50,111.78
55,65.72,3.07,2,0.96,1.0,80,98.73
15,48.19,2.29,2,0.41,1.0,110,38.56
55,72.62,18.05,2,0.19,1.2,110,58.69
84,102.67,9.47,2,0.26,1.5,110,78.19
62,54.96,14.91,2,0.79,1.0,80,81.07
55,72.55,3.61,2,0.73,1.0,110,88.89
62,64.48,10.2,1,0.69,1.0,110,108.52
62,103.87,3.2,1,0.71,1.5,80,128.99
55,51.96,24.36,2,0.37,1.0,80,70.76
84,107.64,8.01,2,0.13,1.0,30,171.24
76,42.43,6.9,2,0.14,1.0,80,114.75
62,78.08,8.26,2,0.34,1.0,80,55.03
55,88.52,6.78,2,0.25,1.0,30,117.98
15,103.16,18.5,2,0.98,1.0,80,28.22
62,43.36,18.28,2,0.58,1.0,110,97.07
68,44.46,12.1,2,0.96,1.0,50,108.46
62,40.23,18.33,2,0.33,1.2,80,117.57
15,42.34,22.19,2,0.78,1.5,110,47.06
84,79.97,12.63,2,0.13,1.0,110,65.54
84,102.43,21.62,2,0.97,1.5,110,90.0
15,92.27,9.94,2,0.7,1.0,110,21.5
62,61.75,23.53,2,0.61,1.0,30,133.79
62,56.87,16.14,1,0.26,1.0,80,116.11
55,78.84,19.65,1,0.5,1.5,110,112.99
68,42.44,20.24,0,0.62,1.0,30,239.16
84,75.87,20.18,2,0.42,1.0,110,74.02
62,70.52,21.74,0,1.0,1.0,110,106.44
62,50.91,9.59,2,0.76,1.0,110,85.55
68,57.69,12.0,0,0.99,1.0,110,135.46
76,88.71,15.21,2,0.93,1.0,110,68.74
76,89.39,8.14,2,0.7,1.0,110,63.11
76,49.4,12.97,2,0.78,1.0,110,105.39
62,69.87,4.22,2,0.27,1.0,110,96.06
55,44.39,11.04,2,0.8,1.5,30,178.53
68,84.43,13.03,2,0.9,1.5,110,88.43
84,44.73,8.92,1,0.15,1.2,110,229.86
15,93.92,13.06,1,0.45,1.0,30,59.16
68,60.42,23.74,2,0.74,1.0,80,78.52
68,97.33,2.31,0,0.8,1.5,80,141.12
55,59.31,17.33,2,0.25,1.0,80,61.66
15,73.95,21.4,2,0.73,1.0,110,25.54
55,104.96,5.95,2,0.52,1.0,110,40.4
15,85.07,17.3,1,0.64,1.0,110,29.69
55,60.65,6.18,2,0.93,1.0,110,70.62
84,55.22,4.79,2,0.84,1.0,50,183.42
76,108.06,4.11,2,0.54,1.2,80,124.74
15,105.79,11.36,2,0.75,1.0,50,28.87
55,86.71,7.99,0,0.7,1.2,30,232.86
68,74.02,22.59,2,0.65,1.2,110,78.07
84,58.12,20.5,2,0.34,1.0,110,94.87
68,69.25,15.57,1,0.4,1.2,110,125.58
68,97.36,12.84,2,0.67,1.0,80,62.09
76,55.87,4.14,2,0.36,1.5,80,209.96
62,100.25,7.71,1,0.75,1.5,30,323.7
15,100.45,6.49,0,0.4,1.0,110,24.48
15,93.71,15.38,0,0.13,1.0,80,22.03
62,40.28,9.79,2,0.71,1.2,110,123.31
76,86.24,4.39,2,0.71,1.0,110,101.01
55,74.19,8.88,2,0.46,1.5,80,74.38
15,40.11,2.6,2,0.79,1.0,80,50.93
84,62.34,6.87,2,0.73,1.0,80,93.35
76,66.5,20.9,2,0.32,1.0,110,75.71
68,47.89,10.07,2,0.4,1.0,110,93.21
76,42.48,21.61,2,0.12,1.2,80,132.67
84,108.39,19.51,2,0.36,1.5,110,79.85
76,45.62,10.93,2,0.77,1.5,30,241.81
84,107.9,10.88,2,0.24,1.0,110,52.8
15,81.72,8.73,2,0.17,1.0,80,16.56
76,67.8,5.78,1,0.51,1.0,80,122.21
76,60.81,14.27,2,0.85,1.0,110,89.5
62,90.13,9.05,2,0.69,1.0,80,58.7
68,104.29,11.23,2,0.78,1.2,110,59.17
15,88.92,18.29,2,0.33,1.0,110,17.0
68,108.72,6.1,0,0.7,1.5,110,107.23
76,87.69,10.24,2,0.27,1.0,110,60.35
62,68.27,23.52,2,0.95,1.0,50,92.1
62,89.34,16.48,1,0.6,1.0,110,82.11
62,65.77,6.06,2,0.59,1.0,110,67.76
62,45.75,3.29,1,0.39,1.0,80,143.23
76,54.66,24.79,1,0.93,1.0,80,155.36
68,84.64,19.66,2,0.12,1.2,50,100.85
76,94.24,18.28,2,0.9,1.0,50,106.81
68,90.53,21.22,1,0.78,1.0,50,151.62
84,71.28,22.65,1,0.34,1.0,110,124.99
84,97.69,15.47,2,0.3,1.0,110,57.46
15,109.21,12.76,2,0.87,1.0,30,43.42
15,71.55,17.66,2,0.89,1.2,50,36.66
76,43.65,18.57,2,0.41,1.2,110,130.41
84,81.92,12.02,2,0.28,1.0,110,67.96
15,73.32,13.79,2,0.37,1.0,80,21.14
62,65.29,15.86,2,0.57,1.0,30,132.63
68,80.47,12.78,1,0.77,1.0,80,96.96
15,57.54,17.71,2,0.59,1.2,110,30.01
76,74.62,6.5,2,0.48,1.0,50,98.96
84,104.97,16.15,2,0.65,1.0,110,61.16
15,62.62,20.38,2,0.39,1.0,110,24.11
55,105.48,22.6,2,0.63,1.0,110,43.35
84,108.49,12.63,2,0.76,1.0,110,60.07
15,89.05,2.63,2,0.54,1.0,80,27.09
76,83.58,13.74,2,0.22,1.0,110,60.52
76,52.76,17.96,2,0.92,1.0,80,103.48
76,95.4,12.83,2,0.35,1.0,110,51.89
15,52.73,15.45,0,0.25,1.5,110,46.82
15,59.01,24.23,1,0.81,1.0,50,45.35
76,84.22,21.16,2,0.25,1.0,50,95.24
76,44.62,24.7,2,0.25,1.5,30,235.36
68,50.88,22.29,2,0.4,1.5,110,128.16
68,69.29,11.45,1,0.6,1.2,50,174.93
15,73.42,3.68,1,0.67,1.0,50,40.89
68,106.22,14.6,2,0.16,1.2,110,50.03
62,81.01,19.44,2,0.63,1.0,110,56.96
68,65.15,7.2,2,0.45,1.0,30,144.87
76,41.68,7.13,0,0.95,1.0,30,267.86
76,71.73,14.09,2,0.77,1.0,30,165.21
68,47.69,14.44,2,0.95,1.0,110,101.51
62,66.75,22.4,2,0.66,1.0,110,68.64
15,82.47,15.52,1,0.13,1.5,80,32.81
84,95.1,2.51,0,0.4,1.0,80,112.91
76,102.03,7.77,2,0.18,1.5,110,71.61
15,46.16,6.94,2,0.84,1.0,50,33.83
68,81.13,8.85,2,0.37,1.5,30,211.86
55,44.93,18.39,1,0.93,1.0,30,199.85
55,55.87,22.91,2,0.78,1.0,110,72.38
76,103.69,15.72,2,0.86,1.0,110,60.25
15,88.11,20.61,2,0.16,1.0,80,16.74
62,109.56,3.05,2,0.17,1.0,80,82.45
84,106.85,3.84,2,0.78,1.0,110,90.62
68,60.91,18.65,2,0.37,1.5,50,129.39
15,93.19,23.34,2,0.99,1.0,80,27.03
55,56.13,17.82,1,0.41,1.0,110,103.96
84,87.75,9.54,2,0.41,1.0,110,65.28
76,47.08,12.43,1,0.77,1.0,110,174.31
84,65.98,4.57,2,0.26,1.0,80,132.53
62,55.84,11.65,2,0.56,1.2,80,90.61
15,81.32,24.01,2,0.79,1.0,80,23.12
68,73.77,3.02,1,0.4,1.2,30,280.36
84,42.99,7.61,0,0.96,1.0,50,213.29
84,46.36,11.82,2,0.84,1.0,110,123.65
15,68.41,20.12,2,0.67,1.0,110,25.17
55,73.75,10.1,2,0.91,1.0,110,60.35
15,90.75,24.86,2,0.74,1.0,110,23.11
76,48.15,23.68,0,0.64,1.5,110,248.4
55,90.38,21.19,1,0.51,1.2,50,141.25
15,85.14,11.22,2,0.19,1.2,110,16.92
62,74.59,13.17,2,0.11,1.0,80,53.65
68,82.84,8.9,1,0.55,1.0,110,92.61
76,40.35,23.25,1,0.26,1.0,30,259.7
62,50.57,3.26,2,0.14,1.0,110,126.75
84,61.03,12.65,2,0.76,1.0,110,96.03
62,45.58,4.38,2,0.67,1.0,50,147.4
55,86.46,20.5,2,0.12,1.2,80,53.72
84,94.32,13.46,2,0.52,1.0,110,65.76
62,79.67,4.25,2,0.54,1.0,110,88.52
84,69.8,22.05,2,0.98,1.0,110,88.47
68,63.83,20.13,2,0.34,1.0,50,89.03
62,42.85,2.47,0,0.76,1.0,80,159.38
84,72.34,9.43,2,0.65,1.0,110,82.91
68,64.16,17.71,2,0.63,1.0,110,76.1
76,59.34,22.04,2,0.51,1.5,110,125.8
68,69.87,21.44,1,0.61,1.0,50,147.57
84,71.82,9.24,2,0.98,1.5,110,121.38
55,60.26,19.2,2,0.91,1.0,110,69.72
84,82.8,19.64,1,0.76,1.2,110,137.26
55,91.13,20.86,1,0.7,1.0,30,197.27
84,40.17,10.37,2,0.72,1.0,50,138.68
15,58.92,14.82,0,0.65,1.0,50,40.49
62,74.48,15.43,2,0.58,1.0,50,86.23
84,87.25,8.2,2,0.71,1.0,110,69.81
84,96.71,22.21,0,0.43,1.0,50,177.07
55,62.81,21.24,2,0.16,1.2,50,83.74
84,41.98,14.48,2,0.65,1.0,110,131.98
15,68.56,9.25,1,0.41,1.0,50,39.58
62,53.97,19.65,2,0.16,1.2,110,87.73
15,108.79,22.86,2,0.12,1.0,50,20.9
55,75.53,6.79,2,0.39,1.2,80,61.14
55,55.46,19.57,1,0.54,1.0,110,109.84
76,108.47,11.15,2,0.49,1.0,80,67.07
55,52.09,17.68,2,0.28,1.0,110,68.23
55,53.7,5.66,2,0.14,1.2,110,77.21
68,100.02,7.14,0,0.45,1.2,110,92.2
68,66.9,18.58,2,0.82,1.0,50,96.25
15,103.0,12.68,2,0.8,1.2,110,24.15
62,71.1,24.74,1,0.42,1.0,30,214.09
55,80.46,18.31,2,0.97,1.2,80,65.23
15,43.85,7.55,0,0.87,1.0,110,49.98
55,58.97,10.6,1,0.37,1.0,80,99.17
76,109.39,15.54,2,0.44,1.2,80,75.03
84,70.32,21.08,1,0.53,1.0,110,129.16
68,99.42,19.66,1,0.89,1.5,110,118.48
84,105.51,9.53,2,0.97,1.2,110,74.21
84,58.19,14.31,2,0.29,1.0,50,105.34
68,96.43,11.83,2,0.53,1.0,50,92.21
62,76.69,2.02,1,0.26,1.0,50,128.95
76,108.87,15.68,2,0.84,1.0,110,57.88
55,53.0,8.32,0,0.85,1.0,110,119.85
55,103.33,17.6,2,0.32,1.0,50,73.46
15,78.26,22.44,2,0.54,1.0,110,21.47
76,80.95,10.41,2,0.5,1.0,110,66.06
55,91.67,18.47,2,0.47,1.0,110,46.21
15,71.42,9.7,2,0.8,1.0,110,27.67
76,48.16,16.0,2,0.37,1.0,50,103.4
55,52.04,8.45,1,0.55,1.2,80,136.94
15,61.36,11.15,2,0.11,1.0,80,18.1
15,92.28,9.66,1,0.72,1.2,80,36.2
55,85.41,3.4,2,0.75,1.0,110,77.05
68,58.57,21.51,2,0.95,1.0,30,151.02
55,72.48,23.57,1,0.14,1.0,80,80.94
62,90.11,8.99,1,0.66,1.0,110,79.92
15,65.2,22.31,2,0.96,1.0,110,28.71
55,75.97,17.99,2,0.56,1.2,80,63.78
76,72.47,18.08,2,0.88,1.0,110,77.24
15,49.87,3.83,2,0.44,1.0,80,37.55
15,69.9,11.29,1,0.56,1.0,80,31.46
62,64.2,4.51,2,0.96,1.2,110,132.77
15,74.38,15.52,2,0.76,1.0,110,25.49
55,80.85,19.56,0,0.84,1.0,80,85.16
76,59.68,10.88,2,0.19,1.0,110,80.7
68,92.34,12.81,2,0.42,1.2,30,172.19
15,109.33,16.18,2,0.37,1.0,110,16.81
76,51.34,14.81,1,0.25,1.0,50,159.94
62,77.29,14.0,2,0.32,1.0,110,54.96
84,89.04,21.73,2,0.21,1.0,30,172.1
62,65.78,2.92,2,0.43,1.0,110,101.97
84,71.49,2.98,1,0.37,1.2,110,149.42
76,44.98,13.34,1,0.42,1.0,110,177.82
84,89.2,10.02,2,0.93,1.0,110,72.13
15,57.1,7.17,2,0.73,1.0,80,27.21
15,92.89,22.63,1,0.13,1.0,80,22.55
84,87.51,22.64,2,0.54,1.5,110,96.71
84,101.88,19.49,2,0.49,1.0,110,57.99
84,101.91,12.6,2,0.26,1.0,80,69.44
55,72.88,13.46,1,0.14,1.5,30,278.74
76,78.63,12.62,1,0.18,1.0,80,99.6
68,69.55,11.41,2,0.43,1.0,50,89.32
68,57.06,14.51,0,0.4,1.2,110,149.73
68,54.61,21.79,2,0.93,1.5,80,128.91
15,43.07,10.28,2,0.83,1.0,110,35.64
15,89.68,18.61,2,0.73,1.0,50,31.2
68,100.02,22.31,2,0.28,1.0,110,47.74
55,85.14,5.81,2,0.99,1.0,80,57.16
68,77.64,24.15,0,0.92,1.2,110,121.02
76,74.36,11.28,2,0.57,1.0,80,72.47
76,90.85,2.11,2,0.25,1.0,110,89.31
55,47.22,9.01,2,0.95,1.0,80,87.38
55,72.13,14.27,1,0.58,1.0,80,87.84
76,79.98,11.81,2,0.62,1.0,110,68.02
15,60.11,5.87,1,0.69,1.2,80,42.31
76,99.79,18.37,2,0.82,1.0,80,72.01
15,88.98,5.79,2,0.26,1.0,30,35.15
68,83.66,22.23,0,0.96,1.0,110,98.11
55,54.34,20.51,2,0.99,1.0,80,78.06
76,72.24,21.34,2,0.64,1.0,110,75.05
84,51.52,12.77,2,0.69,1.2,110,128.28
68,56.66,23.34,2,0.96,1.0,110,88.73
15,62.66,6.11,2,0.69,1.0,110,27.16
15,57.33,7.75,2,0.4,1.0,110,23.11
55,78.93,16.6,1,0.46,1.0,50,118.47
55,71.4,17.95,2,0.16,1.0,110,50.21
84,82.61,4.22,2,0.86,1.0,80,121.38
62,108.75,8.26,2,0.26,1.0,30,129.47
62,91.14,6.59,1,0.19,1.5,50,191.62
15,52.33,2.47,2,0.62,1.0,110,40.75
84,59.89,21.27,2,0.21,1.0,50,104.57
15,66.82,14.93,2,0.69,1.0,50,29.27
84,67.61,21.65,2,0.86,1.0,50,117.33
15,104.75,17.4,1,0.41,1.5,50,51.11
15,89.4,21.6,2,0.14,1.0,30,34.9
55,76.61,10.63,2,0.87,1.5,110,79.8
84,52.04,19.2,2,0.88,1.0,80,113.69
68,94.04,23.6,2,0.71,1.0,110,56.6
62,90.37,20.67,2,0.93,1.2,80,71.38
76,40.51,24.59,2,0.53,1.5,80,179.71
84,87.4,2.24,2,0.93,1.0,110,113.28
62,94.96,18.94,2,0.76,1.0,50,88.52
15,40.8,21.72,2,0.2,1.5,110,36.26
68,48.59,12.75,2,0.96,1.0,80,101.54
68,55.88,22.21,2,0.49,1.5,110,119.07
15,85.35,14.4,1,0.9,1.2,110,35.11
84,99.04,19.22,0,0.59,1.2,110,112.96
15,55.94,12.4,2,0.74,1.2,110,33.44
84,53.52,22.59,2,0.93,1.0,110,110.59
76,89.09,16.43,2,0.22,1.0,110,58.21
84,56.48,9.22,2,0.49,1.5,30,259.45
68,80.14,22.22,0,0.9,1.0,110,101.24
68,76.47,23.84,2,0.57,1.0,80,64.15
62,89.07,18.79,1,0.11,1.0,110,73.8
84,70.32,14.08,0,0.95,1.0,80,136.96
76,103.88,11.15,0,0.4,1.0,50,160.33
55,104.38,22.77,2,0.85,1.0,110,46.94
76,109.99,20.66,2,0.66,1.2,110,61.91
62,80.54,6.05,2,0.94,1.0,110,61.65
84,96.33,12.43,2,0.31,1.2,50,128.85
76,52.54,24.83,1,0.99,1.5,110,233.75
76,88.68,21.45,2,0.32,1.2,110,68.29
55,102.58,23.98,2,0.44,1.2,30,141.02
76,92.13,3.51,2,0.2,1.0,110,87.24
15,58.79,20.09,2,0.6,1.0,110,27.72
55,80.52,2.45,2,0.66,1.0,80,80.04
55,86.75,9.95,2,0.3,1.0,50,71.32
62,105.49,21.93,1,0.26,1.2,110,77.27
55,103.85,22.11,1,0.91,1.0,110,67.62
62,58.8,11.91,1,0.77,1.2,110,142.03
68,55.64,12.86,2,0.18,1.0,80,77.59
68,74.24,11.99,2,0.74,1.0,30,149.33
84,97.91,18.87,2,0.3,1.5,80,100.41
68,51.32,21.64,2,0.61,1.0,110,91.83
68,80.56,23.33,2,0.36,1.0,80,58.5
84,98.53,15.88,1,0.2,1.5,80,163.17
55,47.11,20.77,0,0.5,1.0,30,193.06
55,109.86,23.96,2,0.58,1.0,80,53.56
15,100.87,4.98,0,0.12,1.0,80,22.32
62,84.87,10.2,1,0.3,1.0,50,128.67
76,97.75,9.76,2,0.41,1.0,110,53.9
84,98.84,24.08,2,0.89,1.0,30,183.55
84,88.74,10.62,2,0.96,1.0,80,79.06
68,74.38,9.21,2,0.14,1.0,110,58.81
62,62.2,18.35,1,0.8,1.2,110,135.7
55,42.12,2.74,2,0.21,1.0,110,137.61
55,47.66,14.88,2,0.97,1.0,30,124.51
15,76.06,5.4,0,0.22,1.0,80,24.68
68,46.96,15.21,2,0.19,1.0,50,90.98
62,95.03,17.79,1,0.85,1.2,110,92.45
68,108.16,8.15,2,0.42,1.5,110,64.47
15,58.84,8.14,2,0.75,1.5,110,36.8
55,87.23,24.87,2,0.47,1.5,110,66.76
62,89.62,20.74,2,0.61,1.5,50,121.94
84,54.96,14.46,2,0.81,1.5,80,150.68
68,49.23,5.04,1,0.2,1.0,110,142.37
62,72.13,9.03,2,0.36,1.2,110,68.01
15,66.81,18.01,2,0.17,1.0,110,15.36
76,98.73,5.07,1,0.5,1.0,110,85.81
62,96.82,23.35,2,0.22,1.2,110,52.07
68,66.21,14.36,2,0.83,1.0,110,74.98
68,108.49,11.18,2,0.15,1.2,110,50.96
15,93.83,9.23,2,0.66,1.0,80,22.46
62,82.32,22.55,2,0.9,1.0,110,61.37
68,80.03,16.61,2,0.7,1.2,110,73.11
68,103.73,13.34,2,0.76,1.2,110,60.38
15,55.44,3.8,2,0.88,1.0,110,42.47
68,66.31,6.63,1,0.31,1.0,80,107.68
62,70.55,14.55,2,0.43,1.0,80,60.64
68,42.74,12.69,1,0.41,1.0,110,166.3
84,47.67,13.06,2,0.59,1.2,80,139.53
15,52.57,23.2,0,0.9,1.0,110,43.04
84,58.51,11.84,1,0.66,1.2,110,183.25
55,49.9,18.79,2,0.88,1.0,30,125.57
68,57.48,14.27,2,0.3,1.0,80,77.83
62,108.66,11.1,2,0.25,1.0,110,39.38
15,40.4,22.58,2,0.51,1.5,110,41.97
84,105.53,21.6,2,0.19,1.5,110,75.35
84,40.18,14.79,2,0.92,1.0,110,141.83
84,76.25,19.1,2,0.26,1.0,110,71.24
55,88.57,24.81,1,0.6,1.0,80,78.63
15,100.89,18.96,1,0.76,1.0,110,27.86
15,59.26,9.96,2,0.49,1.0,110,25.32
68,107.89,18.98,2,0.77,1.0,80,65.42
76,87.54,12.69,0,0.16,1.2,80,119.58
68,67.29,10.32,2,0.87,1.5,110,104.97
62,51.15,19.72,2,0.57,1.0,110,83.35
84,88.02,2.94,2,0.79,1.0,110,109.74
68,99.45,2.21,2,0.42,1.5,110,110.16
15,108.8,21.56,2,0.64,1.0,110,19.89
76,67.52,10.54,2,0.22,1.2,110,85.27
76,57.01,16.18,2,0.5,1.5,110,130.9
84,54.91,3.49,1,0.84,1.0,110,169.44
62,77.93,6.57,2,0.78,1.0,50,88.48
68,62.87,7.03,2,0.26,1.0,50,86.35
68,75.66,13.88,2,0.15,1.0,80,57.41
84,67.83,17.29,2,0.25,1.0,80,79.59
76,48.57,9.72,2,0.26,1.0,80,101.13
76,44.33,11.46,1,0.82,1.0,110,184.89
62,81.86,7.41,2,0.23,1.0,50,80.7
68,60.05,5.9,2,0.46,1.2,110,90.61
68,104.56,15.06,1,0.49,1.0,50,144.8
76,84.97,6.91,2,0.51,1.0,80,68.13
62,83.18,17.3,0,0.92,1.2,50,164.26
55,40.31,8.34,2,0.17,1.0,110,87.11
84,75.44,23.85,2,0.78,1.2,110,92.89
68,53.44,12.51,2,0.51,1.0,110,86.75
55,44.57,7.51,2,1.0,1.2,80,105.13
76,76.72,24.62,2,0.82,1.0,110,74.99
62,63.06,23.58,2,0.51,1.0,110,68.64
62,55.78,12.55,0,0.53,1.0,80,120.25
68,41.33,4.38,1,0.74,1.2,110,209.6
55,51.25,23.61,2,0.92,1.0,110,80.33
62,52.02,21.45,2,0.54,1.0,110,81.07
84,103.95,12.39,1,0.52,1.0,110,91.43
76,44.88,18.24,2,0.98,1.0,50,116.88
68,62.96,21.43,1,0.43,1.5,110,170.7
15,56.75,20.93,0,0.82,1.2,80,45.11
62,69.77,6.51,1,0.63,1.0,110,101.07
76,79.31,22.16,2,0.82,1.2,110,82.91
68,84.75,22.84,2,0.92,1.0,110,64.44
76,105.6,3.99,1,0.36,1.0,30,260.39
15,101.71,24.17,2,0.2,1.0,80,15.12
84,90.05,7.85,2,0.24,1.0,30,174.41
76,106.37,20.64,2,0.44,1.0,80,65.45
55,83.15,9.76,2,0.73,1.0,80,54.53
76,91.22,9.63,2,0.25,1.5,110,82.39
62,93.45,22.91,2,0.3,1.0,80,53.34
68,44.94,17.4,1,0.38,1.0,50,159.24
76,94.51,21.24,2,0.5,1.2,110,68.26
68,101.72,24.42,2,0.23,1.0,110,44.38
15,78.27,16.87,2,0.38,1.0,110,19.88
68,50.7,15.53,2,0.67,1.2,110,109.28
84,41.92,23.02,2,0.51,1.0,80,131.2
62,44.96,18.22,1,0.18,1.0,30,211.47
62,57.27,24.59,2,0.74,1.0,80,78.31
76,54.22,22.48,2,0.61,1.0,110,95.48
68,72.66,9.4,2,0.98,1.0,110,72.1
76,95.45,20.43,2,0.59,1.0,110,58.39
68,61.77,16.43,2,0.47,1.2,110,89.17
62,53.47,22.97,2,0.11,1.0,110,70.56
15,107.19,14.92,2,0.46,1.0,110,17.86
55,98.83,16.62,1,0.73,1.0,110,70.32
84,108.83,20.59,2,0.44,1.0,50,109.3
62,89.4,3.57,0,0.13,1.0,110,73.72
76,48.71,21.89,2,0.24,1.0,110,98.27
84,93.45,8.11,1,0.59,1.0,110,100.93
84,96.69,22.58,2,0.66,1.5,110,90.37
68,106.4,23.63,2,0.98,1.0,50,99.02
15,103.34,5.82,2,0.91,1.0,110,23.59
84,91.37,15.19,0,0.26,1.0,110,97.59
55,47.73,21.62,1,0.75,1.0,80,127.98
68,62.32,24.6,2,0.86,1.0,80,80.29
76,92.17,14.34,2,0.48,1.2,110,68.72
76,79.83,17.54,2,0.15,1.5,80,89.77
76,56.63,15.49,0,0.1,1.0,80,137.23
84,101.94,5.39,1,0.89,1.0,110,98.42
55,47.36,14.04,1,0.29,1.0,80,123.58
55,84.63,11.92,2,0.49,1.2,110,56.09
76,92.77,21.61,2,0.78,1.2,110,73.16
76,104.5,14.18,0,0.12,1.5,80,146.83
55,93.13,3.73,2,0.83,1.0,110,73.84
76,62.78,22.07,2,0.44,1.0,110,82.59
68,90.59,12.51,1,0.21,1.0,30,230.77
68,71.81,16.21,2,0.43,1.2,30,171.8
15,64.04,9.89,2,0.6,1.2,110,27.14
68,64.17,15.8,2,0.68,1.0,50,94.8
76,43.61,17.77,2,0.41,1.0,110,112.93
84,80.72,6.51,0,0.39,1.0,80,112.38
68,90.04,8.01,1,0.84,1.0,110,92.35
15,94.32,13.37,2,0.26,1.0,50,25.18
68,60.11,21.69,2,0.42,1.0,110,75.71
55,70.67,15.64,2,0.98,1.5,110,86.63
68,71.42,18.93,0,0.8,1.0,110,107.77
62,56.54,7.05,0,0.45,1.0,80,119.63
84,50.86,23.44,2,0.31,1.2,110,125.17
62,104.18,16.14,1,0.71,1.0,110,71.07
76,42.18,16.53,2,0.16,1.0,110,112.16
84,93.95,14.47,2,0.85,1.5,30,265.78
15,103.68,21.41,2,0.49,1.0,110,17.4
15,89.3,23.13,2,0.5,1.0,110,18.14
76,56.91,15.0,0,0.45,1.0,50,160.93
76,106.46,6.97,1,0.22,1.2,110,91.42
84,85.23,18.77,1,0.37,1.0,50,174.44
76,85.33,19.68,1,0.55,1.0,50,162.5
76,83.61,6.44,2,0.59,1.0,30,160.81
84,66.51,23.18,2,0.17,1.5,50,155.5
15,59.86,19.11,2,0.81,1.5,110,37.61
76,100.29,24.68,2,0.63,1.0,50,102.81
84,42.79,12.82,1,0.14,1.0,110,200.05
76,90.24,4.49,2,0.6,1.0,110,95.28
55,85.2,5.52,2,0.8,1.0,110,55.04
15,52.35,9.71,2,0.33,1.0,80,25.33
84,70.0,11.98,2,0.99,1.0,110,87.08
15,41.72,14.97,2,0.87,1.0,50,35.85
55,101.24,22.26,2,0.59,1.0,80,52.88
15,68.16,17.57,1,0.76,1.2,30,75.09
15,71.54,16.19,2,0.59,1.2,80,25.61
68,92.19,20.61,2,0.54,1.0,80,60.73
55,47.25,16.62,2,0.29,1.2,80,90.52
76,40.21,19.64,1,0.9,1.0,110,204.72
15,79.96,20.56,0,0.47,1.2,80,31.69
68,41.09,2.37,0,0.92,1.0,80,180.79
68,81.69,23.79,2,0.83,1.0,110,63.28
62,75.11,13.55,2,0.74,1.0,110,64.01
84,78.71,23.4,0,0.21,1.0,110,110.98
55,107.41,9.88,2,0.27,1.5,30,173.36
15,91.83,17.63,2,0.52,1.0,80,22.48
62,88.49,24.15,1,0.96,1.2,110,101.8
62,104.94,2.18,2,0.63,1.0,110,68.63
76,58.91,3.18,2,0.8,1.0,110,143.0
62,100.79,6.93,1,0.99,1.0,50,140.98
15,100.14,4.82,2,0.38,1.0,30,57.52
84,52.12,12.11,1,0.38,1.0,80,171.15
15,69.96,23.47,1,0.46,1.5,110,41.0
68,73.47,8.36,2,0.42,1.0,110,64.01
62,45.86,19.48,2,0.33,1.0,110,86.42
62,77.96,17.18,2,0.41,1.0,50,81.97
84,47.29,19.62,0,0.28,1.0,80,183.53
84,77.3,23.61,2,0.58,1.0,50,111.02
76,54.57,2.32,2,0.83,1.0,110,152.34
84,75.98,22.34,2,0.11,1.2,110,83.68
15,75.57,21.72,1,0.43,1.5,110,38.55
76,96.56,7.94,2,0.8,1.2,80,81.41
84,45.16,15.89,2,0.1,1.2,110,137.43
55,100.45,6.47,2,0.64,1.2,110,51.26
62,89.29,11.75,2,0.64,1.0,110,52.27
84,49.43,4.51,2,0.9,1.0,80,185.89
55,109.14,19.61,1,0.76,1.0,110,62.94
76,56.68,13.48,0,0.41,1.0,80,143.26
76,42.04,7.97,2,0.39,1.2,110,137.93
55,103.07,14.39,2,0.8,1.0,110,46.03
15,92.2,22.73,2,0.66,1.5,80,28.2
15,94.06,9.84,2,0.15,1.0,110,13.6
84,52.94,10.71,2,0.41,1.0,110,103.12
84,92.88,2.09,2,0.9,1.0,80,119.6
62,65.6,17.48,1,0.8,1.0,110,108.75
62,52.85,9.74,2,0.31,1.0,80,76.81
62,85.83,13.34,2,0.35,1.0,30,130.5
76,67.39,20.66,2,0.78,1.0,110,83.74
15,41.26,20.17,2,0.44,1.0,110,28.67
68,42.42,5.87,2,0.94,1.0,110,110.75
76,67.66,20.08,2,0.31,1.2,110,88.5
15,76.64,18.24,2,0.26,1.0,80,17.38
76,43.68,14.99,0,0.24,1.0,110,180.39
62,105.69,8.53,2,0.9,1.0,110,49.18
76,42.64,7.7,2,0.59,1.0,50,118.5
62,44.58,11.18,2,0.33,1.0,50,91.0
15,80.84,19.5,2,0.5,1.0,30,37.9
15,74.31,2.76,1,0.42,1.2,80,33.1
68,63.78,24.99,2,0.43,1.2,50,107.56
62,100.55,16.66,2,0.68,1.2,80,68.23
15,61.55,12.94,0,0.11,1.2,110,32.92
15,90.31,10.45,2,0.22,1.0,110,14.49
76,42.37,12.64,2,0.47,1.0,110,114.39
62,45.77,23.87,2,0.42,1.0,110,89.54
15,43.27,24.05,2,0.73,1.0,110,33.15
15,86.8,15.72,0,0.39,1.0,110,25.42
76,99.26,9.25,2,0.11,1.5,110,73.81
62,89.09,18.69,2,0.66,1.2,50,100.61
62,69.9,9.47,2,0.72,1.5,110,93.48
76,71.39,15.94,1,0.78,1.0,50,167.23
84,108.79,14.04,2,0.47,1.0,110,54.61
68,70.97,23.21,2,0.95,1.2,50,113.59
68,83.62,5.45,2,0.8,1.0,80,64.06
84,65.06,2.57,1,0.8,1.0,110,144.72
68,104.3,21.68,2,0.24,1.0,110,44.18
62,41.15,18.5,2,0.77,1.0,110,105.63
62,88.38,16.91,2,0.39,1.0,110,49.42
55,70.04,18.39,2,0.97,1.0,80,64.22
76,100.75,24.6,2,0.77,1.0,80,69.42
55,99.08,10.72,2,0.63,1.0,80,52.42
76,91.12,6.55,2,0.11,1.0,80,61.8
68,48.45,11.21,1,0.22,1.2,110,171.95
76,99.55,13.56,1,0.46,1.0,110,84.11
68,60.47,23.5,2,0.35,1.0,30,142.53
84,75.99,21.84,2,0.23,1.0,110,71.19
62,69.12,15.43,2,0.23,1.5,110,87.0
76,71.94,16.22,2,0.98,1.0,80,81.24
55,59.65,21.72,2,0.41,1.0,30,118.01
76,40.68,4.38,2,0.45,1.0,110,195.5
15,59.57,18.51,2,0.87,1.0,80,30.15
68,61.58,24.6,2,0.66,1.2,80,90.8
84,62.69,4.06,2,0.99,1.2,110,176.42
68,47.93,16.81,0,0.24,1.0,80,146.31
68,108.39,16.54,2,0.44,1.0,30,143.89
68,92.69,13.56,0,0.46,1.0,110,82.29
15,41.23,12.28,0,0.39,1.0,30,58.62
55,72.82,9.85,2,0.8,1.0,80,59.24
84,96.73,9.97,2,0.2,1.2,110,69.52
84,95.67,24.13,1,0.52,1.0,80,112.82
84,45.72,17.59,2,0.26,1.0,80,117.17
68,94.32,11.58,1,0.47,1.2,110,94.81
15,87.04,2.27,2,0.59,1.0,110,26.72
55,101.48,9.44,2,0.81,1.0,80,55.59
84,79.2,10.03,1,0.83,1.5,110,173.7
68,103.11,22.95,1,0.18,1.5,80,132.82
76,64.37,8.49,0,0.99,1.0,80,133.09
84,78.35,14.05,2,0.66,1.2,110,87.39
62,40.59,12.01,2,0.84,1.2,80,125.46
68,100.7,8.03,2,0.3,1.0,80,58.41
84,89.59,24.14,2,0.57,1.2,30,212.04
55,58.29,12.13,1,0.21,1.0,30,189.62
55,69.71,9.59,2,0.83,1.5,80,85.28
15,98.4,13.53,2,0.24,1.2,110,15.63
68,73.32,19.16,1,0.54,1.2,80,122.71
15,89.18,21.37,0,0.69,1.0,110,29.0
62,99.89,8.09,2,0.11,1.2,80,59.62
84,45.07,12.06,2,0.11,1.0,110,116.64
15,101.52,10.85,2,0.69,1.2,30,48.46
62,60.52,9.52,2,0.77,1.0,110,74.8
76,73.15,24.16,2,0.48,1.2,30,190.75
55,80.77,7.87,2,0.92,1.0,110,57.55
76,54.53,11.93,2,0.22,1.0,80,88.43
68,53.18,5.2,2,0.88,1.0,110,92.25
55,71.24,20.23,2,0.63,1.0,110,57.54
15,87.49,8.02,2,0.83,1.2,110,27.76
15,42.6,5.06,2,0.14,1.0,80,25.23
15,43.17,11.67,2,0.58,1.0,110,31.25
55,58.55,24.28,2,0.61,1.0,80,68.87
55,63.3,15.1,0,0.83,1.0,110,101.93
55,49.33,10.02,1,0.73,1.5,30,287.11
68,42.17,22.17,2,0.93,1.2,110,131.25
15,67.79,2.28,1,0.13,1.0,80,26.35
62,51.5,5.33,1,0.15,1.0,110,124.28
62,94.02,24.27,2,0.7,1.5,80,83.09
76,80.12,13.94,1,0.58,1.2,50,191.69
55,47.96,9.78,2,0.6,1.0,110,77.73
15,72.47,23.63,2,0.69,1.0,110,24.74
15,43.06,4.55,2,0.21,1.2,30,66.85
55,104.57,15.41,0,0.34,1.5,110,86.85
76,92.41,8.47,0,0.48,1.0,110,90.43
15,104.95,20.66,2,0.59,1.0,80,21.85
76,96.35,15.38,2,0.74,1.0,50,104.69
62,78.18,24.48,1,0.93,1.0,110,93.28
55,106.99,6.38,2,0.85,1.2,110,52.4
15,104.01,17.27,2,0.41,1.2,30,43.48
15,60.02,2.99,2,0.85,1.0,110,39.39
55,48.69,16.2,2,0.29,1.0,110,73.25
55,71.27,8.07,0,0.26,1.0,80,81.35
84,109.67,19.7,2,0.77,1.5,110,82.13
76,98.29,6.41,2,0.27,1.0,80,62.96
62,62.34,2.27,2,0.36,1.2,80,124.96
76,106.57,22.01,2,0.58,1.0,110,54.15
15,83.42,16.84,2,0.9,1.0,30,46.04
62,48.14,21.86,1,0.34,1.2,110,161.52
68,106.47,8.13,2,0.56,1.0,110,48.46
62,73.44,17.28,1,0.91,1.2,30,263.49
84,58.8,3.63,2,0.47,1.0,110,152.69
76,84.17,15.92,2,0.53,1.0,80,67.27
15,44.56,7.69,1,0.44,1.0,50,41.11
84,101.71,15.0,1,0.13,1.5,80,161.86
62,54.75,17.63,2,0.6,1.2,110,93.16
76,96.33,2.9,1,0.34,1.0,30,259.02
68,103.43,18.0,2,0.22,1.0,110,42.65
62,81.37,22.32,2,0.53,1.0,110,56.17
15,93.78,23.28,2,0.6,1.0,30,41.62
76,60.06,18.69,2,0.19,1.2,80,96.1
84,87.63,8.59,1,0.65,1.2,80,138.39
84,64.79,12.88,1,0.7,1.0,110,143.24
68,85.7,11.1,2,0.7,1.0,110,60.14
15,66.15,19.76,2,0.74,1.0,110,28.62
55,79.58,21.38,2,0.82,1.2,50,95.56
76,100.31,5.09,1,0.31,1.0,80,102.22
62,55.02,11.12,2,0.32,1.0,110,73.7
76,45.87,3.01,2,0.97,1.0,110,181.87
15,78.54,20.89,2,0.11,1.5,80,19.39
62,108.4,19.3,1,0.21,1.0,110,64.06
84,52.79,5.66,2,0.5,1.2,110,123.46
55,58.24,4.66,1,0.12,1.0,50,113.6
68,98.01,14.03,2,0.12,1.0,110,43.51
76,107.24,2.01,2,0.12,1.2,110,89.01
15,104.67,14.26,2,0.56,1.0,110,20.08
55,71.67,14.05,1,0.59,1.0,110,87.99
76,69.63,6.11,2,0.81,1.0,110,79.53
68,61.92,21.78,2,0.1,1.2,110,79.71
55,88.72,9.55,2,0.78,1.0,110,49.91
76,43.52,13.68,2,0.96,1.0,80,120.78
62,61.75,24.32,2,0.41,1.2,110,80.55
68,68.66,13.01,2,0.83,1.0,110,73.66
55,88.09,6.49,0,0.98,1.2,80,98.81
76,100.22,20.66,1,0.66,1.0,110,86.31
55,99.56,15.42,2,0.91,1.0,80,56.8
84,87.56,21.33,2,0.14,1.0,80,67.93
55,103.34,6.53,2,0.84,1.0,110,46.42
15,109.59,2.92,1,0.94,1.0,50,46.31
84,95.18,16.05,2,1.0,1.2,110,78.53
15,93.49,4.6,1,0.41,1.0,110,24.09
76,68.0,2.6,2,0.58,1.0,50,160.44
84,84.34,18.96,2,0.89,1.0,80,78.87
62,80.97,6.16,2,0.76,1.0,110,59.73
55,88.34,20.62,2,0.68,1.0,110,51.65
68,40.46,20.92,1,0.75,1.0,30,240.77
15,72.1,22.59,2,0.5,1.0,110,22.52
62,108.92,4.25,1,0.27,1.2,80,99.02
76,91.44,24.19,2,0.6,1.0,110,59.67
84,96.92,24.3,2,0.37,1.2,110,70.49
15,63.27,6.25,1,0.31,1.0,110,31.77
55,103.93,22.22,2,0.56,1.0,110,41.67
84,88.31,8.7,2,0.45,1.2,30,209.01
15,106.28,5.66,0,0.15,1.0,30,53.78
55,52.63,21.15,2,0.42,1.0,50,74.39
62,99.68,22.91,0,0.16,1.2,110,77.45
55,42.34,24.84,2,0.59,1.2,110,103.52
15,108.94,20.61,2,0.28,1.0,110,13.28
62,88.58,16.89,2,0.91,1.0,50,89.98
68,62.55,13.88,2,0.55,1.2,50,108.61
55,71.21,23.5,2,0.14,1.5,110,74.41
84,86.28,18.82,2,0.1,1.0,110,61.86
62,72.31,20.13,2,0.75,1.5,80,91.15
76,52.81,8.81,2,0.49,1.0,110,96.66
15,101.07,10.54,2,0.46,1.0,110,17.84
76,63.03,13.86,2,0.76,1.2,110,99.64
62,96.15,17.95,2,0.28,1.2,110,52.87
15,104.71,20.73,1,0.74,1.0,80,32.42
62,54.88,20.3,2,0.67,1.0,80,78.97
68,63.69,2.42,2,0.49,1.0,110,113.76
15,76.09,14.09,1,0.97,1.0,110,36.23
62,91.37,15.18,1,0.53,1.2,50,158.15
55,66.2,9.31,1,0.81,1.0,80,96.37
62,50.99,7.59,2,0.65,1.0,110,83.41
62,56.78,9.95,2,0.3,1.0,30,131.56
15,93.92,16.97,2,0.34,1.5,110,22.15
15,84.61,20.53,0,0.41,1.0,110,25.8
15,64.21,17.9,2,0.52,1.0,110,22.47
68,98.02,14.73,2,0.92,1.0,110,57.82
84,62.51,2.2,2,0.87,1.0,110,149.37
15,61.84,16.65,2,0.22,1.5,30,51.02
15,104.83,7.51,2,1.0,1.0,30,46.91
76,100.13,13.31,2,0.82,1.2,80,82.59
68,55.39,5.84,1,0.98,1.0,50,153.79
68,81.48,3.89,2,0.66,1.2,110,110.18
15,56.87,24.39,2,0.23,1.0,50,22.22
68,50.23,7.89,2,0.57,1.2,110,109.55
84,50.49,21.32,2,0.23,1.0,110,106.74
62,85.9,18.42,2,0.1,1.0,110,45.76
68,98.12,21.35,2,0.41,1.0,80,59.83
15,42.56,15.23,1,0.21,1.0,80,40.05
15,67.24,2.08,0,0.61,1.2,110,37.93
84,41.37,11.66,2,0.26,1.0,110,128.91
68,89.7,6.51,2,0.48,1.2,110,64.77
62,72.3,21.37,2,0.89,1.0,110,65.99
76,105.09,15.95,1,0.11,1.2,110,92.18
68,72.48,5.64,2,0.8,1.2,110,80.31
84,60.16,7.83,2,0.35,1.0,110,91.89
15,70.09,7.37,2,0.72,1.0,110,26.99
68,48.53,11.75,0,0.25,1.2,80,172.02
76,52.92,5.63,2,0.88,1.0,110,103.13
76,108.11,22.27,2,0.9,1.2,80,83.33
84,92.22,24.46,2,0.35,1.0,50,106.91
62,95.78,4.48,2,0.47,1.5,80,126.02
55,81.03,8.12,2,0.66,1.5,110,72.04
55,53.2,12.18,2,0.65,1.0,80,73.95
84,53.46,9.39,1,0.8,1.0,50,182.97
55,73.5,19.77,2,0.73,1.0,110,59.07
68,74.03,12.96,2,0.81,1.0,110,71.73
76,69.14,8.86,2,0.56,1.0,50,102.11
84,101.97,16.52,2,0.48,1.0,110,59.37
68,58.14,15.46,2,0.88,1.0,110,86.4
62,76.08,5.04,2,0.97,1.2,50,103.71
76,98.03,15.78,2,0.14,1.0,110,49.04
15,42.62,11.2,2,0.38,1.0,110,27.86
76,51.13,2.54,0,0.97,1.0,110,164.17
76,91.53,10.45,2,0.11,1.0,110,53.11
15,95.18,16.41,2,0.76,1.2,80,27.2
84,68.37,23.13,2,0.88,1.0,110,89.27
84,61.29,14.0,1,0.41,1.0,80,145.52
84,85.52,6.7,2,0.36,1.0,110,67.34
55,60.44,14.27,1,0.57,1.2,30,228.57
55,48.19,2.73,2,0.35,1.0,110,121.25
68,104.06,12.55,2,0.78,1.0,110,51.47
55,55.5,11.84,2,0.35,1.5,110,97.33
55,78.36,10.22,2,0.53,1.0,110,51.32
76,81.41,24.89,2,0.8,1.2,110,81.29
84,85.51,23.92,2,0.67,1.2,80,86.68
15,78.02,4.18,2,0.28,1.0,80,25.66
62,99.3,8.32,2,0.64,1.0,110,47.55
84,104.04,10.75,2,0.86,1.0,80,75.93
55,52.13,13.76,2,0.38,1.0,110,72.78
68,77.75,21.03,2,0.5,1.0,50,91.46
68,65.68,6.38,2,0.2,1.0,50,85.13
76,50.08,23.15,2,0.73,1.0,50,104.51
68,79.74,22.85,2,0.82,1.0,80,65.63
55,75.61,11.6,1,0.41,1.0,30,191.38
76,92.09,3.92,0,0.74,1.0,50,162.79
62,45.59,19.51,2,0.84,1.0,110,95.64
68,89.31,17.31,2,0.59,1.0,80,61.92
62,103.29,21.04,2,0.69,1.0,80,58.96
15,79.04,18.14,2,0.42,1.0,110,18.16
62,57.18,19.89,2,0.56,1.0,110,75.76
55,73.47,12.13,2,0.16,1.0,110,48.94
55,107.05,22.85,2,0.18,1.0,110,34.87
76,83.97,14.96,2,0.9,1.0,110,68.65
76,69.26,12.94,0,0.81,1.0,50,167.14
84,101.37,6.22,2,0.82,1.2,110,72.33
55,81.29,19.95,2,0.15,1.2,110,52.56
84,51.7,5.58,2,0.14,1.0,110,101.14
55,105.62,7.98,2,0.78,1.0,80,54.98
84,53.9,12.91,1,0.52,1.0,50,177.92
62,68.32,19.74,2,0.44,1.0,80,62.2
55,69.57,19.37,2,0.35,1.0,80,53.32
68,78.08,2.3,2,0.57,1.0,110,98.0
68,58.42,9.32,2,0.81,1.2,110,98.52
15,58.09,12.87,2,0.99,1.0,110,30.78
55,105.31,5.25,2,0.12,1.0,80,45.43
62,108.08,16.89,2,0.91,1.2,110,56.02
15,88.61,4.25,2,0.26,1.0,80,26.5
68,59.87,7.14,1,0.36,1.0,110,120.39
62,53.36,11.98,2,0.64,1.0,80,82.76
84,82.33,24.78,2,0.25,1.0,80,69.89
62,106.41,14.18,2,0.68,1.0,110,48.44
55,54.42,4.78,2,0.55,1.0,30,192.31
62,71.14,15.73,1,0.69,1.0,30,219.43
15,108.69,4.56,1,0.99,1.2,110,32.98
76,84.17,11.17,0,0.36,1.2,110,115.19
84,68.42,4.77,0,0.88,1.0,50,183.07
84,44.46,10.21,2,0.29,1.0,110,119.64
84,78.79,13.0,2,0.4,1.0,80,70.8
76,96.21,7.7,2,0.75,1.0,30,164.21
55,94.34,20.99,2,0.68,1.0,80,51.49
15,90.06,12.62,0,0.16,1.5,80,32.18
55,84.1,2.41,2,0.17,1.0,80,72.35
55,57.32,11.46,1,0.17,1.0,110,100.96
84,49.23,4.33,2,0.98,1.0,110,188.02
55,74.87,19.83,2,0.56,1.0,110,54.03
62,84.7,17.15,2,0.39,1.0,110,51.26
76,93.37,18.4,2,0.91,1.0,110,65.23
84,101.56,9.54,2,0.89,1.0,110,63.81
76,109.71,8.26,2,0.84,1.0,80,71.64
76,107.25,21.74,2,0.88,1.0,110,58.08
68,45.81,22.64,2,0.63,1.2,110,118.46
62,85.26,5.0,1,0.97,1.2,110,106.61
84,67.29,17.26,1,0.38,1.2,110,157.31
15,96.31,22.07,2,0.27,1.0,110,17.92
76,72.51,21.1,2,0.4,1.0,110,71.43
76,43.34,16.66,0,0.74,1.0,80,187.76
15,92.7,16.91,0,0.51,1.0,110,25.53
55,84.12,19.23,2,0.1,1.0,110,43.19
76,78.09,8.39,2,0.53,1.2,110,80.14
55,99.3,9.39,0,0.98,1.0,110,71.43
15,52.64,20.96,2,0.77,1.0,110,31.38
62,62.37,12.02,0,0.19,1.2,110,123.5
68,52.9,14.0,2,0.85,1.0,110,91.58
68,92.02,23.48,1,0.2,1.0,50,140.78
62,108.76,20.07,2,0.87,1.0,80,60.12
84,95.48,9.01,1,0.63,1.0,50,178.75
68,108.62,6.88,2,0.29,1.0,110,43.4
62,71.47,7.16,2,0.54,1.0,50,84.2
84,91.4,12.96,2,0.51,1.0,110,65.75
76,91.77,7.12,1,0.56,1.2,110,109.65
68,45.58,2.23,2,0.96,1.0,50,165.04
84,88.2,11.31,2,0.62,1.0,110,68.32
76,96.35,19.04,1,0.92,1.0,80,109.2
84,93.97,11.67,2,0.85,1.0,80,77.78
62,51.88,16.04,0,0.36,1.0,30,215.94
55,58.24,6.89,2,0.86,1.0,110,71.25
68,109.12,5.39,2,0.85,1.2,110,59.19
15,72.79,11.19,2,0.88,1.0,110,27.16
68,102.29,16.63,1,0.81,1.5,110,113.72
68,67.73,5.62,2,0.83,1.0,50,95.94
15,69.04,7.51,1,0.32,1.0,80,28.23
62,41.76,24.0,1,0.75,1.2,110,192.64
62,50.65,6.62,0,0.4,1.2,110,153.86
55,78.63,21.33,0,0.48,1.5,110,113.43
76,43.96,3.85,0,0.5,1.0,50,181.5
76,56.42,15.85,2,0.33,1.0,110,89.58
76,107.77,21.8,2,0.7,1.5,80,97.61
55,108.02,18.31,2,0.33,1.0,80,49.12
62,73.61,7.32,1,0.67,1.0,110,96.17
15,59.08,21.86,2,0.7,1.0,110,28.75
15,88.09,7.83,2,0.15,1.0,110,14.88
55,89.98,15.25,2,0.86,1.0,50,79.93
76,93.89,21.37,2,0.55,1.0,110,59.22
55,77.54,4.52,2,0.73,1.0,80,83.8
55,106.68,16.89,2,0.81,1.0,30,123.24
68,76.19,20.34,1,0.5,1.0,80,98.26
84,95.27,19.55,1,0.47,1.2,80,136.63
84,50.63,14.29,2,0.43,1.0,80,106.15
62,93.88,20.01,2,0.18,1.5,110,64.09
84,87.79,19.98,2,0.41,1.0,80,71.17
15,95.3,17.52,0,0.23,1.0,110,21.07
84,107.78,18.14,2,0.47,1.2,110,67.0
76,64.64,17.83,1,0.82,1.2,110,153.82
68,53.06,21.13,2,0.9,1.0,110,91.04
15,86.48,17.28,1,0.69,1.2,110,33.41
84,50.41,6.21,2,0.83,1.0,50,116.69
76,71.94,11.97,2,0.98,1.0,110,80.64
84,82.33,8.69,2,0.97,1.2,80,91.17
84,103.76,13.91,0,0.73,1.0,80,117.8
76,46.89,19.59,2,0.12,1.0,50,101.28
15,46.07,17.11,1,0.57,1.0,110,44.23
15,84.1,11.46,2,0.24,1.2,80,18.81
15,83.63,6.01,1,0.43,1.0,50,38.26
55,69.74,8.17,1,0.55,1.5,110,129.38
55,100.54,4.09,2,0.67,1.0,80,81.17
62,96.24,21.51,2,0.58,1.0,110,49.9
62,54.04,15.38,2,0.32,1.0,110,74.85
62,57.2,17.63,2,0.37,1.0,110,71.19
15,43.61,19.37,2,0.45,1.2,80,32.7
68,74.81,2.57,2,0.59,1.0,110,101.9
55,108.94,9.87,1,0.18,1.0,110,54.89
84,67.37,4.52,2,0.66,1.0,110,136.84
55,52.68,18.2,2,0.79,1.0,80,76.3
62,83.82,18.76,1,0.29,1.2,80,99.19
84,81.45,10.13,2,0.45,1.0,110,71.29
68,89.03,22.5,0,0.82,1.2,30,285.88
68,102.01,8.18,2,0.66,1.2,80,71.75
62,48.24,18.2,2,0.18,1.0,110,81.68
62,73.29,13.99,2,0.95,1.0,80,65.65
15,84.43,23.69,2,0.29,1.2,110,19.46
84,45.42,22.55,2,0.94,1.0,80,126.38
68,56.77,11.89,2,0.17,1.2,110,90.1
15,47.8,7.96,2,0.15,1.0,110,23.18
55,57.5,19.9,2,0.71,1.2,30,146.29
62,66.94,12.83,0,0.89,1.2,80,126.75
68,41.79,11.18,1,0.66,1.0,110,173.94
68,86.23,24.31,1,0.82,1.0,110,93.41
84,90.38,2.85,1,0.39,1.0,110,100.43
84,76.85,4.39,0,0.39,1.0,80,115.8
15,48.94,22.74,2,0.34,1.0,80,26.85
62,52.43,12.81,1,0.48,1.5,80,186.43
62,45.1,20.67,2,0.36,1.0,50,89.99
68,40.0,7.81,1,0.29,1.2,110,210.1
55,90.02,3.22,1,0.35,1.0,50,116.84
68,76.78,2.84,2,0.79,1.0,80,101.78
55,59.69,24.59,1,0.83,1.0,110,104.98
68,98.74,24.83,2,0.46,1.2,110,58.44
68,55.54,8.63,1,0.47,1.0,110,131.95
76,40.28,5.56,1,0.58,1.5,30,391.22
15,40.18,15.79,2,0.78,1.2,110,39.84
62,84.5,11.86,2,0.12,1.0,110,45.11
76,94.61,24.97,2,0.16,1.2,110,61.9
55,40.17,20.49,2,0.83,1.0,110,95.77
62,45.39,9.52,2,0.35,1.2,110,106.28
15,70.51,5.33,2,0.5,1.0,110,21.4
68,42.62,5.74,2,0.24,1.0,110,100.41
15,104.87,4.95,2,0.8,1.0,80,32.47
15,101.36,21.16,2,0.7,1.0,80,24.02
68,83.48,19.46,0,0.7,1.0,80,97.6
76,45.37,23.78,0,0.63,1.0,110,175.67
76,96.69,3.79,0,0.88,1.2,50,197.86
84,80.34,5.54,2,0.85,1.0,80,78.95
62,56.52,15.34,2,0.59,1.0,80,76.44
62,79.11,16.1,2,0.88,1.0,110,60.52
15,62.76,7.02,0,0.23,1.0,50,35.01
62,103.87,15.51,2,0.14,1.0,110,40.91
76,82.73,12.59,2,0.78,1.5,110,95.37
62,66.22,16.71,2,0.74,1.0,110,71.47
68,60.45,22.55,2,0.38,1.0,80,72.65
62,42.16,10.17,2,0.77,1.0,80,101.42
68,102.25,10.02,2,0.17,1.5,110,64.64
84,48.68,10.86,0,0.74,1.0,110,185.88
62,71.75,23.44,1,0.62,1.0,80,97.35
62,61.91,24.96,2,0.72,1.0,80,70.51
84,96.73,19.95,2,0.49,1.0,80,72.41
55,46.8,8.61,2,0.74,1.0,110,83.95
62,46.71,8.64,2,0.68,1.2,80,109.09
68,48.24,2.23,2,0.74,1.0,80,154.42
76,69.21,21.12,2,0.73,1.0,110,78.8
62,107.6,21.32,0,0.3,1.2,110,76.65
68,67.34,17.73,0,0.67,1.0,80,111.91
62,85.55,20.41,2,0.57,1.0,110,55.24
55,96.36,13.48,2,0.19,1.0,110,37.97
76,44.09,22.05,2,0.87,1.2,110,138.1
76,62.23,23.86,2,0.41,1.0,110,81.22
84,40.53,5.44,2,0.23,1.5,110,191.1
62,90.49,20.47,1,0.1,1.0,110,71.88
84,56.73,6.56,2,0.29,1.2,110,111.35
15,96.62,14.19,1,0.3,1.0,110,21.1
84,88.84,22.71,0,0.6,1.0,110,106.67
62,68.63,18.54,2,0.83,1.5,80,95.35
84,88.37,15.34,2,0.2,1.0,110,62.28
62,82.08,18.07,2,0.44,1.0,110,53.88
68,102.82,15.96,0,0.6,1.2,80,114.58
15,57.56,18.6,2,0.59,1.2,110,32.05
15,108.06,14.76,1,0.74,1.0,50,43.06
84,49.96,2.52,1,0.77,1.0,50,181.56
62,53.62,15.55,2,0.65,1.5,80,114.77
15,99.67,23.78,2,0.58,1.0,110,19.07
76,55.04,24.74,1,0.39,1.0,110,147.43
55,70.74,17.13,2,0.78,1.0,80,60.86
76,59.96,10.37,2,0.75,1.0,110,90.01
76,68.27,9.39,2,0.85,1.2,110,97.83
68,87.72,4.56,1,0.48,1.0,110,85.17
84,61.94,2.37,2,0.38,1.0,110,144.36
62,109.8,3.98,0,0.74,1.2,80,107.04
68,80.88,3.42,1,0.8,1.2,110,114.27
55,96.73,17.24,2,0.64,1.2,80,61.91
55,106.13,16.08,1,0.83,1.0,50,126.18
68,80.33,24.25,1,0.78,1.0,110,97.65
84,49.97,9.6,2,0.83,1.0,110,114.78
15,98.08,9.45,1,0.14,1.0,80,22.05
68,68.34,7.8,2,0.13,1.2,110,75.26
84,106.04,10.74,2,0.79,1.0,50,115.63
15,86.47,23.53,0,0.97,1.0,110,34.38
68,46.49,10.23,0,0.26,1.0,110,152.67
68,47.03,14.34,2,0.78,1.0,110,100.85
15,62.89,3.07,0,0.48,1.2,80,36.87
76,81.21,24.23,2,0.67,1.0,50,102.99
84,77.37,14.65,2,0.46,1.0,110,74.69
62,76.17,3.5,2,0.66,1.0,110,93.95
76,105.56,5.75,0,0.26,1.0,110,78.04
55,69.64,22.11,2,0.63,1.0,110,57.68
62,108.38,17.05,2,0.56,1.2,110,52.04
15,71.66,5.71,2,0.15,1.5,50,30.59
84,82.88,18.59,2,0.78,1.5,50,165.78
15,98.84,20.46,1,0.89,1.0,50,47.96
62,102.64,21.3,2,0.52,1.0,80,56.12
15,97.75,19.27,2,0.19,1.0,80,16.13
84,63.33,22.8,2,0.43,1.5,110,127.01
68,81.53,19.98,1,0.9,1.0,110,100.8
15,88.97,12.15,1,0.48,1.5,110,33.36
15,100.22,5.72,1,0.65,1.2,110,28.43
15,40.8,8.45,1,0.33,1.0,80,44.43
15,68.63,19.94,1,0.22,1.0,110,27.13
68,69.01,19.97,2,0.56,1.0,110,68.96
15,47.28,8.81,2,0.52,1.0,80,29.14
76,72.15,13.64,2,0.86,1.0,110,76.78
62,52.3,22.7,2,0.73,1.0,30,136.17
55,45.12,24.94,2,0.95,1.0,50,88.96
76,108.48,8.22,2,0.5,1.0,110,53.23
62,47.93,4.48,2,0.94,1.2,110,171.18
84,91.63,19.5,1,0.55,1.0,80,114.86
84,103.96,24.83,2,0.57,1.0,30,179.08
84,54.96,14.17,2,0.21,1.0,110,97.94
84,99.59,7.1,2,0.45,1.0,110,60.01
15,69.26,17.05,0,0.35,1.0,30,57.32
15,95.68,4.87,0,0.59,1.0,110,26.9
15,104.5,2.41,1,0.16,1.0,110,18.89
55,95.58,7.77,2,0.7,1.0,80,52.84
68,88.28,20.63,1,0.83,1.0,110,90.97
55,51.9,19.43,2,0.49,1.2,80,84.87
68,76.72,2.63,0,0.86,1.0,80,100.61
68,94.09,18.22,2,0.31,1.0,110,51.62
84,72.94,4.3,2,0.17,1.2,80,142.59
84,40.95,14.07,0,0.93,1.0,50,220.76
68,80.84,3.03,2,0.43,1.0,110,92.38
55,58.21,19.65,2,0.48,1.2,50,90.96
84,50.49,2.5,2,0.8,1.0,50,181.4
15,56.86,12.62,2,0.16,1.0,110,19.23
84,82.03,24.04,2,0.63,1.0,50,113.71
15,75.27,14.0,0,0.26,1.0,110,24.99
62,107.07,19.5,2,0.3,1.0,30,131.3
68,92.73,21.19,1,0.68,1.0,30,239.3
76,45.3,20.58,2,0.39,1.0,30,158.48
15,58.17,6.83,2,0.22,1.2,110,24.96
15,90.48,9.72,2,0.97,1.0,110,26.53
84,97.66,11.43,2,0.13,1.0,110,55.88
76,55.75,9.68,2,0.78,1.0,110,94.81
84,75.66,22.98,1,0.73,1.0,30,292.17
76,94.12,5.31,2,0.12,1.0,110,54.09
62,80.72,12.07,1,0.63,1.0,80,89.97
15,109.97,13.96,2,0.93,1.2,50,37.28
15,84.76,20.66,2,0.87,1.2,110,27.86
15,76.63,17.23,2,0.53,1.0,80,22.86
15,49.51,11.54,2,0.41,1.0,30,37.57
76,62.19,15.95,2,0.73,1.0,110,83.96
84,52.58,23.45,2,0.32,1.0,30,175.43
84,107.72,9.41,2,0.21,1.0,80,67.32
68,99.41,11.18,2,0.15,1.0,80,55.38
68,108.78,19.71,0,0.59,1.0,80,94.48
84,62.41,7.79,2,0.14,1.0,110,86.74
68,101.95,13.5,2,0.52,1.0,50,90.6
76,107.93,12.5,2,0.45,1.2,80,77.6
68,88.87,8.65,2,0.18,1.0,50,86.12
68,41.31,21.07,2,0.64,1.2,110,130.81
84,78.3,6.02,2,0.24,1.0,80,70.21
15,102.81,22.54,2,0.22,1.0,80,16.66
68,91.98,10.08,1,0.46,1.5,80,137.09
84,54.7,11.18,0,0.37,1.0,110,160.56
55,76.17,24.16,1,0.77,1.2,80,102.04
62,76.7,5.53,2,0.76,1.0,110,62.25
55,87.22,7.1,1,0.56,1.0,110,73.29
15,65.33,8.54,2,0.82,1.2,50,35.3
62,59.31,20.65,2,0.71,1.0,110,75.5
84,51.63,21.82,2,0.43,1.0,110,105.36
76,61.85,24.16,2,0.63,1.0,110,84.77
76,65.82,6.12,2,0.88,1.0,30,169.53
55,84.91,2.87,2,0.23,1.0,80,75.3
68,67.98,18.83,2,0.44,1.5,80,99.5
84,75.61,10.29,2,0.81,1.0,80,82.1
68,84.79,9.64,2,0.99,1.0,110,61.68
68,97.19,10.87,1,0.82,1.0,50,150.31
84,58.71,6.05,2,0.83,1.5,30,268.3
84,89.73,5.16,0,0.18,1.0,80,110.13
84,92.56,19.99,1,0.54,1.0,110,99.09
84,89.29,13.48,2,0.63,1.0,110,68.48
55,43.76,11.97,0,0.19,1.5,110,193.73
76,109.28,21.0,2,0.79,1.2,110,64.09
55,108.62,18.9,2,0.4,1.0,110,39.18
55,66.55,9.26,2,0.63,1.0,110,62.71
76,99.9,23.93,1,0.6,1.2,110,102.2
62,44.19,6.69,0,0.56,1.0,80,149.27
62,45.98,19.71,0,0.67,1.0,50,148.41
68,108.19,24.58,2,0.92,1.0,110,53.68
55,86.29,2.69,2,0.93,1.0,110,79.59
55,101.66,20.93,2,0.9,1.2,110,54.35
84,63.61,7.58,1,0.25,1.0,80,139.64
84,48.29,3.9,2,0.59,1.0,110,184.96
15,65.05,11.23,2,0.34,1.0,30,38.26
68,51.1,11.58,1,0.41,1.0,50,144.38
76,54.73,22.36,1,0.84,1.0,110,153.1
68,52.44,4.67,2,0.86,1.2,110,172.52
76,74.33,17.37,1,0.83,1.0,30,267.17
76,41.5,14.04,2,0.66,1.2,110,143.0
84,61.72,19.71,2,0.11,1.2,50,124.76
62,78.13,13.28,2,0.52,1.0,110,57.28
62,60.75,15.9,0,0.38,1.0,30,214.92
15,61.03,9.76,2,0.35,1.5,80,30.05
15,53.15,13.77,2,0.42,1.2,80,28.14
76,56.2,24.09,2,0.76,1.2,30,196.55
68,65.1,24.82,2,0.93,1.0,80,79.4
62,92.57,19.88,2,0.85,1.2,80,72.66
15,81.83,10.43,2,0.81,1.0,30,43.27
68,69.65,13.03,0,0.54,1.0,110,106.06
62,94.61,17.86,2,0.59,1.2,110,58.52
62,83.93,24.58,2,0.47,1.5,50,122.04
84,107.07,8.24,0,0.89,1.0,80,120.71
68,84.33,17.28,0,0.71,1.0,30,240.12
15,97.26,17.82,2,0.56,1.5,80,25.89
68,56.19,11.1,2,0.88,1.0,110,87.91
76,68.68,5.56,2,0.26,1.0,30,158.1
68,100.41,21.28,2,0.14,1.0,80,55.75
84,51.56,15.81,2,0.56,1.0,30,180.12
62,69.84,10.61,2,0.26,1.0,110,57.09
68,76.22,22.37,2,0.47,1.2,30,172.29
55,90.16,21.05,2,0.54,1.0,110,45.97
62,54.22,15.07,1,0.93,1.5,30,325.43
15,46.16,18.02,2,0.29,1.5,30,51.64
15,76.42,16.07,2,0.47,1.0,80,19.1
84,68.35,11.86,2,0.31,1.2,110,94.04
62,81.08,24.62,2,0.39,1.0,110,54.66
55,105.55,10.42,2,0.41,1.0,110,38.64
62,88.32,10.45,1,0.4,1.0,110,78.29
76,107.61,2.01,0,0.82,1.2,80,127.24
76,97.15,21.82,2,0.24,1.2,30,186.52
76,79.21,16.32,2,0.67,1.0,110,70.77
84,70.53,21.51,2,0.72,1.0,80,83.83
76,45.64,19.17,1,0.82,1.0,110,181.22
84,64.95,18.8,2,0.85,1.0,50,116.5
55,40.58,11.58,1,0.2,1.0,80,140.78
55,66.91,22.42,2,0.17,1.5,50,104.9
55,46.65,10.1,2,0.14,1.0,80,74.65
15,74.59,18.62,2,0.97,1.0,80,27.98
15,62.95,17.17,2,0.67,1.2,50,35.38
84,79.23,11.0,0,0.66,1.0,80,117.13
76,59.39,18.71,0,0.4,1.0,30,260.54
76,50.06,11.98,0,0.13,1.2,110,185.59
84,60.97,11.74,2,0.41,1.5,110,132.68
84,97.67,13.72,1,0.47,1.2,50,211.15
55,60.02,13.61,0,0.83,1.5,80,151.96
68,99.85,18.9,2,0.91,1.0,80,66.75
15,66.22,23.21,2,0.81,1.2,80,30.23
62,56.8,10.15,2,0.88,1.0,110,82.07
55,106.03,11.58,1,0.14,1.0,110,56.36
84,95.36,11.6,2,0.89,1.5,30,268.38
15,79.57,24.22,2,0.43,1.0,30,37.05
55,68.3,18.18,1,0.33,1.5,110,127.27
76,73.36,10.11,1,0.6,1.0,110,112.95
68,107.67,2.45,2,0.53,1.2,110,85.06
68,93.82,20.81,1,0.23,1.2,110,92.81
62,51.12,22.56,2,0.57,1.2,30,161.68
68,100.08,24.61,2,0.2,1.0,110,45.72
68,85.29,9.27,2,0.63,1.0,110,60.29
15,66.68,7.37,2,0.58,1.0,110,24.22
15,92.48,8.24,1,0.26,1.0,80,25.74
84,41.4,23.42,2,0.81,1.0,50,135.64
76,70.08,22.83,2,0.91,1.0,50,107.08
62,53.95,23.6,1,0.44,1.2,50,156.76
76,72.05,16.35,2,0.83,1.0,30,166.49
76,76.18,14.98,2,0.59,1.0,110,71.09
62,85.88,21.93,2,0.52,1.0,110,52.35
68,48.57,12.36,2,0.89,1.0,110,100.45
62,102.73,17.65,1,0.89,1.0,50,138.0
68,85.64,12.38,2,0.24,1.5,80,82.26
55,64.01,16.17,2,0.12,1.5,30,169.88
68,64.6,2.13,2,0.92,1.0,110,121.57
68,73.93,13.17,1,0.2,1.0,110,98.2
55,56.94,4.23,2,0.54,1.2,110,126.09
68,93.49,14.14,1,0.36,1.0,80,91.78
68,91.2,4.84,0,0.73,1.0,110,88.75
84,103.73,5.59,2,0.73,1.0,110,61.85
55,92.64,8.29,0,0.26,1.0,110,65.57
62,61.18,6.39,0,0.16,1.0,50,128.72
68,94.09,23.45,2,0.17,1.0,110,48.96
55,82.46,7.72,2,0.98,1.0,110,57.98
15,92.99,8.13,1,0.19,1.0,50,34.86
55,42.42,2.62,2,0.71,1.0,80,141.42
84,43.16,18.32,0,0.15,1.0,110,199.67
76,44.97,9.7,1,0.77,1.0,110,185.32
55,60.28,12.83,1,0.66,1.5,30,286.5
15,40.09,2.02,1,0.53,1.0,110,47.39
15,43.48,16.29,2,0.77,1.5,110,44.17
55,48.18,11.91,2,0.76,1.0,110,82.74
76,88.3,20.89,0,0.4,1.0,30,261.24
15,73.45,12.37,0,0.34,1.0,80,28.85
84,106.09,9.92,2,0.34,1.0,80,71.09
84,108.39,18.21,0,0.23,1.0,110,83.43
15,40.77,17.9,2,0.11,1.0,50,25.01
68,100.99,2.68,2,0.99,1.0,50,152.5
55,59.02,13.61,0,0.92,1.2,110,128.17
76,89.37,21.38,2,0.39,1.0,110,57.2
68,69.0,4.27,2,0.81,1.0,50,150.58
55,78.97,23.3,1,0.41,1.0,80,76.21
15,73.92,5.63,2,0.32,1.0,30,38.26
55,95.4,10.16,1,0.42,1.2,80,91.68
68,96.17,16.88,1,0.72,1.0,50,148.68
55,103.55,19.75,2,0.84,1.5,80,75.98
62,48.61,22.99,2,0.24,1.0,50,81.63
62,40.93,12.81,2,0.19,1.0,110,96.68
76,71.62,21.07,2,0.64,1.2,110,87.16
15,89.29,8.05,1,0.66,1.0,30,62.77
68,68.62,22.62,2,0.65,1.5,110,100.01
15,68.97,2.84,2,0.95,1.0,110,38.49
68,65.14,14.77,2,0.27,1.0,110,70.1
68,45.11,18.56,2,0.96,1.2,110,125.98
76,57.89,21.71,0,0.24,1.0,30,258.57
68,69.65,21.39,2,0.51,1.0,50,92.25
84,41.6,18.31,1,0.88,1.0,80,216.36
68,72.45,21.31,2,0.44,1.0,110,65.15
15,58.4,11.67,0,0.85,1.0,80,40.85
76,43.89,6.04,2,0.33,1.2,110,130.93
84,57.62,17.76,2,0.93,1.0,30,183.87
76,83.98,21.16,2,0.12,1.0,110,57.49
62,76.52,2.99,2,0.62,1.0,110,92.41
68,81.65,21.77,2,0.12,1.0,110,53.9
68,58.72,2.43,2,0.3,1.0,110,123.74
55,89.59,14.49,2,0.84,1.0,80,56.91
84,90.07,9.09,2,0.39,1.2,110,75.48
15,62.75,11.02,2,0.95,1.0,30,45.96
84,85.14,24.12,2,0.78,1.2,80,87.91
84,94.3,20.71,2,0.43,1.2,30,210.85
55,53.23,5.02,1,0.84,1.0,110,117.89
62,74.29,19.54,2,0.41,1.0,110,58.35
68,77.84,16.89,2,0.91,1.0,110,70.02
62,94.07,18.33,2,0.23,1.0,80,52.01
15,49.55,22.54,2,0.58,1.5,110,39.38
15,97.46,7.65,1,0.3,1.0,110,21.51
76,82.47,21.61,2,0.89,1.2,110,83.24
15,41.73,24.73,1,0.44,1.2,50,50.83
55,49.85,2.15,1,0.94,1.5,110,182.91
84,81.98,24.09,0,0.33,1.2,80,134.03
76,86.52,21.1,2,0.1,1.0,110,54.57
62,78.63,8.15,2,0.78,1.0,110,60.49
15,45.99,18.02,1,0.34,1.0,50,38.11
15,73.42,24.15,1,0.13,1.0,80,23.41
15,45.86,6.62,1,0.16,1.2,110,46.24
62,77.06,13.01,2,0.78,1.0,110,62.11
15,66.37,10.44,0,0.76,1.0,80,37.46
76,92.21,4.13,2,0.75,1.0,30,266.15
68,82.34,7.89,2,0.42,1.0,110,59.72
68,105.48,18.21,0,0.17,1.0,50,143.72
68,58.52,21.07,1,0.42,1.0,110,123.87
55,52.12,2.45,2,0.77,1.5,30,288.04
76,53.46,23.25,2,0.38,1.5,50,145.75
68,85.7,24.99,2,0.83,1.5,30,217.88
76,69.24,24.06,2,0.77,1.0,80,79.08
68,46.15,13.22,1,0.78,1.0,110,161.03
15,76.53,20.43,2,0.46,1.2,110,22.16
62,57.65,10.77,2,0.68,1.0,110,76.01
84,58.09,22.13,1,0.92,1.2,110,192.1
62,58.32,7.55,2,0.48,1.0,50,83.73
15,103.21,9.06,0,1.0,1.0,50,47.97
62,62.5,6.82,1,0.18,1.0,80,103.27
62,95.93,2.22,2,0.99,1.0,80,96.19
62,59.99,18.53,1,0.16,1.2,50,153.79
62,59.07,9.1,2,0.34,1.2,30,156.28
62,100.41,3.82,2,0.56,1.0,50,133.22
15,90.23,23.74,2,0.77,1.5,30,59.68
15,59.65,17.71,2,0.21,1.5,80,29.03
68,106.94,22.4,2,0.95,1.2,110,62.84
68,97.22,13.55,2,0.11,1.0,110,47.14
84,107.12,12.13,2,0.82,1.2,110,71.16
84,89.86,10.07,1,0.31,1.0,80,109.73
76,41.84,2.5,2,0.59,1.0,110,193.01
68,74.62,5.65,0,0.29,1.0,110,98.39
76,80.39,6.97,2,0.64,1.0,110,67.14
84,87.64,18.65,2,0.84,1.0,30,183.5
62,100.58,20.69,2,0.96,1.5,110,70.34
62,58.36,24.5,1,0.33,1.0,110,111.18
68,45.26,24.86,2,0.28,1.0,80,95.61
62,47.91,14.41,2,0.28,1.0,50,84.37
76,101.15,12.63,2,0.32,1.0,110,51.27
76,47.75,23.47,1,0.76,1.0,50,172.8
55,95.35,3.82,2,0.47,1.0,110,66.88
62,60.98,14.95,1,0.75,1.0,110,113.22
84,91.39,24.61,2,0.17,1.0,110,60.56
84,93.39,13.69,1,0.21,1.0,30,285.28
76,43.99,16.07,2,0.47,1.0,110,113.41
55,89.45,9.25,2,0.56,1.0,110,47.32
62,61.72,19.66,1,0.39,1.2,80,127.69
76,98.57,9.26,2,0.89,1.0,80,72.33
15,40.2,4.54,0,0.25,1.0,50,43.01
15,86.88,23.13,2,0.13,1.0,110,13.26
15,66.07,9.19,2,0.11,1.2,80,18.56
76,45.41,23.25,1,0.2,1.0,80,172.79
68,79.81,13.99,2,0.73,1.0,110,61.88
84,52.01,20.23,1,0.77,1.0,110,176.13
62,90.22,20.91,2,0.99,1.0,110,57.31
55,105.43,17.92,0,0.81,1.0,110,68.02
68,65.12,5.17,2,0.81,1.0,80,77.18
55,48.75,14.25,2,0.37,1.0,110,73.55
68,66.63,8.92,2,0.46,1.2,30,173.12
84,102.71,18.02,2,0.77,1.0,110,62.63
84,93.53,14.25,2,0.36,1.2,80,81.63
62,50.86,6.04,1,0.78,1.0,110,135.21
15,74.78,19.13,1,0.61,1.0,80,31.57
15,69.09,10.23,2,0.28,1.2,50,26.76
62,71.35,22.54,2,0.35,1.0,110,60.32
55,60.65,23.83,2,0.46,1.2,110,75.25
68,51.69,19.24,2,0.81,1.0,50,97.45
76,55.9,6.33,1,0.21,1.0,80,140.22
62,100.11,24.38,1,0.21,1.2,50,153.09
62,96.91,6.24,1,0.73,1.0,80,89.35
15,41.43,15.79,2,0.79,1.0,110,34.76
62,81.34,17.32,2,0.72,1.2,110,69.11
68,42.52,14.22,2,0.51,1.0,50,103.75
62,89.23,20.14,2,0.59,1.0,110,51.69
84,104.96,2.55,1,0.73,1.0,110,94.22
55,49.73,6.45,0,0.34,1.0,80,118.2
55,71.1,10.7,0,0.93,1.0,110,93.88
55,64.43,22.02,2,0.45,1.0,110,59.41
76,96.11,16.86,2,0.45,1.2,80,78.58
55,43.39,23.17,1,0.29,1.0,80,132.57
55,68.69,24.58,0,0.55,1.0,110,91.16
76,45.21,12.62,0,0.66,1.0,30,265.57
68,91.35,10.57,2,0.8,1.5,80,90.29
15,41.52,8.71,2,0.77,1.0,50,36.27
76,54.16,6.78,2,0.46,1.2,110,110.79
84,41.84,11.89,2,0.54,1.0,110,130.49
68,101.99,8.8,1,0.67,1.0,50,148.07
76,52.78,7.92,2,0.35,1.0,80,94.43
15,81.42,2.87,1,0.73,1.0,30,63.81
68,84.11,4.03,2,0.3,1.0,110,87.42
55,83.55,15.04,1,0.98,1.2,30,234.37
76,108.76,15.15,0,0.88,1.5,80,159.23
68,108.83,22.12,2,0.47,1.0,80,61.06
55,40.27,19.19,2,0.27,1.0,50,88.32
15,106.33,8.5,2,0.35,1.0,110,16.06
84,54.88,4.78,0,0.46,1.2,110,193.41
15,87.64,3.95,2,0.6,1.0,80,30.05
84,62.15,8.75,2,0.63,1.0,80,91.29
68,57.84,3.65,2,0.76,1.0,110,131.98
76,59.16,9.59,2,0.27,1.0,110,82.47
62,89.26,7.82,1,0.78,1.5,50,200.31
62,91.26,23.49,2,0.75,1.2,110,63.83
55,94.62,12.83,1,0.67,1.0,80,81.26
68,53.73,19.04,0,0.18,1.0,30,232.34
15,40.55,18.9,2,0.38,1.0,50,30.39
76,68.47,22.45,2,0.21,1.0,110,71.65
55,48.27,17.91,2,0.9,1.0,50,84.44
15,60.11,3.89,1,0.29,1.0,30,57.3
76,47.21,12.29,1,0.24,1.0,80,168.1
55,94.13,18.23,2,0.72,1.2,110,55.19
68,99.4,7.23,2,0.56,1.0,110,53.4
62,100.5,2.12,2,0.99,1.2,80,109.66
68,40.15,24.48,1,0.35,1.2,110,209.41
62,48.15,3.87,2,0.21,1.0,110,133.58
62,102.62,16.82,0,0.44,1.0,110,69.96
55,68.6,22.35,1,0.14,1.2,110,101.42
68,62.72,21.27,2,0.66,1.0,80,76.75
15,54.02,8.1,2,0.4,1.2,110,29.23
15,72.54,6.46,2,0.29,1.0,80,18.75
15,79.0,3.31,2,0.13,1.0,80,23.57
62,58.58,15.01,1,0.73,1.0,110,119.53
62,62.73,8.6,2,0.21,1.0,110,64.64
62,86.67,6.15,1,0.31,1.0,30,213.36
55,74.9,22.58,2,0.81,1.0,110,58.4
62,66.47,2.68,2,0.11,1.0,110,97.64
68,75.4,4.49,2,0.39,1.0,110,97.73
76,46.88,17.93,2,0.98,1.2,80,134.88
84,75.05,4.44,2,0.38,1.0,110,121.0
62,84.29,18.72,2,0.97,1.0,50,90.57
68,93.64,24.62,2,0.72,1.5,80,89.24
55,73.39,5.81,2,0.13,1.0,30,113.34
62,58.78,13.9,2,0.41,1.0,110,71.67
62,45.31,17.16,2,0.85,1.0,110,96.09
15,83.28,11.62,0,0.37,1.5,50,53.35
76,56.68,13.13,2,0.32,1.0,80,87.45
15,106.03,16.56,1,0.67,1.0,110,26.93
84,88.96,11.73,2,0.57,1.0,110,66.64
84,90.98,15.59,2,0.74,1.0,110,69.64
55,107.3,20.75,2,0.85,1.0,80,55.32
76,108.68,7.61,2,0.5,1.0,50,99.3
76,107.61,16.69,2,0.86,1.0,30,168.09
68,94.54,24.22,2,0.37,1.0,110,51.31
15,77.01,10.08,2,0.79,1.2,110,28.28
76,101.28,19.96,1,0.43,1.0,80,105.01
55,75.48,17.48,2,0.47,1.0,80,52.08
62,75.49,24.4,2,0.35,1.0,80,56.31
55,76.52,17.51,2,0.98,1.0,110,59.58
84,48.63,2.96,2,0.82,1.0,80,188.04
84,108.45,9.59,1,0.27,1.0,50,173.8
76,44.33,14.86,2,0.32,1.0,80,109.71
15,70.87,20.08,1,0.4,1.0,80,28.1
84,74.17,8.42,2,0.73,1.0,30,180.71
62,59.95,21.82,2,0.22,1.2,50,94.17
62,102.13,6.77,2,0.51,1.0,110,46.3
55,70.41,2.85,2,0.97,1.0,80,93.96
84,103.27,20.52,2,0.97,1.0,50,118.06
62,98.38,19.27,2,0.88,1.0,110,54.64
68,99.65,5.67,2,0.37,1.5,30,211.2
62,52.65,15.28,0,0.64,1.0,110,127.76
76,57.68,6.06,2,0.59,1.0,80,90.99
68,77.43,6.84,2,0.28,1.0,80,58.93
15,70.49,4.45,2,0.19,1.2,50,41.63
55,75.03,24.17,2,0.48,1.2,80,63.27
76,82.9,21.34,2,0.29,1.2,110,73.18
76,93.28,16.26,2,0.51,1.0,110,58.3
84,75.86,4.64,1,0.85,1.0,80,125.87
62,42.91,9.47,2,0.32,1.5,80,135.74
55,81.76,10.24,2,0.39,1.0,50,73.56
76,51.16,11.86,1,0.62,1.0,30,264.06
15,66.29,13.35,2,0.54,1.0,110,24.89
55,57.73,7.96,2,0.56,1.0,110,66.58
55,56.72,24.43,1,0.53,1.0,30,195.34
84,81.63,6.68,2,0.94,1.0,80,79.45
62,49.34,18.38,2,0.64,1.2,80,103.72
55,64.14,3.82,1,0.85,1.0,80,98.95
55,43.35,14.92,2,0.81,1.0,50,91.09
68,63.39,13.26,2,0.88,1.0,30,151.56
62,96.73,24.71,0,0.55,1.2,80,103.94
68,100.48,10.53,2,0.8,1.0,80,65.22
15,105.3,14.96,2,0.88,1.0,50,33.02
62,44.45,3.28,2,0.71,1.2,110,178.02
62,80.24,9.78,1,0.29,1.0,110,81.89
84,40.95,2.05,2,0.11,1.0,50,209.68
68,100.04,15.54,2,0.34,1.0,110,47.8
55,91.03,9.11,2,0.56,1.0,80,51.41
84,61.22,11.99,2,0.27,1.0,80,89.52
68,103.09,9.97,1,0.26,1.2,50,168.74
15,45.84,17.59,2,0.58,1.2,110,33.17
84,44.01,3.95,2,0.84,1.0,30,293.78
76,77.45,22.01,2,0.26,1.0,110,64.76
62,69.3,2.07,0,0.19,1.2,110,112.07
55,58.51,16.77,2,0.71,1.2,80,79.9
55,82.42,22.43,1,0.96,1.2,50,148.32
84,40.36,7.88,2,0.71,1.5,80,199.73
68,81.28,10.08,2,0.22,1.0,110,56.06
84,70.77,7.28,2,0.64,1.0,110,82.1
62,57.97,6.97,0,0.76,1.0,110,119.62
76,58.61,13.68,2,0.22,1.0,80,84.27
62,65.7,16.01,2,0.61,1.0,50,84.09
84,50.49,5.94,2,0.61,1.2,80,129.7
62,73.65,10.78,2,0.87,1.0,80,65.5
62,50.4,17.38,2,0.1,1.0,30,126.49
76,45.48,13.13,0,0.86,1.0,30,268.91
15,104.19,22.52,0,0.36,1.0,30,54.84
55,104.42,8.32,2,0.49,1.0,110,42.31
68,76.74,22.31,2,0.72,1.0,110,64.47
76,85.45,6.31,2,0.66,1.0,80,67.49
68,108.87,15.79,2,0.88,1.2,30,178.87
55,69.12,18.45,2,0.44,1.5,50,107.26
55,54.04,2.6,2,0.95,1.2,110,139.16
76,96.24,14.05,2,0.32,1.2,50,115.12
76,73.01,24.37,2,0.86,1.0,110,78.54
84,107.54,5.07,0,0.22,1.0,50,174.18
68,100.86,9.45,2,0.72,1.0,110,51.48
55,55.15,7.74,2,0.8,1.0,80,74.02
76,48.68,22.56,2,0.38,1.0,80,100.98
68,105.5,18.08,2,0.33,1.0,110,46.23
62,96.09,14.54,2,0.91,1.2,30,164.38
55,50.93,5.34,1,0.53,1.2,110,140.33
15,47.39,15.93,1,0.89,1.0,80,46.89
15,71.04,17.82,1,0.6,1.0,80,31.23
84,61.57,15.46,2,0.37,1.0,80,88.17
84,85.65,24.61,1,0.79,1.0,110,111.05
68,59.56,21.87,1,0.69,1.0,110,126.66
76,103.83,19.25,2,0.15,1.0,50,96.69
62,84.64,9.4,0,0.35,1.0,80,85.2
76,93.25,11.52,2,0.12,1.0,110,50.27
55,52.4,21.85,1,0.97,1.5,110,175.44
15,81.19,21.04,1,0.14,1.0,110,22.6
62,69.2,3.81,2,0.21,1.0,80,95.45
55,92.56,17.7,2,0.12,1.2,80,54.1
62,107.54,19.12,2,0.65,1.0,110,46.69
76,78.25,4.04,2,0.8,1.5,80,159.17
76,82.76,14.96,2,0.36,1.2,110,73.24
55,60.7,16.61,1,0.7,1.0,50,123.47
84,81.08,15.26,2,0.64,1.5,80,104.52
76,80.46,20.61,1,0.34,1.0,110,100.96
15,69.73,4.97,1,0.65,1.0,50,40.81
84,108.5,2.69,2,0.32,1.2,110,98.97
55,95.62,15.91,2,0.26,1.0,80,47.97
62,95.83,14.31,2,0.24,1.0,110,45.87
15,68.0,12.51,2,0.29,1.2,30,42.54
55,85.69,18.43,1,0.66,1.0,80,81.57
84,66.56,8.0,2,0.93,1.0,50,115.68
15,83.79,14.37,0,0.43,1.0,80,29.37
55,63.03,16.33,1,0.81,1.0,50,124.06
68,63.66,15.56,2,0.59,1.0,30,147.49
68,101.87,18.33,2,0.39,1.0,80,59.59
68,109.9,2.33,0,0.49,1.0,110,72.05
84,72.1,9.73,2,0.69,1.5,110,116.76
84,79.24,21.35,2,0.36,1.0,30,176.31
62,102.88,17.47,2,0.66,1.2,30,161.82
84,53.46,7.76,1,0.27,1.0,80,162.45
62,109.21,18.52,2,0.49,1.5,110,59.9
62,107.23,18.14,2,0.26,1.0,80,50.33
68,49.49,22.23,2,0.32,1.0,110,88.32
68,89.26,3.87,2,0.48,1.0,50,145.23
15,62.63,14.69,2,0.38,1.5,110,28.69
68,75.73,7.04,2,0.74,1.2,110,78.71
76,102.47,15.5,0,0.41,1.0,30,261.44
15,41.12,17.52,2,0.14,1.0,110,24.61
68,43.12,10.92,2,0.48,1.0,30,145.8
84,67.53,15.53,0,0.96,1.0,50,184.48
15,66.17,9.94,2,0.41,1.0,80,21.05
84,55.25,16.19,1,0.16,1.0,80,157.46
68,57.27,19.55,2,0.52,1.0,110,78.68
84,85.11,21.15,2,0.87,1.0,110,73.83
68,52.14,4.46,1,0.38,1.0,50,143.03
55,46.83,23.15,2,0.63,1.0,110,82.51
68,48.33,21.36,1,0.94,1.0,50,156.53
62,71.48,19.25,2,0.29,1.2,110,69.96
68,44.67,18.98,2,0.73,1.0,50,102.87
68,109.92,17.13,1,0.17,1.2,110,79.04
62,106.93,9.56,2,0.34,1.0,110,41.32
84,45.15,12.39,2,0.98,1.0,110,127.32
15,93.95,2.77,2,0.42,1.0,110,22.83
62,60.04,8.55,2,0.64,1.0,80,71.88
15,69.66,2.81,1,0.47,1.2,110,34.77
76,58.07,8.57,0,0.17,1.0,110,135.74
68,48.69,16.18,2,0.15,1.2,110,105.08
55,107.84,2.01,2,0.92,1.2,110,76.92
84,78.04,24.57,2,0.71,1.0,50,113.93
62,76.81,24.94,2,0.91,1.0,110,63.94
15,73.22,19.91,1,0.7,1.0,30,62.57
84,84.45,14.05,2,0.71,1.0,80,75.02
84,48.91,7.88,2,0.8,1.2,110,136.05
84,92.69,23.09,1,0.17,1.0,80,110.35
76,100.95,19.92,2,0.72,1.0,50,104.48
55,50.32,14.96,2,0.91,1.2,50,93.26
55,100.37,18.87,2,1.0,1.0,110,49.64
68,66.76,7.59,2,0.17,1.0,110,67.03
55,51.83,13.87,2,0.69,1.0,80,77.05
84,90.41,15.22,2,0.5,1.0,110,65.63
55,71.58,23.1,2,0.86,1.0,110,59.61
15,75.78,4.85,2,0.17,1.2,50,40.74
68,72.82,4.5,2,0.57,1.5,110,149.64
68,48.74,18.3,2,0.67,1.0,30,146.91
55,54.07,24.3,2,0.34,1.2,30,138.54
62,84.65,5.94,1,0.45,1.0,80,85.98
68,58.05,21.67,2,0.93,1.0,110,86.33
76,78.27,14.23,2,0.91,1.0,80,73.5
15,87.88,16.52,2,0.4,1.0,110,19.31
15,108.17,6.05,2,0.71,1.2,110,23.98
84,57.38,5.3,2,0.97,1.2,110,122.37
55,48.68,10.2,2,0.98,1.0,110,85.39
68,56.32,24.78,0,0.66,1.0,110,132.39
68,69.64,3.9,2,0.36,1.0,110,103.97
84,41.77,8.19,1,0.81,1.0,50,216.63
62,96.79,2.11,2,0.31,1.5,110,102.07
84,98.99,20.83,2,0.93,1.0,50,116.73
62,43.57,4.47,2,0.44,1.0,50,151.33
84,77.98,24.85,1,0.66,1.0,80,120.3
15,73.29,8.06,2,0.26,1.0,80,18.92
62,40.46,11.23,2,0.88,1.0,110,106.22
68,59.75,12.71,2,0.39,1.0,50,89.99
84,52.74,5.17,2,0.15,1.2,50,124.15
62,65.25,6.17,2,0.58,1.5,80,97.42
84,56.73,21.02,1,0.59,1.0,110,158.93
76,98.38,2.85,1,0.38,1.0,80,102.28
84,59.52,22.34,2,0.32,1.0,110,89.25
68,100.39,8.11,2,0.13,1.0,110,44.87
68,73.82,14.5,2,0.9,1.2,110,82.13
15,61.1,12.87,2,0.77,1.0,80,26.21
62,45.24,8.58,2,0.29,1.0,80,89.41
15,105.76,9.42,0,0.98,1.0,80,35.4
15,92.05,18.56,1,0.31,1.0,110,23.07
68,93.38,15.97,2,0.34,1.0,110,50.69
15,50.82,17.27,1,0.75,1.0,50,43.77
76,104.55,11.84,1,0.23,1.0,80,101.63
84,62.61,3.8,2,0.47,1.2,50,209.56
76,75.54,5.26,2,0.95,1.0,30,167.28
15,91.16,7.83,2,0.75,1.2,50,35.78
55,84.09,6.64,1,0.18,1.0,30,187.68
15,98.28,15.91,1,0.44,1.0,110,23.83
62,81.79,13.82,2,0.85,1.0,30,140.39
15,58.32,13.12,2,0.47,1.0,50,27.13
55,67.88,7.17,1,0.75,1.2,50,143.44
55,88.08,20.28,0,0.9,1.0,110,77.22
84,49.5,8.68,2,0.41,1.0,110,108.66
55,66.76,20.76,1,0.29,1.2,110,107.31
76,50.28,19.65,1,0.18,1.0,30,259.67
55,88.24,12.42,2,0.82,1.0,110,50.72
76,51.91,17.82,2,0.75,1.0,80,101.67
68,80.52,24.28,1,0.84,1.0,80,98.8
55,73.79,9.69,2,0.49,1.5,30,173.74
76,105.19,11.12,2,0.84,1.0,110,57.82
55,76.42,10.42,0,0.79,1.0,110,84.94
62,108.85,2.13,2,0.34,1.0,110,63.6
15,104.88,18.18,1,0.36,1.2,80,30.11
76,63.27,16.32,1,0.97,1.0,50,168.29
84,104.62,6.3,2,0.24,1.2,110,62.91
15,94.4,7.69,1,0.55,1.5,50,53.31
62,93.52,6.64,2,0.79,1.5,110,73.37
15,64.7,15.44,2,0.96,1.2,110,34.71
15,65.84,24.32,2,0.76,1.0,110,26.9
84,44.32,19.19,2,0.9,1.0,80,130.35
76,59.49,11.36,2,0.99,1.5,110,131.85
55,109.37,15.2,2,0.32,1.5,110,51.08
15,72.03,24.6,2,0.8,1.2,110,28.07
68,83.55,18.9,2,0.56,1.2,110,67.13
55,82.91,21.45,0,0.25,1.5,110,106.03
68,63.23,2.22,2,0.71,1.0,110,118.68
55,44.16,20.98,2,0.21,1.2,30,137.36
55,91.79,3.29,2,0.22,1.5,80,108.04
76,66.41,24.52,2,0.93,1.2,110,98.47
62,65.81,18.84,2,0.88,1.0,110,71.81
55,56.67,15.81,1,0.6,1.2,50,143.01
76,65.18,24.83,2,0.82,1.0,110,84.24
55,95.79,3.07,1,0.52,1.5,30,284.27
15,83.72,17.01,1,0.95,1.0,50,45.22
76,90.45,9.75,2,0.31,1.2,50,117.97
55,51.95,3.11,1,0.77,1.0,80,120.83
62,84.88,14.26,2,0.52,1.0,80,57.42
62,60.72,13.56,2,0.4,1.0,110,70.12
15,88.6,20.73,2,0.67,1.0,110,20.72
76,102.48,7.28,2,0.95,1.0,110,62.1
84,63.06,16.85,2,0.83,1.0,30,181.95
62,102.26,6.93,2,0.61,1.5,80,79.92
15,55.39,9.54,2,0.74,1.0,110,29.61
84,89.8,8.59,0,0.6,1.0,80,115.93
62,95.4,7.68,1,0.61,1.5,110,106.78
76,60.8,8.04,2,0.74,1.0,110,87.99
62,43.69,3.23,2,0.63,1.0,110,152.2
62,64.65,17.39,0,0.83,1.2,80,131.19
62,68.77,19.66,1,0.52,1.0,110,98.59
68,65.48,22.05,2,0.58,1.0,80,74.07
76,91.58,12.74,0,0.57,1.0,110,94.35
76,78.61,2.46,2,0.92,1.0,110,110.67
55,62.21,2.22,0,0.72,1.0,110,101.56
76,80.14,14.9,2,0.77,1.0,50,103.99
68,82.04,20.67,2,0.5,1.0,80,61.15
76,109.04,21.29,1,0.83,1.0,50,167.96
68,63.27,9.42,0,0.73,1.0,110,121.33
62,55.69,22.0,0,0.26,1.2,110,139.02
84,93.37,5.12,1,0.46,1.0,110,98.28
76,72.75,4.8,2,0.82,1.0,110,118.45
55,77.24,19.05,2,0.39,1.0,110,51.91
15,99.33,23.39,2,0.6,1.0,80,20.71
84,40.99,21.83,1,0.66,1.0,50,217.7
84,41.96,5.42,2,0.95,1.0,80,134.64
15,103.59,2.44,2,0.17,1.0,110,16.31
68,62.69,3.71,2,0.59,1.0,110,119.27
55,100.16,2.99,2,0.39,1.2,110,74.65
55,47.02,23.16,2,0.92,1.0,30,124.76
62,71.02,20.07,2,0.68,1.0,80,65.16
68,105.8,5.17,2,0.77,1.0,30,149.27
55,61.02,9.88,2,0.55,1.2,80,75.55
84,76.87,12.13,2,0.6,1.0,50,111.3
62,65.52,24.26,2,0.43,1.0,80,63.46
68,80.01,13.35,2,0.27,1.0,50,86.65
68,94.09,11.29,1,0.2,1.0,110,78.32
76,62.41,8.86,2,0.24,1.2,80,93.75
76,78.36,12.38,2,0.4,1.0,110,66.62
84,102.1,15.39,1,0.18,1.0,110,87.51
84,45.31,11.68,1,0.36,1.2,110,230.44
76,47.72,7.99,2,0.4,1.0,110,103.76
76,100.25,16.66,0,0.23,1.0,80,100.61
76,101.11,18.31,2,0.9,1.0,110,60.34
55,60.36,18.12,2,0.81,1.0,110,69.19
76,52.64,17.41,2,0.8,1.0,80,100.79
55,84.73,12.26,2,0.65,1.0,110,49.13
68,41.5,6.69,1,0.32,1.0,80,171.26
15,52.09,21.81,2,0.29,1.0,80,23.26
76,63.36,24.28,1,0.51,1.0,110,129.76
62,47.75,6.24,2,0.61,1.5,30,196.15
76,102.23,22.19,2,0.33,1.0,80,61.74
55,58.89,12.42,1,0.48,1.0,110,103.23
55,105.45,14.0,2,0.28,1.0,80,47.44
62,63.59,23.97,2,0.82,1.0,110,73.24
84,66.27,9.09,2,0.64,1.0,30,181.98
15,41.83,9.4,1,0.45,1.0,110,45.06
76,91.81,10.3,0,0.3,1.2,110,104.03
62,42.29,11.62,2,0.54,1.0,80,98.43
62,61.8,16.58,1,0.35,1.2,110,127.42
55,58.91,15.35,2,0.46,1.0,80,64.57
55,80.05,6.54,2,0.37,1.0,110,48.93
62,46.79,4.86,2,0.89,1.0,110,147.18
55,102.3,3.54,2,0.88,1.0,110,69.57
76,65.48,17.99,1,0.27,1.0,110,119.88
84,41.4,6.78,2,0.81,1.0,110,136.49
76,47.67,6.37,2,0.36,1.2,110,122.76
15,54.33,3.65,2,0.78,1.0,110,40.55
62,94.22,16.8,2,0.23,1.2,110,53.19
62,72.68,4.34,2,0.23,1.2,110,107.59
68,42.57,13.39,2,0.84,1.0,110,111.74
15,84.15,8.09,0,0.22,1.5,110,31.52
68,43.09,15.36,2,0.44,1.0,110,104.31
62,77.88,7.0,0,1.0,1.0,80,97.09
84,94.68,8.48,2,0.55,1.5,50,162.92
68,45.38,18.41,0,0.26,1.0,80,156.14
15,99.86,9.82,2,0.88,1.5,30,61.35
68,53.61,12.73,2,0.27,1.0,80,79.49
62,81.37,13.91,2,0.17,1.0,50,77.56
15,52.68,22.57,2,0.79,1.2,110,34.04
55,102.81,2.83,2,0.49,1.2,50,142.17
55,108.51,11.57,2,0.78,1.2,110,50.3
68,103.0,22.74,2,0.52,1.0,80,61.53
84,86.2,18.56,2,0.36,1.0,50,106.02
68,68.5,3.01,2,0.14,1.5,30,343.8
76,82.14,6.0,0,0.61,1.0,80,104.62
62,87.3,16.22,2,0.27,1.0,110,48.65
68,73.84,21.56,2,0.26,1.0,110,60.47
84,80.29,2.76,1,0.6,1.0,80,116.65
84,65.22,19.68,2,0.68,1.0,110,88.64
76,109.04,10.49,2,0.86,1.0,80,70.78
68,88.89,9.35,2,0.13,1.0,110,49.7
55,104.07,21.85,1,0.89,1.2,110,79.34
62,41.55,14.0,2,0.81,1.0,80,103.51
68,95.02,9.91,2,0.44,1.0,110,51.13
55,91.2,11.43,1,0.39,1.0,110,68.75
15,91.32,16.59,2,0.74,1.0,110,22.81
15,81.2,13.16,2,0.97,1.0,80,29.03
15,63.5,5.67,1,0.37,1.0,110,30.69
68,46.17,7.1,1,0.35,1.0,80,154.54
55,56.0,11.51,2,0.72,1.0,80,72.88
68,68.56,12.32,2,0.5,1.0,110,66.38
15,101.77,22.29,2,0.49,1.0,50,27.24
84,105.32,8.16,1,0.28,1.0,80,109.82
62,44.82,21.36,2,0.61,1.0,110,95.38
84,101.52,10.56,2,0.98,1.0,80,77.87
15,52.71,2.5,2,0.73,1.2,30,72.5
76,81.33,17.38,2,0.18,1.0,50,96.8
15,81.84,18.7,2,0.5,1.0,110,20.71
55,67.0,16.62,1,0.47,1.0,80,90.09
68,46.87,20.72,2,0.82,1.0,110,102.01
62,62.92,15.77,1,0.19,1.0,110,102.32
84,55.46,21.71,2,0.79,1.2,80,121.4
55,59.63,24.04,2,0.41,1.0,50,74.6
62,83.93,2.04,1,0.3,1.2,30,253.17
15,98.86,7.45,2,0.76,1.0,50,29.65
62,87.15,3.5,2,0.55,1.2,110,95.39
55,60.67,17.34,1,0.49,1.5,80,145.15
68,55.76,11.82,2,0.9,1.0,110,88.51
55,87.89,23.92,1,0.91,1.0,30,199.79
55,82.22,7.38,0,0.15,1.0,110,71.79
76,83.42,10.44,2,0.99,1.0,110,70.56
84,105.82,18.63,1,0.37,1.2,110,102.48
76,85.97,22.85,2,0.64,1.0,50,101.19
55,72.05,5.9,2,0.63,1.0,80,56.53
62,100.31,2.54,2,0.74,1.0,50,138.05
15,73.91,16.62,2,0.88,1.5,110,33.44
84,87.15,6.46,2,0.41,1.5,110,95.75
68,97.27,19.4,0,0.74,1.0,110,83.11
84,65.95,9.8,2,0.54,1.0,50,110.63
76,45.98,7.48,2,0.23,1.0,110,106.05
68,100.06,15.57,0,0.23,1.0,110,73.18
55,62.36,11.37,2,0.73,1.0,50,80.69
55,40.85,20.47,2,1.0,1.0,110,97.61
84,83.05,12.27,2,0.19,1.0,110,66.62
15,44.67,13.31,2,0.33,1.0,110,26.74
76,84.42,2.38,1,0.36,1.0,110,98.19
68,44.61,17.28,2,0.26,1.2,50,113.67
84,85.24,22.88,1,0.41,1.2,110,127.87
62,97.04,8.89,1,0.77,1.0,80,90.88
68,59.97,2.27,2,0.23,1.2,50,167.48
76,59.3,23.66,2,0.47,1.5,80,125.2
84,61.2,18.43,0,0.9,1.0,80,155.08
84,85.89,18.35,2,0.31,1.0,110,64.06
76,109.46,16.46,2,0.6,1.0,110,50.34
76,94.38,3.56,2,0.6,1.0,110,92.16
76,104.43,17.36,2,0.27,1.0,30,159.27
68,44.47,15.13,2,0.39,1.0,80,99.58
68,52.06,18.74,2,0.5,1.0,80,87.47
84,89.91,13.67,2,0.24,1.0,110,62.61
62,44.47,11.76,2,0.44,1.0,110,90.44
68,105.03,18.97,2,0.16,1.5,110,61.6
62,70.14,16.2,1,0.45,1.0,110,98.26
55,66.52,22.34,1,0.11,1.2,30,222.3
76,85.31,11.24,1,0.5,1.0,110,98.85
76,90.03,2.1,2,0.69,1.0,50,164.65
15,93.82,23.54,2,0.95,1.0,30,46.62
84,85.37,15.75,1,0.47,1.0,110,106.42
62,69.05,19.57,2,0.38,1.0,110,60.96
62,67.57,22.56,2,0.5,1.0,80,64.29
84,89.78,8.92,1,0.15,1.0,80,107.8
62,79.32,22.96,1,0.53,1.0,80,88.12
68,106.91,11.04,2,0.85,1.0,50,96.77
68,69.99,15.04,2,0.44,1.0,80,67.3
76,84.06,9.26,2,0.62,1.2,30,194.27
62,103.2,13.38,2,0.86,1.0,110,52.6
84,100.93,18.87,2,0.94,1.0,110,66.03
76,100.9,9.76,2,0.65,1.2,80,78.38
55,70.02,14.93,1,0.19,1.5,80,122.73
55,60.41,24.47,1,0.47,1.0,80,100.15
62,97.04,21.72,2,0.21,1.0,110,42.19
15,41.39,23.81,2,0.24,1.0,50,27.72
84,104.06,24.2,2,0.62,1.0,30,179.38
76,80.43,4.83,2,0.95,1.0,110,108.73
68,56.7,19.52,1,0.65,1.2,80,154.79
76,93.18,22.23,1,0.51,1.2,80,123.06
55,106.82,9.21,2,0.65,1.2,110,49.39
84,56.87,13.63,1,0.93,1.2,50,217.27
55,62.56,3.52,0,0.92,1.5,80,149.39
84,106.36,12.44,2,0.55,1.0,80,73.26
76,97.23,19.53,2,0.12,1.5,80,89.33
76,67.84,10.02,2,0.55,1.0,110,77.52
55,71.64,15.27,2,0.26,1.0,110,51.22
62,46.46,15.74,2,0.97,1.0,110,96.45
76,64.66,19.6,2,0.82,1.0,50,105.56
76,61.85,17.96,1,0.4,1.0,110,132.26
55,53.57,21.56,2,0.11,1.5,110,95.52
55,41.09,12.55,2,0.81,1.0,110,94.65
55,67.04,8.76,2,0.76,1.0,110,62.56
55,73.03,9.42,0,0.45,1.0,50,118.26
84,95.36,5.38,1,0.28,1.0,110,94.92
55,54.7,22.73,2,0.86,1.0,110,76.79
68,67.78,10.8,2,0.11,1.0,110,62.28
62,105.8,6.14,1,0.38,1.0,50,132.05
55,40.31,14.03,2,0.21,1.0,110,85.11
84,108.36,16.14,2,0.55,1.0,110,56.82
62,50.53,16.67,2,0.38,1.0,110,81.88
62,83.22,10.23,2,0.42,1.0,110,52.67
84,107.81,17.97,1,0.39,1.0,110,87.27
84,96.77,14.5,2,0.91,1.0,110,69.3
62,104.88,17.77,1,0.34,1.0,110,65.9
68,109.68,10.79,2,0.11,1.0,80,56.73
55,94.11,21.83,2,0.64,1.2,50,93.26
84,53.67,12.78,2,0.52,1.0,50,110.02
62,70.91,7.86,2,0.27,1.0,30,129.93
84,76.77,4.68,2,0.57,1.2,110,141.53
15,68.86,3.02,2,0.49,1.0,110,27.89
84,86.6,16.35,2,0.37,1.2,110,77.11
15,83.65,13.58,2,0.34,1.0,110,19.83
15,87.07,5.06,2,0.71,1.0,110,23.31
62,69.61,4.29,2,0.92,1.5,80,148.89
84,100.06,4.37,2,0.25,1.0,50,174.51
76,60.0,6.07,1,0.27,1.0,50,157.21
55,99.68,4.51,1,0.76,1.2,30,233.27
55,54.03,10.6,2,0.19,1.0,80,65.96
84,109.44,20.62,2,0.97,1.0,50,117.39
84,94.39,18.35,2,0.9,1.0,30,182.83
55,52.27,13.58,2,0.4,1.0,110,72.66
76,105.26,8.55,2,0.2,1.5,50,139.26
76,78.12,14.97,2,0.74,1.5,80,100.66
68,66.48,13.06,2,0.24,1.0,110,67.35
68,73.36,4.9,0,0.8,1.0,30,241.34
76,101.29,16.41,2,0.68,1.0,50,103.2
84,100.71,21.11,2,0.6,1.0,50,112.08
76,40.83,6.86,2,0.73,1.0,110,124.35
84,68.34,15.54,2,0.2,1.0,110,78.28
62,57.78,7.32,2,0.58,1.0,30,136.43
55,65.22,15.26,2,0.35,1.0,50,73.94
76,91.28,12.78,2,0.65,1.0,50,102.83
68,42.8,9.43,2,0.56,1.2,30,170.19
55,55.08,11.12,0,0.29,1.0,30,189.47
15,98.46,22.28,1,0.42,1.2,50,45.75
15,101.92,24.1,2,0.83,1.0,110,23.68
55,69.69,10.26,1,0.41,1.0,50,117.65
76,67.47,19.16,2,0.25,1.0,80,71.14
62,94.32,12.72,1,0.37,1.0,80,84.15
76,50.28,9.94,2,0.89,1.0,80,104.68
55,43.12,2.71,1,0.17,1.0,110,129.93
84,96.58,20.96,2,0.72,1.0,110,64.96
84,66.3,2.89,2,0.3,1.0,110,133.34
15,76.3,10.87,2,0.36,1.0,80,20.2
62,59.13,8.13,2,0.8,1.0,110,76.44
84,59.21,4.62,1,0.55,1.0,110,151.02
15,71.52,9.43,2,0.94,1.0,110,28.46
76,105.83,4.31,2,0.96,1.0,80,111.15
62,99.87,17.2,1,0.71,1.0,80,89.98
84,62.95,10.77,2,0.8,1.0,50,113.19
84,62.39,10.74,2,0.28,1.0,80,88.48
68,72.75,7.68,2,0.23,1.0,80,61.53
15,103.13,3.12,1,0.3,1.2,80,27.63
62,50.79,10.34,2,0.75,1.0,80,85.74
76,69.24,15.08,2,0.96,1.2,50,125.45
15,76.88,19.9,0,0.89,1.0,30,65.47
68,43.38,4.06,2,0.29,1.0,110,163.85
15,106.01,21.66,2,0.53,1.0,110,19.54
76,60.73,14.43,2,0.24,1.0,110,79.45
84,97.3,5.23,1,0.98,1.5,50,268.65
55,98.35,15.54,2,0.69,1.0,110,44.64
15,97.89,23.65,2,0.45,1.0,80,20.52
76,88.56,10.53,2,0.57,1.0,50,101.98
62,80.37,19.63,2,0.61,1.0,110,58.02
68,72.37,19.52,2,0.78,1.0,110,70.33
76,100.93,23.11,2,0.64,1.0,110,58.23
55,53.59,10.21,2,0.27,1.0,80,67.04
15,75.84,4.63,2,0.37,1.5,110,38.19
76,43.89,9.64,2,0.56,1.0,30,161.72
55,64.93,5.22,2,0.37,1.0,110,58.89
76,55.86,20.25,1,0.48,1.5,110,212.41
55,69.13,23.4,2,0.19,1.0,80,52.03
55,85.28,23.98,2,0.66,1.5,80,73.11
76,89.54,13.2,2,0.2,1.0,30,158.86
55,85.29,2.46,0,0.71,1.0,110,77.55
76,68.2,10.42,2,0.5,1.0,80,74.47
15,100.39,16.9,2,0.95,1.2,110,26.01
62,85.97,20.3,2,0.3,1.0,110,50.08
15,97.7,2.35,1,0.83,1.0,110,30.98
84,76.66,9.81,1,0.23,1.0,110,114.52
76,92.77,12.86,2,0.59,1.0,110,60.46
76,87.26,6.36,1,0.12,1.0,50,154.05
62,61.34,19.67,0,0.35,1.2,110,128.36
55,57.03,19.94,2,0.51,1.0,80,66.27
55,82.17,19.33,2,0.8,1.0,50,82.13
55,69.87,20.15,1,0.62,1.0,50,120.69
76,108.07,23.51,2,0.63,1.0,30,164.09
68,75.9,10.77,0,0.36,1.2,50,170.19
55,54.37,22.49,2,0.89,1.5,110,103.53
68,61.46,3.55,2,0.37,1.2,50,169.02
62,97.08,4.32,0,0.28,1.0,110,71.22
68,50.81,22.43,2,0.73,1.0,110,93.19
84,48.13,10.62,2,0.18,1.2,110,129.74
62,55.2,18.87,2,0.15,1.0,80,71.74
62,49.31,8.6,0,0.65,1.0,110,138.38
62,107.51,23.55,2,0.16,1.0,30,129.2
84,99.43,2.1,1,0.15,1.0,110,89.26
55,47.87,24.87,2,0.9,1.2,110,97.65
62,72.22,11.26,2,0.25,1.0,110,58.3
84,63.59,6.39,1,0.27,1.0,80,137.43
15,102.73,9.45,2,0.96,1.0,110,26.66
68,83.04,16.44,2,0.24,1.0,110,53.15
76,100.71,10.32,2,0.88,1.5,110,82.93
55,100.74,15.33,2,0.98,1.2,80,66.38
62,67.23,8.34,2,0.38,1.0,80,63.83
68,52.44,7.57,1,0.62,1.0,110,140.86
55,62.38,8.33,2,1.0,1.0,110,69.1
84,98.66,24.09,2,0.14,1.0,110,56.29
84,46.69,17.29,1,0.47,1.0,80,189.96
55,67.95,14.78,2,0.55,1.5,110,82.69
76,96.11,19.88,1,0.29,1.0,80,100.95
68,54.11,12.48,2,1.0,1.2,80,108.15
76,47.56,11.55,2,1.0,1.0,30,169.17
15,100.82,13.11,2,0.78,1.0,110,22.27
55,90.62,21.71,2,0.7,1.5,30,178.05
76,88.68,7.76,1,0.33,1.0,50,158.36
68,89.46,18.99,2,0.93,1.0,50,97.61
15,79.59,10.23,2,0.72,1.0,30,43.43
62,46.84,14.82,1,0.96,1.2,110,175.39
15,104.97,23.49,1,0.3,1.0,50,36.53
84,71.04,11.33,2,0.73,1.0,80,82.25
55,59.45,2.8,1,0.85,1.2,110,127.19
68,70.43,3.22,1,0.55,1.2,110,126.8
62,104.76,10.59,1,0.4,1.0,110,66.21
68,85.99,17.1,2,0.15,1.5,80,81.22
62,62.87,24.94,2,0.51,1.2,50,99.4
15,83.32,17.74,2,0.27,1.5,110,20.51
62,87.35,6.67,2,0.88,1.0,80,63.73
62,72.55,20.92,2,0.62,1.2,80,73.64
76,71.22,22.66,2,0.98,1.2,110,92.3
84,76.01,8.69,0,0.71,1.0,50,181.26
76,107.06,19.03,2,0.7,1.0,80,69.58
68,72.72,14.66,1,0.11,1.5,80,144.51
76,57.6,14.05,2,0.53,1.0,110,87.49
76,86.57,18.73,2,0.97,1.5,50,151.27
62,103.67,9.24,2,0.18,1.0,80,50.94
62,83.37,14.95,0,0.22,1.0,110,80.59
15,78.35,4.21,2,0.16,1.2,50,40.79
62,83.24,5.49,2,0.67,1.0,110,55.85
84,108.63,18.74,0,0.25,1.0,110,82.24
62,51.69,22.69,2,0.52,1.0,110,81.61
76,46.8,23.91,2,0.93,1.0,50,114.71
15,103.8,8.48,2,0.94,1.2,110,27.81
15,45.5,9.6,2,0.36,1.2,110,31.46
68,88.19,16.03,2,0.29,1.0,110,53.06
76,64.56,6.35,2,0.91,1.0,30,168.72
76,75.4,17.73,1,0.48,1.0,50,161.89
68,43.88,19.34,2,0.98,1.0,110,108.18
68,80.28,24.86,0,0.28,1.2,110,107.99
84,41.04,6.34,2,0.51,1.0,110,132.59
76,92.59,23.36,2,0.5,1.0,50,100.62
62,107.77,2.52,1,0.41,1.2,110,77.19
68,53.99,20.45,2,0.13,1.2,110,94.93
55,85.96,6.01,2,0.36,1.0,50,74.63
68,79.86,11.27,2,0.31,1.0,80,57.47
62,62.31,21.92,2,0.72,1.0,110,73.17
84,84.79,9.01,2,0.96,1.0,110,76.73
62,75.92,8.35,2,0.44,1.5,80,81.64
55,106.62,3.14,0,0.54,1.2,50,142.62
62,98.87,24.6,1,0.91,1.0,110,80.2
55,97.29,14.07,2,0.27,1.0,110,40.27
62,68.91,6.29,2,0.82,1.2,80,77.71
62,43.2,6.5,1,0.14,1.5,80,218.96
76,66.27,16.62,2,0.9,1.2,30,198.85
68,75.24,19.72,1,0.73,1.2,30,285.24
84,95.0,19.45,1,0.78,1.0,110,102.01
68,44.29,3.21,2,0.11,1.0,30,230.73
15,76.74,5.35,2,0.82,1.0,110,26.51
76,92.18,7.58,2,0.7,1.0,110,62.76
62,57.77,21.89,1,0.21,1.0,30,212.48
76,51.23,6.43,1,0.21,1.0,110,154.37
68,40.36,14.34,2,0.93,1.0,50,118.51
84,76.7,12.4,2,0.71,1.0,80,78.42
62,63.53,7.66,2,0.69,1.0,110,72.21
55,90.11,17.32,1,0.86,1.2,80,97.67
84,98.32,19.17,2,0.34,1.0,50,106.93
62,88.26,19.31,1,0.97,1.0,110,87.63
76,71.29,15.41,1,0.55,1.0,110,115.37
76,47.74,15.16,2,0.4,1.2,110,121.03
62,40.07,7.66,1,0.56,1.5,110,241.54
68,97.59,2.45,2,0.29,1.0,110,77.77
84,63.99,15.03,2,0.36,1.0,80,85.12
62,54.15,8.04,0,0.61,1.0,110,125.03
76,96.8,4.76,2,0.89,1.0,50,167.0
62,78.25,23.22,2,0.41,1.0,110,55.67
76,79.17,16.74,2,0.16,1.0,110,61.06
15,49.27,12.34,2,0.97,1.0,30,46.63
15,48.91,8.39,2,0.7,1.0,50,31.16
76,71.15,17.94,2,0.3,1.0,80,69.58
55,65.82,21.12,1,0.75,1.2,80,113.75
84,52.51,24.71,2,0.21,1.0,110,102.75
15,54.69,22.97,2,0.32,1.0,80,22.15
76,63.68,18.4,2,0.84,1.2,30,195.76
76,68.91,15.57,2,0.58,1.0,110,76.53
68,73.86,22.32,1,0.23,1.0,50,140.93
68,99.42,10.36,2,0.84,1.0,50,96.81
62,50.55,6.23,2,0.89,1.0,110,88.56
68,58.54,7.93,2,0.91,1.0,110,84.78
84,108.76,4.12,2,0.83,1.0,110,91.5
68,95.35,4.48,2,0.83,1.0,110,85.2
76,52.12,9.92,2,0.77,1.0,80,99.02
55,92.86,18.01,1,0.92,1.0,110,76.77
15,106.3,10.94,2,0.65,1.0,80,21.04
76,99.81,11.37,0,0.97,1.0,50,168.14
76,81.29,19.88,2,0.98,1.0,110,73.39
68,98.47,12.42,2,0.66,1.0,110,54.54
15,72.24,2.83,2,0.13,1.2,80,29.08
76,41.99,21.35,2,0.81,1.0,50,121.9
84,51.02,20.69,2,0.79,1.0,110,112.15
84,64.49,4.12,2,0.87,1.0,80,143.69
55,55.56,15.06,2,0.3,1.0,110,65.1
84,59.71,2.64,1,0.95,1.5,50,269.33
15,80.93,8.52,1,0.66,1.0,80,28.84
76,60.27,4.73,2,0.53,1.0,50,163.24
76,56.37,23.95,2,0.59,1.0,110,94.26
55,43.49,12.66,0,0.14,1.0,110,130.38
55,109.96,23.18,2,0.4,1.0,110,37.43
55,49.71,16.97,2,0.92,1.2,80,96.83
84,62.73,16.2,2,0.47,1.0,80,89.19
15,99.78,2.66,2,0.85,1.0,80,34.07
68,74.46,5.12,1,0.26,1.0,110,97.01
68,45.75,23.44,2,0.9,1.5,80,149.16
68,46.27,13.37,2,0.79,1.0,110,101.98
55,55.41,4.21,2,0.34,1.0,30,189.71
15,72.37,19.39,2,0.75,1.0,50,32.09
76,107.96,10.78,0,0.84,1.0,110,84.4
84,94.57,17.11,2,0.86,1.2,110,78.85
55,98.15,16.62,2,0.76,1.0,80,55.31
55,102.17,11.77,2,0.31,1.2,110,47.38
68,65.35,3.31,2,0.29,1.0,50,142.09
55,62.64,2.98,2,0.64,1.0,80,99.93
68,91.49,22.64,2,0.15,1.0,110,48.75
84,73.8,9.3,2,0.85,1.0,80,85.23
68,54.49,11.15,2,0.27,1.2,80,94.55
84,77.72,23.42,0,0.43,1.0,50,175.9
15,42.62,22.09,0,0.51,1.0,50,44.95
62,54.15,19.28,0,0.47,1.2,110,148.27
76,81.43,6.81,1,0.57,1.2,30,313.43
55,94.11,23.36,1,0.84,1.0,80,82.21
62,48.01,22.82,1,0.88,1.0,50,145.12
15,62.09,11.7,2,0.17,1.2,110,22.35
55,55.14,23.87,2,0.83,1.0,110,74.81
55,58.27,24.75,0,0.84,1.0,80,108.31
84,69.97,23.12,2,0.35,1.0,110,79.27
55,66.6,10.38,2,0.86,1.0,80,63.85
76,78.35,16.29,0,0.65,1.0,80,107.94
68,47.59,3.15,0,0.71,1.0,110,155.6
55,70.71,4.38,2,0.57,1.2,80,102.72
55,89.95,20.22,2,0.48,1.2,80,59.44
55,51.48,9.95,2,0.6,1.2,50,90.58
84,55.68,9.47,2,0.22,1.5,110,140.42
55,91.25,15.68,2,0.75,1.5,110,66.12
55,53.13,12.46,2,0.91,1.0,110,78.17
62,95.2,11.21,2,0.18,1.0,110,42.63
76,75.39,13.8,2,0.41,1.0,110,68.71
84,84.17,15.72,0,0.73,1.0,50,180.89
68,89.54,24.07,2,0.75,1.0,50,95.67
68,42.66,8.79,2,0.94,1.0,30,152.41
84,40.61,18.59,1,0.43,1.0,30,289.25
62,94.28,23.14,2,0.74,1.0,110,52.24
15,62.81,23.93,2,0.39,1.0,50,26.61
55,96.48,15.57,2,0.25,1.0,50,72.57
84,78.93,12.47,2,0.21,1.0,80,68.21
76,79.74,15.55,2,0.46,1.5,110,93.57
84,51.16,20.85,2,0.53,1.0,110,106.97
62,103.52,6.43,2,0.96,1.0,110,52.58
15,103.84,3.36,2,0.79,1.0,50,44.79
68,87.82,19.4,2,0.53,1.0,110,57.17
84,80.77,17.48,1,0.51,1.0,110,115.85
62,63.78,8.81,0,0.59,1.0,110,107.23
76,75.03,22.1,2,0.99,1.0,30,169.4
68,46.34,7.44,2,0.43,1.0,80,95.4
62,93.02,17.55,1,0.32,1.0,110,72.05
15,64.66,23.14,0,0.98,1.2,50,50.79
68,79.62,16.99,1,0.6,1.0,110,96.89
84,88.04,15.13,2,1.0,1.0,110,74.77
76,47.87,16.63,1,0.22,1.0,110,163.55
76,43.18,18.33,2,0.64,1.0,80,118.66
62,79.73,21.41,2,0.4,1.2,80,66.48
68,76.23,10.05,1,0.86,1.0,50,150.9
55,88.11,14.92,1,0.41,1.0,110,73.23
15,51.97,20.49,2,0.48,1.5,80,36.14
55,109.74,21.02,2,0.2,1.5,110,49.6
62,84.02,24.38,2,0.36,1.0,110,49.77
62,81.91,15.64,2,0.32,1.2,80,62.26
55,53.2,9.66,2,0.67,1.0,80,72.23
76,104.36,10.82,2,0.15,1.5,110,69.2
68,52.02,10.05,2,0.66,1.0,110,92.01
76,54.48,2.11,1,0.21,1.0,50,157.91
76,42.28,13.72,1,0.22,1.2,110,220.94
15,58.73,11.69,2,0.45,1.0,110,22.97
62,90.17,5.67,2,0.12,1.0,80,49.62
76,104.59,5.39,2,0.48,1.0,110,51.85
68,69.23,14.52,2,0.81,1.0,110,74.36
55,48.71,22.63,1,0.74,1.0,110,127.68
55,70.09,15.25,2,0.68,1.0,80,59.47
55,91.81,12.28,2,0.86,1.0,110,51.51
68,66.32,21.62,2,0.19,1.0,110,66.97
76,44.4,6.66,2,0.79,1.0,30,164.5
55,103.9,20.81,2,0.5,1.0,50,75.37
76,53.14,4.94,2,0.68,1.2,110,183.43
15,47.02,10.9,0,0.75,1.0,50,44.16
84,51.17,21.08,2,0.51,1.0,110,108.99
15,97.73,5.36,0,0.7,1.0,110,29.15
76,70.47,19.63,2,0.54,1.5,110,105.84
68,87.58,15.32,2,0.83,1.0,110,61.64
68,95.06,12.14,1,0.67,1.2,110,98.24
55,74.96,11.19,1,0.36,1.0,110,80.75
15,93.48,22.76,1,0.16,1.0,80,23.06
62,63.24,11.03,1,0.54,1.2,80,128.4
62,73.37,22.71,2,0.15,1.0,110,53.82
55,108.83,20.6,2,0.1,1.0,110,33.32
68,55.6,19.99,2,0.16,1.0,110,77.0
62,52.71,11.73,2,0.38,1.0,110,77.61
55,95.02,6.72,0,0.12,1.0,80,74.16
55,58.88,18.08,2,0.22,1.0,80,59.76
68,50.02,6.86,2,0.8,1.0,50,96.52
55,102.41,8.4,2,0.2,1.0,80,46.62
68,42.88,21.47,2,0.62,1.0,30,147.18
76,67.48,24.75,2,0.18,1.0,30,158.18
62,70.77,19.89,0,0.61,1.0,110,98.7
84,45.78,16.69,2,0.91,1.5,110,181.64
62,59.9,7.49,0,0.93,1.2,80,140.18
55,107.22,3.33,0,0.47,1.0,110,60.96
68,97.51,12.89,2,0.96,1.2,50,115.45
62,96.75,19.85,1,0.4,1.2,50,156.62
55,100.61,3.25,2,0.79,1.0,110,68.31
68,61.15,7.43,2,0.76,1.0,110,80.88
84,68.48,4.62,2,1.0,1.0,80,138.53
84,54.08,2.44,1,0.77,1.0,110,170.76
76,46.53,12.51,2,0.84,1.0,110,112.14
15,92.64,5.71,2,0.78,1.0,80,25.48
15,48.27,5.48,1,0.51,1.2,110,46.83
62,40.83,10.53,2,0.86,1.0,30,138.27
62,68.52,5.72,1,0.98,1.0,30,224.31
68,93.99,8.78,0,0.81,1.0,50,149.89
15,59.51,9.79,2,0.6,1.0,30,43.06
68,41.03,11.08,0,0.82,1.5,80,262.87
68,67.82,9.82,2,0.69,1.0,50,94.85
15,98.33,19.74,2,0.15,1.5,110,16.36
55,52.04,21.02,2,0.24,1.2,50,84.7
68,71.64,6.31,2,0.36,1.0,80,64.84
55,58.53,12.81,1,0.16,1.0,50,116.3
62,78.93,10.55,0,0.86,1.0,110,93.97
68,60.68,5.66,2,0.88,1.0,30,150.45
55,100.66,11.23,0,0.67,1.0,110,68.16
15,70.68,5.02,2,0.76,1.5,80,31.24
15,96.55,3.9,2,0.27,1.0,110,20.04
55,44.41,9.32,2,0.32,1.0,110,81.35
84,101.64,22.19,1,0.35,1.0,110,89.76
84,84.67,18.37,2,0.21,1.0,50,106.2
62,42.22,21.38,2,0.67,1.5,110,145.33
55,44.31,18.56,2,0.75,1.0,80,88.98
76,69.56,21.84,2,0.63,1.0,110,75.18
55,76.45,6.03,2,0.92,1.0,110,57.17
84,104.79,3.43,2,0.81,1.0,110,95.16
76,74.96,20.46,2,0.4,1.2,110,80.88
55,102.39,22.79,1,0.44,1.2,110,74.34
15,97.92,11.68,2,0.25,1.0,110,14.86
68,45.91,14.07,2,0.16,1.0,110,92.37
15,83.22,15.17,1,0.69,1.0,110,31.54
62,93.82,19.96,2,0.74,1.0,110,52.82
62,61.05,20.27,2,0.32,1.0,110,67.82
76,84.56,3.93,0,0.36,1.0,50,159.09
62,94.22,7.34,2,0.67,1.0,110,51.66
68,93.14,18.3,2,0.37,1.5,110,73.18
62,78.34,14.89,2,0.9,1.0,80,62.94
62,91.93,24.76,0,0.29,1.0,110,74.65
55,70.06,21.04,2,0.21,1.0,80,52.64
76,63.06,4.63,1,0.74,1.0,80,135.43
76,105.25,8.22,1,0.12,1.0,110,76.36
76,65.74,18.17,2,0.11,1.2,110,85.75
84,102.02,9.31,2,0.4,1.2,110,66.46
84,48.33,18.6,0,0.42,1.0,80,181.88
68,48.01,19.15,2,0.61,1.2,80,114.65
55,103.53,11.82,2,0.46,1.0,30,118.3
76,105.05,19.44,2,0.19,1.0,80,61.28
76,59.81,21.94,0,0.42,1.0,50,159.97
68,45.07,5.66,1,0.74,1.0,30,239.3
55,54.88,14.85,2,0.17,1.2,50,82.8
15,67.63,15.41,2,0.67,1.0,80,26.36
62,50.25,18.55,2,0.21,1.0,50,78.77
55,67.33,22.35,2,0.13,1.2,110,63.12
84,60.03,11.45,2,0.6,1.0,110,93.27
76,84.3,22.38,2,0.94,1.2,110,81.1
62,75.42,2.78,1,0.96,1.5,110,139.1
62,85.72,6.28,2,0.7,1.0,110,56.81
62,101.47,5.8,0,0.5,1.0,110,69.89
55,104.39,15.15,2,0.85,1.5,110,62.8
84,59.1,20.39,1,0.2,1.0,80,147.64
62,79.0,16.67,1,0.7,1.5,110,128.6
84,62.35,19.25,1,0.97,1.2,110,179.12
68,55.12,5.91,1,0.6,1.5,50,215.17
76,57.31,18.17,0,0.64,1.0,110,143.52
55,40.24,2.36,2,0.18,1.2,110,169.49
62,48.89,4.63,2,0.36,1.0,30,215.56
55,56.18,5.21,2,0.83,1.2,30,145.54
15,70.36,10.26,1,0.84,1.2,80,38.81
15,69.9,11.95,2,0.44,1.0,50,27.01
84,84.09,6.57,1,0.15,1.0,110,103.36
15,56.86,24.88,2,0.64,1.0,110,28.2
55,90.63,4.96,2,0.37,1.2,110,81.79
15,66.78,21.8,2,0.59,1.0,110,24.39
68,50.18,23.27,2,0.47,1.0,110,89.96
84,75.85,22.78,2,0.24,1.0,80,72.84
68,93.05,17.58,2,0.6,1.0,110,54.3
62,77.88,20.32,2,0.44,1.2,110,66.97
84,50.01,20.62,1,0.72,1.0,110,182.12
68,74.72,3.19,2,0.1,1.0,110,95.46
15,104.79,10.02,2,0.72,1.5,80,27.84
68,45.91,4.26,2,0.25,1.0,110,153.78
76,55.07,14.54,2,0.37,1.0,110,90.63
62,66.91,17.95,2,0.46,1.0,80,64.81
55,49.82,19.39,2,0.68,1.0,110,78.85
76,44.65,8.06,2,0.43,1.0,30,160.08
15,49.05,23.8,2,0.5,1.0,110,30.62
76,63.94,12.65,0,0.62,1.0,110,128.81
68,105.53,7.87,1,0.64,1.0,110,77.63
55,48.47,15.28,0,0.86,1.0,110,128.31
62,77.8,21.43,1,0.13,1.2,80,98.56
76,67.68,11.9,2,0.21,1.2,30,186.6
62,40.31,4.29,2,0.87,1.0,110,168.0
84,45.08,23.01,1,0.52,1.0,50,196.45
84,91.25,15.78,1,0.97,1.0,110,108.72
55,91.77,4.73,2,0.87,1.0,80,84.95
15,65.19,19.02,1,0.7,1.0,80,36.19
15,69.01,16.19,1,0.31,1.0,80,28.85
76,92.49,23.61,1,0.61,1.0,30,264.01
84,69.8,17.4,2,0.18,1.0,110,78.0
62,63.31,10.96,2,0.44,1.2,50,98.43
84,55.88,23.98,0,0.35,1.0,110,157.45
68,106.11,6.33,2,0.48,1.5,110,68.0
15,74.08,13.71,2,0.8,1.0,80,24.06
15,80.81,5.15,2,0.32,1.0,110,17.24
76,85.96,24.88,2,0.51,1.0,110,62.58
76,66.61,10.58,2,0.55,1.0,110,79.37
84,85.99,5.55,2,0.47,1.0,110,65.96
68,64.27,11.98,1,0.86,1.0,30,240.69
76,103.25,18.06,2,0.44,1.0,80,65.3
15,61.89,9.72,2,0.51,1.0,30,38.27
68,102.18,6.74,0,0.21,1.0,80,90.02
15,98.89,6.91,2,0.85,1.0,50,31.95
15,65.21,19.91,1,0.33,1.0,110,30.02
62,54.43,2.16,1,0.19,1.2,30,253.12
84,102.9,14.58,2,0.47,1.0,110,56.85
76,106.96,6.64,2,0.83,1.0,110,55.83
55,103.76,21.28,2,0.13,1.0,50,70.33
84,84.96,2.18,0,0.26,1.0,80,111.71
76,42.94,7.92,1,0.94,1.0,110,195.18
62,75.78,18.75,2,0.23,1.0,110,54.57
68,42.05,16.43,2,0.14,1.0,80,102.18
62,58.45,15.9,2,0.94,1.0,80,79.66
15,60.88,7.77,2,0.55,1.0,50,29.88
62,47.77,19.39,1,0.43,1.0,30,215.54
68,67.88,5.56,2,0.94,1.2,80,87.47
68,77.91,21.36,2,0.15,1.2,80,67.59
84,94.89,4.16,2,0.36,1.2,110,113.73
15,77.5,12.58,2,0.44,1.0,110,20.09
84,81.73,15.15,2,0.59,1.0,110,72.77
55,82.98,7.92,1,0.54,1.0,80,78.63
84,101.73,20.12,2,0.66,1.2,80,88.69
68,97.88,16.05,2,0.23,1.5,110,68.03
15,68.99,3.66,2,0.74,1.0,80,34.45
62,100.28,24.88,1,0.62,1.0,50,139.01
68,87.44,9.59,1,0.8,1.0,110,93.08
68,49.74,24.99,2,0.82,1.0,110,95.76
15,42.54,19.5,2,0.38,1.0,80,30.03
15,61.17,5.0,2,0.18,1.0,110,28.96
84,61.14,14.31,2,0.5,1.0,110,93.08
62,41.78,20.46,2,0.52,1.0,110,97.59
55,81.74,14.28,2,0.94,1.0,110,57.2
55,105.46,9.17,0,0.7,1.0,110,64.71
62,95.09,20.02,2,0.47,1.0,30,132.98
84,79.29,22.36,1,0.49,1.0,110,114.79
55,86.53,21.83,2,0.72,1.0,110,52.53
68,67.45,17.06,1,0.78,1.2,110,135.28
15,41.64,6.68,1,0.43,1.0,80,44.35
84,51.45,11.25,1,0.3,1.0,80,171.09
76,40.01,2.24,2,0.32,1.0,80,195.55
84,61.15,7.1,2,0.86,1.0,50,115.85
55,81.32,3.92,2,0.91,1.2,80,98.55
55,48.98,3.67,2,0.71,1.0,110,123.49
62,100.36,18.92,2,0.38,1.2,30,155.73
62,51.84,18.14,0,0.63,1.0,30,218.41
68,42.08,5.01,2,0.19,1.5,110,150.4
84,65.18,15.42,1,0.58,1.0,110,139.51
15,97.22,9.61,1,0.28,1.0,110,20.34
68,79.45,17.52,0,0.96,1.0,110,104.43
15,75.2,2.18,0,0.34,1.0,110,25.94
84,100.42,19.12,2,0.15,1.0,80,68.01
76,64.64,17.2,1,0.58,1.0,50,163.22
84,82.71,17.02,2,0.68,1.0,80,75.67
55,106.42,14.83,2,0.76,1.0,30,123.0
62,61.63,14.87,2,0.73,1.0,110,72.29
68,96.79,12.77,2,0.4,1.0,80,59.46
62,52.63,22.85,2,0.48,1.2,30,157.21
76,54.11,20.27,0,0.39,1.0,110,147.36
84,52.35,3.97,1,0.25,1.2,110,199.6
84,42.41,9.07,2,0.95,1.0,80,133.93
62,99.56,14.47,1,0.29,1.0,110,69.18
84,59.67,21.82,2,0.48,1.2,80,110.19
84,51.63,21.56,2,0.11,1.0,80,101.52
68,97.69,23.81,1,0.64,1.0,110,80.37
84,42.11,4.38,2,0.9,1.0,110,215.09
76,56.92,2.7,2,0.74,1.0,30,265.28
62,79.92,4.35,2,0.82,1.0,30,221.21
62,49.68,14.04,1,0.88,1.2,50,166.09
84,83.02,13.56,2,0.21,1.0,80,69.19
55,81.52,24.4,2,0.38,1.2,80,57.22
62,52.85,2.26,1,0.19,1.2,80,146.08
15,97.64,19.08,2,0.42,1.0,110,17.46
84,107.72,10.12,2,0.83,1.5,110,83.26
84,87.45,15.68,2,0.43,1.0,110,64.54
68,82.65,12.38,2,0.92,1.2,50,112.0
68,73.26,20.94,2,0.77,1.0,30,150.05
15,101.1,9.72,2,0.84,1.0,110,22.74
76,108.4,12.54,0,0.36,1.0,110,77.62
68,43.24,16.16,2,0.12,1.2,50,115.89
76,42.65,16.11,2,0.53,1.0,80,115.06
55,105.54,10.95,0,0.13,1.0,110,55.85
55,63.67,5.33,2,0.62,1.5,110,88.58
76,45.72,10.01,2,0.27,1.0,80,105.83
62,62.65,6.36,2,0.26,1.0,110,65.35
15,64.19,2.26,2,0.97,1.2,80,45.12
76,79.66,8.84,2,0.48,1.0,110,67.04
62,41.47,12.28,1,0.54,1.0,80,159.57
62,41.47,21.48,2,0.14,1.2,30,153.28
62,84.66,17.94,2,0.24,1.5,110,72.67
15,64.1,14.86,2,0.25,1.0,30,34.04
62,96.61,22.42,0,0.98,1.0,30,222.42
84,94.38,5.5,2,0.14,1.0,30,173.94
68,43.95,7.62,2,0.99,1.0,30,152.29
76,83.49,22.04,2,0.5,1.2,110,75.68
55,109.53,2.45,2,0.78,1.0,110,64.52
76,69.51,15.85,2,0.19,1.5,30,232.33
55,48.39,20.19,2,0.15,1.0,80,70.62
62,54.25,14.65,2,0.43,1.0,80,77.68
84,52.36,23.56,2,0.77,1.0,110,109.64
62,76.18,18.55,1,0.87,1.0,110,94.71
62,108.93,22.37,2,0.59,1.2,110,52.61
84,63.02,17.4,2,0.34,1.5,110,128.49
84,104.14,8.92,1,0.96,1.0,110,97.67
84,80.06,17.94,2,0.8,1.5,50,165.37
84,63.89,20.07,2,0.4,1.0,110,86.51
15,64.25,16.27,2,0.11,1.0,50,21.41
55,100.63,18.85,2,0.76,1.0,50,80.78
55,102.9,10.02,2,0.12,1.0,110,36.53
84,48.28,18.62,0,0.19,1.2,80,213.63
62,97.44,10.67,2,0.22,1.0,80,50.59
68,58.63,20.58,0,0.97,1.0,80,134.71
68,101.54,10.11,0,0.42,1.0,50,144.14
68,92.08,12.52,2,0.77,1.0,110,57.39
68,97.51,17.74,0,0.14,1.0,50,138.75
84,52.06,3.43,2,0.52,1.0,50,179.67
68,93.97,19.05,2,0.85,1.0,80,65.41
68,109.71,9.21,2,0.53,1.5,80,84.92
15,109.49,12.71,2,0.54,1.5,110,23.13
76,40.98,16.28,2,0.91,1.2,80,148.98
84,84.19,2.89,0,0.1,1.0,50,171.25
68,48.29,15.65,2,0.47,1.2,50,110.78
55,97.53,18.42,2,0.1,1.2,110,44.12
62,49.93,17.45,2,0.15,1.2,110,93.48
55,46.36,21.87,0,0.37,1.0,50,126.87
76,107.67,20.82,2,0.65,1.0,80,68.08
68,104.76,19.62,2,0.89,1.0,110,54.48
68,63.97,18.12,1,0.91,1.0,110,123.01
68,96.04,5.37,1,0.56,1.0,50,146.39
84,46.76,21.56,1,0.88,1.0,80,196.81
15,50.28,18.5,2,0.78,1.0,30,44.66
84,71.42,13.68,2,0.96,1.0,110,87.59
55,43.71,18.36,2,0.92,1.0,110,90.84
62,68.55,21.04,2,0.19,1.0,110,59.1
84,86.51,21.87,1,0.65,1.2,110,127.95
76,67.52,12.71,2,0.46,1.0,30,160.56
68,48.0,22.65,1,0.99,1.0,80,156.79
68,86.52,10.12,2,0.17,1.5,110,76.75
15,100.32,5.18,1,0.71,1.2,110,30.62
76,43.24,5.97,2,0.22,1.0,80,111.27
55,63.08,24.3,0,0.85,1.5,80,145.25
68,73.26,8.99,1,0.71,1.0,110,104.78
68,59.13,8.7,2,0.7,1.2,80,95.2
55,83.24,10.57,1,0.38,1.0,80,74.38
76,51.6,14.39,2,0.2,1.0,110,91.71
15,109.56,18.37,2,0.93,1.2,110,25.75
76,55.25,14.34,2,0.74,1.0,110,94.96
68,91.76,14.2,2,0.57,1.0,110,54.94
76,86.01,6.42,2,0.28,1.0,50,96.62
55,105.37,7.14,1,0.57,1.5,110,86.99
76,82.4,20.63,2,0.17,1.0,50,95.78
55,88.1,18.74,2,0.58,1.0,80,48.63
76,69.23,6.39,2,0.72,1.0,110,75.92
15,48.25,9.96,2,0.65,1.0,110,32.16
84,40.53,6.77,1,0.15,1.0,110,211.75
68,47.45,24.49,2,0.27,1.0,110,91.98
62,82.08,16.63,2,0.85,1.0,110,60.18
84,62.14,10.33,2,0.97,1.0,80,97.69
84,43.92,5.61,2,0.2,1.0,30,171.3
68,46.0,11.09,2,0.58,1.0,110,100.39
62,90.08,6.13,2,0.59,1.0,110,52.82
62,84.91,7.14,2,0.32,1.0,50,82.09
76,91.74,5.2,2,0.53,1.0,110,61.84
55,45.73,23.64,2,0.31,1.0,50,78.46
76,108.96,10.76,2,0.73,1.0,50,102.99
62,84.5,19.87,2,0.51,1.0,30,131.11
55,69.51,4.29,0,0.31,1.0,110,87.48
55,76.69,6.94,2,0.35,1.0,80,50.48
68,73.69,11.85,0,0.86,1.5,50,219.59
15,54.59,22.74,1,0.76,1.0,30,65.64
15,103.45,15.56,2,0.55,1.0,110,18.56
68,103.75,21.95,1,0.81,1.5,80,140.66
68,94.02,19.1,1,0.27,1.0,80,89.4
84,90.62,14.67,0,0.82,1.5,80,171.71
84,86.85,3.58,2,0.36,1.0,80,111.62
62,104.9,18.23,2,0.21,1.2,80,61.67
68,52.57,13.95,0,0.15,1.0,80,131.63
76,81.57,11.74,2,0.28,1.0,80,63.29
84,72.28,11.57,2,0.63,1.0,80,82.76
68,86.14,20.6,1,0.16,1.0,110,84.16
68,70.45,20.36,2,0.76,1.0,110,71.62
15,75.4,6.65,1,0.24,1.0,110,23.53
84,98.82,17.94,2,0.39,1.5,50,158.29
84,50.82,14.71,1,0.87,1.0,50,183.62
76,54.13,7.07,2,0.88,1.0,50,107.44
62,85.08,6.7,0,0.25,1.0,30,212.68
68,104.23,22.71,2,0.27,1.0,110,45.21
62,61.23,15.18,2,0.22,1.0,50,80.53
76,61.28,8.89,0,0.63,1.0,50,161.17
76,65.79,3.61,2,0.28,1.0,110,120.16
68,92.0,23.15,2,0.45,1.0,110,52.7
62,40.23,10.13,2,0.76,1.2,110,125.34
76,100.52,15.64,1,0.37,1.0,110,82.46
62,57.66,23.62,2,0.26,1.2,80,82.65
55,67.2,12.84,2,0.53,1.0,110,58.58
76,46.47,5.56,2,0.3,1.0,80,105.83
62,50.51,16.4,2,0.37,1.0,110,80.83
62,92.79,3.88,2,0.64,1.0,110,79.04
84,67.2,10.67,1,0.18,1.2,50,206.42
68,43.73,19.81,2,0.74,1.0,110,105.78
62,77.23,11.19,2,0.69,1.0,110,59.72
55,58.22,17.22,2,0.52,1.0,50,74.51
68,64.07,23.52,2,0.37,1.0,110,72.98
15,68.15,15.32,2,0.75,1.5,110,31.14
76,83.61,5.91,1,0.92,1.0,50,169.97
55,104.64,15.67,1,0.4,1.0,80,76.95
84,100.13,6.02,2,0.72,1.5,110,89.03
68,86.14,2.51,1,0.96,1.0,110,96.31
76,45.65,4.73,2,0.87,1.0,110,181.97
84,78.88,20.86,1,0.59,1.0,30,291.95
15,90.16,23.15,1,0.94,1.0,110,32.49
76,88.19,10.93,2,0.67,1.0,110,63.35
55,93.97,13.99,0,0.54,1.0,110,69.09
84,90.81,8.3,2,0.91,1.0,30,183.67
62,88.99,14.15,2,0.43,1.0,80,54.87
76,53.19,3.61,2,0.35,1.0,80,151.7
68,102.51,5.97,2,0.5,1.5,30,215.35
55,43.47,20.39,2,0.61,1.0,110,87.76
68,82.52,11.47,2,0.13,1.0,110,53.43
76,78.04,9.25,2,0.69,1.0,110,71.08
55,84.87,7.18,2,0.83,1.0,110,53.15
55,49.54,6.15,0,0.95,1.2,30,235.64
15,57.19,2.4,1,0.5,1.0,80,34.66
62,73.0,14.97,1,0.74,1.0,110,98.83
62,80.53,18.81,1,0.41,1.0,80,85.21
15,50.52,13.59,2,0.88,1.0,30,43.46
15,50.59,16.4,2,0.88,1.2,110,35.26
62,82.19,5.2,1,0.92,1.5,30,326.21
62,95.83,19.42,2,0.45,1.2,50,99.31
84,62.62,14.03,2,0.26,1.0,110,85.75
55,102.59,13.92,2,0.5,1.0,80,48.86
15,82.58,2.11,2,0.17,1.0,110,23.07
55,76.39,17.36,1,0.99,1.5,110,125.87
62,109.35,10.15,2,0.92,1.0,110,49.36
68,86.66,14.01,2,0.86,1.5,50,138.16
15,41.9,10.54,2,0.28,1.0,110,27.53
15,40.63,9.38,2,0.55,1.0,110,34.03
15,65.51,15.58,0,0.59,1.2,110,37.34
68,44.74,10.18,2,0.56,1.0,80,101.43
68,107.25,19.67,2,0.98,1.0,110,55.14
15,58.98,24.0,1,0.5,1.0,110,34.8
62,101.49,14.58,2,0.38,1.0,110,43.93
15,45.16,22.52,2,0.8,1.2,110,37.53
55,92.21,20.29,0,0.68,1.0,80,82.52
68,92.48,3.97,2,0.34,1.2,110,94.49
68,50.37,5.95,0,0.74,1.0,30,240.37
84,64.93,10.75,0,0.25,1.0,110,135.88
15,109.85,10.85,2,0.76,1.0,30,45.15
68,89.74,5.46,2,0.85,1.0,110,60.45
76,47.01,17.41,1,0.58,1.0,50,172.29
55,48.83,21.57,2,0.68,1.0,110,81.02
62,80.7,6.94,2,0.77,1.0,80,59.16
62,72.62,16.73,2,0.9,1.0,30,140.58
55,106.0,6.68,0,0.88,1.0,80,83.09
55,87.33,4.97,2,0.58,1.0,80,80.93
84,106.32,23.51,2,0.99,1.0,110,64.18
62,88.42,23.16,2,0.79,1.0,110,56.91
68,54.08,22.75,1,0.88,1.0,110,142.92
84,86.87,21.49,2,0.94,1.5,110,102.23
15,80.18,24.55,2,0.84,1.0,50,32.17
62,73.83,21.75,1,0.61,1.2,110,110.17
76,97.24,24.91,2,0.51,1.0,50,99.84
55,64.82,2.35,2,0.12,1.2,110,105.74
84,62.71,24.83,2,0.92,1.5,80,138.88
84,43.69,14.68,2,0.58,1.0,80,126.42
76,48.17,3.54,2,0.37,1.0,50,164.58
55,87.6,13.98,2,0.32,1.2,80,55.14
84,101.84,7.32,1,0.86,1.0,110,98.15
76,69.5,20.85,2,0.22,1.0,110,73.42
68,43.81,3.85,1,0.55,1.0,110,164.22
84,90.42,6.84,0,0.34,1.2,30,343.62
84,103.46,6.13,2,0.55,1.0,110,59.13
68,72.93,16.53,1,0.71,1.0,80,106.64
68,95.38,2.28,0,0.95,1.0,110,87.77
15,52.9,10.74,2,0.67,1.0,80,29.61
62,96.57,18.16,2,0.63,1.0,80,58.05
55,84.63,6.28,2,0.56,1.0,80,53.71
55,62.99,17.8,2,0.65,1.0,110,64.39
68,83.83,7.28,1,0.28,1.0,110,87.06
84,50.56,12.08,2,0.83,1.2,30,216.34
68,64.93,4.84,2,0.93,1.5,110,174.59
68,68.59,19.07,1,0.97,1.0,50,152.41
76,90.48,21.6,2,0.8,1.0,110,64.83
55,107.98,4.77,1,0.72,1.2,110,73.47
62,75.04,3.27,0,0.21,1.0,110,88.28
55,86.05,13.47,2,0.9,1.2,50,94.4
62,76.94,11.36,2,0.84,1.2,80,72.0
68,44.04,4.13,2,0.78,1.5,110,243.6
62,44.55,24.52,2,0.72,1.0,80,94.93
15,45.57,14.55,2,0.96,1.2,50,40.91
62,58.93,24.32,0,0.6,1.0,80,116.32
55,88.19,15.68,2,0.29,1.0,30,115.81
76,71.74,12.98,1,0.61,1.0,50,162.59
55,55.33,24.78,2,0.59,1.0,110,70.42
55,66.04,15.19,0,0.86,1.0,30,198.2
84,99.49,12.33,2,0.42,1.0,110,59.14
15,44.84,20.26,2,0.8,1.0,110,33.04
55,83.33,2.78,1,0.9,1.0,110,80.55
76,65.11,16.64,2,0.48,1.2,80,94.02
62,73.35,14.22,2,0.49,1.0,50,82.9
15,97.87,5.32,2,0.92,1.2,110,26.51
55,45.73,16.52,0,0.92,1.2,80,160.76
68,100.44,14.37,2,0.43,1.0,110,49.0
76,54.13,16.54,2,0.32,1.2,80,107.31
68,56.69,20.76,2,0.95,1.2,80,102.46
68,94.5,19.92,1,0.96,1.5,80,145.41
76,73.75,17.46,2,0.6,1.2,110,83.71
15,93.95,18.63,0,0.18,1.0,80,22.3
15,106.62,14.75,2,0.39,1.0,110,16.22
55,53.54,24.74,2,0.3,1.2,80,80.29
76,72.59,22.37,2,0.99,1.0,80,80.26
76,42.62,21.67,1,0.93,1.5,110,284.86
55,93.09,23.11,1,0.44,1.0,110,68.07
76,69.55,2.39,2,0.51,1.0,110,117.94
76,57.94,18.96,2,0.73,1.5,80,129.54
55,43.16,3.46,0,0.11,1.2,80,159.55
68,51.74,21.35,0,0.39,1.0,50,144.19
84,95.41,2.97,2,0.88,1.0,50,182.26
76,98.86,5.47,2,0.47,1.0,30,161.21
62,46.18,16.5,2,0.72,1.0,110,94.13
15,102.29,15.27,1,0.41,1.0,80,27.62
68,107.24,13.87,1,0.71,1.0,50,149.18
68,71.02,4.34,0,0.94,1.0,110,112.13
62,66.56,18.85,2,0.11,1.0,110,59.25
68,76.92,7.36,2,0.26,1.0,50,87.17
68,78.87,2.62,2,0.46,1.0,110,95.37
76,45.64,20.87,2,0.21,1.0,110,105.31
15,44.97,23.04,2,0.99,1.0,50,39.94
62,74.03,10.71,2,0.11,1.0,80,52.48
68,85.32,23.29,1,0.74,1.0,110,92.83
68,98.79,9.45,2,0.18,1.0,110,45.59
62,79.87,13.46,2,0.89,1.0,50,89.16
68,100.63,10.37,2,0.7,1.0,110,54.06
76,79.36,11.0,1,0.9,1.2,80,130.95
84,48.75,23.35,2,0.67,1.0,110,116.17
55,104.64,3.94,1,0.57,1.2,110,73.98
62,56.18,12.92,1,0.8,1.0,110,124.59
84,95.02,7.58,1,0.15,1.0,110,94.68
76,98.43,24.68,1,0.51,1.0,110,87.32
84,78.81,5.51,2,0.96,1.0,80,80.03
15,61.56,4.43,1,0.96,1.0,80,41.48
84,91.86,23.45,2,0.65,1.2,110,78.21
84,51.73,14.58,1,0.31,1.0,110,167.47
55,42.92,23.21,2,0.15,1.0,50,81.99
76,68.63,3.19,2,0.62,1.2,110,145.88
62,40.28,8.51,2,0.51,1.0,80,101.43
55,79.04,13.51,1,0.8,1.0,80,83.32
76,95.41,18.79,2,0.35,1.0,110,54.13
62,44.36,12.82,2,0.59,1.0,110,93.89
84,77.24,14.52,2,0.11,1.0,80,69.72
84,50.57,12.64,2,0.46,1.0,80,108.48
84,79.6,9.79,1,1.0,1.0,110,122.08
84,55.25,2.89,2,0.21,1.2,50,206.96
68,67.49,8.54,1,0.92,1.0,50,152.43
62,92.72,8.05,2,0.81,1.0,30,138.59
84,102.35,14.18,2,0.37,1.0,50,107.62
76,46.03,20.07,2,0.58,1.0,110,109.12
84,53.61,18.5,2,0.23,1.0,110,101.12
84,86.38,22.14,2,0.66,1.0,110,70.6
62,76.52,14.46,2,0.18,1.0,80,54.08
62,46.87,21.98,2,0.42,1.0,80,85.98
84,40.54,20.4,2,0.93,1.0,110,140.04
55,108.6,24.16,2,0.52,1.5,50,109.16
15,46.2,21.1,2,0.4,1.0,110,26.04
84,53.78,10.98,2,0.44,1.0,110,101.78
84,81.1,15.69,2,0.78,1.0,50,114.21
62,108.62,24.49,2,0.54,1.0,80,58.27
76,66.15,2.69,0,0.91,1.2,80,154.88
76,44.43,13.18,1,0.49,1.0,80,180.94
55,96.99,19.12,0,0.93,1.2,110,83.98
55,55.94,21.19,2,0.62,1.0,50,77.32
15,80.64,20.41,0,0.95,1.2,30,76.57
76,104.36,13.79,0,0.97,1.0,110,90.45
15,80.0,2.58,2,0.21,1.2,80,28.12
55,95.71,6.61,2,0.61,1.0,50,76.08
68,58.78,16.99,0,0.13,1.0,80,119.32
62,81.29,21.15,2,0.77,1.0,110,60.0
62,84.05,12.66,2,0.41,1.0,30,133.25
15,87.71,3.02,2,0.57,1.2,110,30.79
15,87.45,14.22,1,0.28,1.0,110,23.23
68,62.39,22.95,0,0.79,1.2,80,144.9
15,61.0,3.9,1,0.85,1.0,80,40.05
15,64.89,18.12,2,0.15,1.0,110,17.58
55,101.25,10.28,2,0.69,1.0,110,47.13
76,104.57,11.47,2,0.81,1.0,80,70.95
68,82.28,9.28,2,0.36,1.0,110,57.41
55,51.33,24.11,2,0.14,1.0,30,113.38
68,98.34,11.81,2,0.58,1.2,110,59.52
68,66.64,12.57,2,0.93,1.0,110,75.72
15,61.24,19.6,2,0.34,1.0,80,21.99
55,48.19,6.28,2,0.22,1.0,110,74.47
55,70.97,24.54,0,0.88,1.0,110,93.23
76,44.84,19.54,2,0.23,1.2,50,127.35
15,81.61,23.77,2,0.28,1.0,30,35.86
55,88.33,8.07,2,0.31,1.2,110,49.72
55,97.99,10.69,2,0.14,1.0,80,45.38
55,94.74,15.27,2,0.48,1.0,50,74.38
55,68.92,12.97,2,0.33,1.0,80,53.31
76,57.39,17.66,1,0.11,1.0,80,136.55
68,71.69,5.2,2,0.7,1.0,50,95.58
62,72.7,24.04,1,0.75,1.2,50,162.84
76,46.92,8.66,2,0.98,1.0,110,115.15
84,77.45,19.85,2,0.51,1.0,110,74.73
76,69.91,17.7,1,0.65,1.0,110,121.5
68,60.65,17.17,2,0.33,1.5,110,108.22
15,75.61,4.0,2,0.41,1.0,80,27.51
76,72.1,17.84,2,0.15,1.0,80,67.03
62,71.78,22.14,2,0.79,1.2,110,74.99
76,91.54,14.84,1,0.15,1.0,110,86.55
76,78.6,24.74,2,0.48,1.0,110,67.38
84,74.92,7.51,2,0.36,1.0,30,175.24
62,73.41,16.39,2,0.28,1.2,80,66.86
15,67.41,8.66,2,0.38,1.0,80,19.78
62,49.62,2.59,2,0.85,1.2,50,165.0
62,97.32,18.93,1,0.41,1.0,50,131.45
55,49.7,20.37,2,0.38,1.2,30,140.22
84,76.92,8.37,2,0.29,1.0,110,72.79
76,54.18,12.13,2,0.47,1.0,30,160.62
68,83.41,21.88,2,0.36,1.0,110,55.3
68,63.5,3.12,2,0.42,1.0,110,115.21
84,43.0,2.8,2,0.29,1.0,110,201.53
68,71.2,13.3,2,0.84,1.0,80,71.87
84,86.96,10.48,2,0.93,1.2,110,86.59
68,84.31,13.67,2,0.56,1.0,50,91.82
84,42.71,18.69,2,0.66,1.2,50,153.11
68,73.37,5.76,0,0.77,1.5,110,150.77
84,71.36,13.08,2,0.59,1.2,30,211.92
55,81.96,24.44,0,0.71,1.0,110,80.35
76,49.68,14.27,2,0.89,1.0,50,105.33
62,64.92,18.68,2,0.57,1.2,50,97.91
15,42.83,9.21,1,0.16,1.2,80,49.28
15,81.66,7.04,2,0.58,1.0,110,22.03
55,76.93,20.98,2,0.44,1.2,110,60.0
55,66.72,22.47,2,0.66,1.0,80,59.22
68,76.26,13.53,2,0.4,1.0,50,90.04
68,75.91,2.15,1,0.51,1.2,50,174.3
55,75.43,3.37,1,0.48,1.0,80,79.82
55,69.71,21.59,2,0.92,1.0,80,63.67
62,42.3,14.9,2,0.29,1.0,80,95.2
76,57.52,4.29,0,0.68,1.5,110,209.55
62,92.54,20.87,2,0.95,1.0,80,62.46
55,46.15,9.52,2,0.71,1.2,110,98.81
15,90.76,4.61,1,0.53,1.2,80,33.14
68,103.98,2.69,2,0.32,1.0,110,73.14
15,77.13,2.71,2,0.74,1.0,110,32.46
15,99.67,9.76,2,0.78,1.2,30,51.23
55,88.64,8.41,0,0.36,1.2,80,91.1
15,103.67,12.99,2,0.92,1.0,110,25.03
76,106.11,24.21,2,0.13,1.0,80,62.35
76,55.54,12.29,2,0.79,1.0,30,164.72
76,82.85,2.12,1,0.75,1.0,50,162.11
76,101.34,13.39,2,0.88,1.2,30,198.1
62,103.71,19.37,2,0.27,1.0,110,41.23
55,61.63,4.04,2,0.16,1.0,80,92.86
68,53.06,24.52,1,0.23,1.0,110,134.04
55,79.79,18.89,2,0.84,1.0,110,55.34
68,57.29,10.12,2,0.52,1.2,80,94.72
68,64.85,4.58,2,0.35,1.0,110,110.87
15,62.75,5.35,2,0.35,1.0,110,19.71
68,40.53,8.62,1,0.14,1.0,50,169.79
84,71.83,7.12,2,0.93,1.0,30,185.15
84,83.75,15.24,2,0.8,1.5,110,102.73
76,53.49,9.81,1,0.58,1.2,110,180.62
15,63.63,17.15,2,0.26,1.0,110,19.56
68,55.6,20.83,0,0.5,1.0,80,132.6
76,74.73,9.17,1,0.55,1.0,110,112.35
68,59.77,6.73,1,0.3,1.0,110,122.83
62,97.98,12.37,2,0.93,1.0,110,53.72
76,60.41,4.63,0,0.91,1.5,50,243.62
55,109.88,14.82,2,0.64,1.0,110,41.34
62,100.76,18.87,2,0.93,1.2,110,59.3
68,89.87,7.26,0,0.77,1.0,110,89.22
68,97.25,16.83,2,0.78,1.5,110,77.68
62,62.52,23.11,2,0.19,1.0,110,62.66
55,68.5,19.49,1,0.9,1.0,110,97.59
62,109.68,2.48,1,0.89,1.0,110,73.09
55,106.02,3.9,0,0.21,1.2,110,67.99
76,108.21,22.86,2,0.62,1.0,110,54.25
68,85.94,12.84,2,0.84,1.0,50,98.24
68,92.56,15.41,2,0.9,1.2,30,178.84
15,101.9,13.91,2,0.47,1.2,50,30.62
55,89.14,17.66,2,0.14,1.2,110,49.06
84,78.21,23.65,2,0.62,1.2,110,88.22
76,58.49,23.55,2,0.26,1.0,110,85.42
62,103.45,3.04,2,0.47,1.0,110,69.8
68,67.7,20.34,1,0.87,1.2,80,134.23
76,59.31,18.62,2,0.35,1.0,110,83.91
62,59.8,18.06,2,0.23,1.0,30,129.7
15,67.78,19.1,2,0.16,1.0,110,16.96
84,71.92,2.78,2,0.68,1.0,110,130.75
68,103.91,17.81,2,0.4,1.2,110,56.09
84,53.94,13.39,2,0.37,1.0,50,107.92
62,100.54,24.42,2,0.73,1.0,110,50.16
55,52.05,19.12,2,0.79,1.0,110,74.45
84,108.2,14.12,2,0.5,1.0,80,72.29
62,109.53,11.23,1,0.6,1.0,110,66.41
15,78.48,6.82,0,0.31,1.2,110,29.76
15,43.8,20.07,1,0.41,1.2,50,50.91
76,67.26,23.61,2,0.72,1.0,80,80.52
62,46.89,2.34,2,0.56,1.0,80,141.58
62,73.25,5.2,2,0.14,1.5,110,80.25
62,40.96,15.77,2,0.23,1.0,110,95.14
55,84.56,15.89,2,0.27,1.0,80,47.53
55,51.06,20.01,0,0.14,1.0,50,114.43
68,40.46,17.87,2,0.19,1.0,30,139.34
76,79.89,6.58,0,0.87,1.0,80,109.78
62,109.64,5.12,2,0.3,1.0,80,52.84
84,95.04,12.62,2,0.33,1.0,110,57.98
76,42.65,5.51,2,0.84,1.0,30,166.85
76,46.2,20.55,2,0.36,1.0,110,104.99
84,51.04,19.0,2,0.61,1.5,110,158.88
68,53.59,6.26,2,0.82,1.0,110,91.18
15,106.08,16.56,2,0.43,1.0,110,16.47
15,50.13,8.03,2,0.5,1.0,110,24.65
84,106.59,8.42,1,0.67,1.0,30,291.13
62,109.43,5.25,1,0.56,1.0,110,67.7
76,73.81,16.06,2,0.39,1.2,110,82.79
55,64.51,22.18,2,0.58,1.0,110,61.32
76,92.74,22.59,2,0.23,1.0,30,159.61
68,103.17,23.62,1,0.37,1.0,80,92.61
62,64.31,17.59,2,0.4,1.5,80,96.01
84,49.47,20.36,2,0.95,1.0,80,118.71
62,47.92,2.12,1,0.93,1.0,80,144.79
62,52.6,20.3,1,0.29,1.0,80,123.64
62,45.31,6.26,2,0.29,1.0,110,90.61
68,105.73,15.15,2,0.15,1.0,110,42.92
55,72.14,21.73,2,0.95,1.0,110,63.14
76,93.25,22.22,1,0.17,1.0,80,100.08
68,72.9,23.88,2,0.91,1.2,80,81.86
62,67.75,8.05,2,0.21,1.0,110,60.81
55,85.74,5.79,2,0.17,1.0,110,43.39
15,47.47,24.6,2,0.61,1.0,30,41.52
68,59.31,10.05,2,0.15,1.0,50,85.07
76,45.64,2.8,2,0.84,1.2,110,214.98
68,98.53,22.2,2,0.21,1.0,50,85.73
15,50.44,17.79,2,0.59,1.0,50,28.1
76,107.77,8.57,0,0.61,1.2,110,94.57
84,62.17,2.45,2,0.82,1.0,110,149.87
62,61.42,11.6,2,0.99,1.5,80,107.03
76,53.35,7.51,2,0.78,1.0,110,99.78
68,93.46,22.71,2,0.68,1.0,110,55.69
55,68.52,15.86,0,0.9,1.2,110,109.03
15,70.32,11.71,1,0.43,1.5,30,82.53
68,60.79,6.62,0,0.98,1.2,110,149.84
62,108.03,13.72,2,0.44,1.0,50,82.56
76,91.75,24.22,2,0.52,1.0,80,67.89
15,63.84,21.13,2,0.65,1.0,80,25.35
62,102.15,4.92,2,0.58,1.0,80,86.13
84,60.04,16.01,2,0.47,1.0,110,94.18
84,104.99,21.75,2,0.67,1.0,110,59.36
84,106.31,18.25,2,0.6,1.2,110,69.06
15,74.81,10.58,2,0.74,1.0,80,23.05
55,50.67,17.88,2,0.7,1.0,80,77.67
84,42.66,21.66,2,0.89,1.0,80,133.73
68,71.55,10.79,2,0.14,1.0,80,61.22
68,82.89,14.96,2,0.43,1.0,110,56.84
76,62.29,9.21,2,0.21,1.0,110,80.08
84,69.31,5.05,2,0.68,1.0,110,84.63
76,70.95,24.77,2,0.19,1.2,110,82.21
15,40.61,11.35,2,0.78,1.0,110,34.96
76,60.77,15.58,2,0.32,1.0,110,81.5
15,83.45,23.13,2,0.73,1.2,110,25.92
55,42.04,23.74,0,0.68,1.0,30,195.08
62,76.59,20.82,2,0.47,1.0,110,58.47
55,52.24,21.29,2,0.56,1.0,80,72.88
76,57.04,24.66,2,0.82,1.0,110,94.5
76,51.2,15.07,1,0.53,1.0,110,157.72
62,99.53,2.63,2,0.67,1.0,110,73.82
84,49.88,20.7,0,0.78,1.0,110,180.57
68,42.05,15.09,2,0.46,1.0,110,106.94
62,71.66,12.8,2,0.76,1.2,110,76.01
15,93.2,20.4,2,0.87,1.5,110,29.08
76,57.59,15.7,2,0.71,1.5,80,132.06
15,61.58,11.27,2,0.75,1.2,110,30.99
84,46.97,21.66,1,0.35,1.5,50,274.66
68,65.1,14.61,0,0.47,1.0,110,112.38
84,103.6,5.79,2,0.14,1.0,110,52.45
68,106.48,18.64,0,0.3,1.0,80,92.8
76,54.16,6.27,2,0.92,1.0,50,104.56
76,75.5,13.05,2,0.53,1.0,110,72.32
55,102.47,8.4,1,0.61,1.2,110,75.42
76,59.33,19.75,2,0.46,1.2,80,100.8
15,61.95,21.04,2,0.26,1.0,50,23.48
76,52.54,6.84,1,0.17,1.5,110,219.72
76,45.29,19.1,1,0.91,1.0,110,184.13
62,97.45,20.01,2,0.91,1.0,50,87.9
76,54.29,7.61,2,0.44,1.0,110,92.84
15,66.18,20.56,0,0.6,1.0,50,41.02
15,105.98,17.26,1,0.89,1.0,80,34.18
76,98.14,6.53,0,0.13,1.0,50,155.96
15,82.26,19.18,2,0.8,1.0,30,44.49
55,102.29,17.69,2,0.21,1.0,110,36.91
15,58.48,19.33,2,0.53,1.0,110,22.55
15,62.59,3.53,2,0.88,1.0,30,64.32
62,90.7,21.44,1,0.52,1.5,80,123.94
55,84.39,16.9,2,0.22,1.0,80,46.48
68,91.47,3.97,1,0.89,1.0,50,151.15
76,53.69,10.34,2,0.96,1.2,80,117.51
68,47.6,22.89,2,0.45,1.0,110,93.83
15,50.46,16.03,2,0.78,1.2,110,34.13
68,99.76,13.74,2,0.8,1.0,50,95.22
84,52.88,6.67,2,0.69,1.5,110,156.52
62,78.85,10.02,2,0.12,1.0,110,50.56
76,49.13,4.06,2,1.0,1.2,80,202.98
62,88.82,6.73,0,0.69,1.0,110,82.2
84,74.32,12.5,2,0.23,1.2,110,86.13
15,109.79,18.93,2,0.49,1.5,110,22.62
62,95.12,4.42,2,0.4,1.0,50,131.39
84,81.01,23.89,2,0.41,1.2,80,82.85
68,94.67,3.86,2,0.17,1.5,80,131.22
15,41.83,22.89,2,0.74,1.0,50,34.52
15,109.0,9.73,1,0.63,1.0,110,25.82
55,42.88,20.57,1,0.33,1.0,110,134.41
76,51.83,24.08,2,0.58,1.5,80,142.38
84,73.71,19.46,2,0.44,1.0,80,75.06
84,109.72,6.69,2,0.29,1.0,80,70.43
84,48.13,9.49,2,0.28,1.0,110,110.18
55,72.8,2.49,2,0.38,1.5,110,123.01
76,61.57,8.43,2,0.57,1.0,110,85.75
76,88.5,15.74,2,0.32,1.0,50,98.05
84,57.88,8.47,2,0.93,1.5,50,168.03
15,85.88,20.99,2,0.12,1.2,110,15.26
55,48.13,4.0,1,0.55,1.0,50,126.2
68,87.77,17.2,2,0.31,1.0,110,51.85
15,105.52,14.56,2,0.11,1.0,110,13.65
55,103.95,16.3,2,0.71,1.5,110,57.01
55,94.24,24.32,2,0.33,1.0,50,71.96
15,41.61,11.41,2,0.89,1.0,110,36.4
62,60.15,9.8,1,0.57,1.0,80,113.04
15,52.64,7.89,1,0.47,1.0,50,38.32
84,82.19,9.15,2,0.83,1.2,110,88.27
84,54.9,23.51,2,0.28,1.0,30,174.65
84,84.35,18.81,2,0.11,1.0,30,172.38
55,108.77,11.22,2,0.41,1.0,110,39.42
68,94.63,24.54,2,0.94,1.2,80,76.62
62,78.22,18.26,2,0.34,1.0,50,81.53
55,72.2,14.78,2,0.16,1.0,110,49.42
76,53.69,10.63,2,0.56,1.0,110,95.52
55,64.41,15.9,2,0.59,1.0,110,62.77
76,95.55,10.61,1,0.93,1.0,80,110.86
15,71.68,10.35,0,0.89,1.2,110,40.75
84,52.44,20.15,1,0.28,1.0,110,165.14
55,73.43,24.49,2,0.82,1.0,80,59.28
68,109.86,22.37,2,0.51,1.0,110,46.87
68,42.41,20.02,1,0.9,1.0,110,176.32
76,42.87,15.46,2,0.53,1.5,110,170.05
76,94.94,20.11,1,0.84,1.0,50,166.01
68,108.4,5.07,2,0.77,1.5,110,70.96
84,91.77,6.14,2,0.63,1.0,80,74.12
15,80.05,22.52,2,0.27,1.0,110,16.94
84,68.56,14.26,2,0.13,1.5,110,113.52
84,92.19,7.67,2,0.92,1.0,110,73.19
62,67.57,21.2,2,0.55,1.0,110,65.08
68,44.15,11.87,2,0.57,1.2,30,173.67
76,73.97,23.01,2,0.24,1.2,30,186.11
68,78.77,5.33,1,0.58,1.0,110,97.77
55,108.13,18.79,2,0.93,1.2,80,65.11
15,82.38,21.96,2,0.75,1.0,110,23.65
55,82.15,16.71,2,0.82,1.0,80,56.21
55,71.7,21.95,0,0.43,1.0,80,84.32
62,44.38,21.2,1,0.41,1.0,110,147.01
55,59.48,17.96,1,0.96,1.0,50,127.58
76,105.01,17.9,0,0.4,1.5,110,117.8
68,86.67,16.52,2,0.61,1.2,110,68.26
55,90.49,23.58,0,0.54,1.0,110,71.54
76,71.25,20.55,2,0.37,1.0,50,99.15
84,40.85,22.03,2,0.22,1.2,110,155.57
55,93.44,5.94,0,0.51,1.0,80,79.03
84,91.63,3.23,2,0.56,1.0,110,102.97
55,99.17,8.67,2,0.24,1.2,110,48.17
76,51.62,9.79,2,0.16,1.0,110,95.18
15,59.2,16.59,2,0.43,1.0,30,39.56
55,81.0,23.45,2,0.99,1.0,110,56.83
55,40.2,10.47,1,0.49,1.0,50,145.8
68,57.34,14.39,2,0.95,1.0,110,86.06
76,89.14,20.45,2,0.72,1.0,80,70.28
55,80.32,14.06,0,0.7,1.0,110,80.77
62,75.02,15.12,1,0.72,1.0,50,136.26
15,45.22,18.55,1,0.78,1.0,110,48.36
68,49.91,15.49,0,0.47,1.5,110,213.62
68,57.79,9.56,2,0.49,1.0,50,91.98
15,74.96,12.78,2,0.13,1.0,110,14.41
68,79.81,6.38,2,0.54,1.0,80,59.59
84,70.53,12.02,2,0.21,1.0,110,76.16
55,47.76,3.46,1,0.28,1.2,110,143.83
76,98.36,22.78,0,0.21,1.0,110,81.91
62,44.47,15.79,2,0.92,1.0,110,99.29
84,54.85,24.83,2,0.1,1.0,50,103.98
84,80.48,2.89,1,0.29,1.0,80,110.68
62,48.29,2.24,2,0.36,1.0,50,136.27
15,105.24,16.59,2,0.83,1.0,110,23.96
84,49.14,22.01,2,0.22,1.0,110,107.31
55,54.97,11.48,2,0.95,1.0,80,74.94
76,88.14,13.75,1,0.78,1.0,110,98.31
84,82.06,16.72,2,0.22,1.0,80,67.36
76,74.7,20.97,1,0.54,1.0,30,262.51
84,95.79,23.49,0,0.88,1.2,110,118.5
68,82.1,23.78,1,0.98,1.0,110,98.7
76,51.85,15.6,1,0.69,1.0,50,165.14
55,48.4,9.67,2,0.83,1.0,110,81.68
55,100.65,21.38,2,0.83,1.2,80,63.85
76,48.99,23.05,2,0.8,1.0,110,107.63
55,107.73,22.48,1,0.3,1.2,50,137.25
68,76.25,18.21,2,0.66,1.0,110,66.14
15,91.16,4.95,2,0.59,1.0,50,39.9
55,86.84,24.2,0,0.14,1.0,110,65.83
62,83.55,22.79,2,0.86,1.0,80,59.55
84,81.89,15.75,2,0.21,1.2,110,77.1
15,62.69,19.42,1,0.15,1.0,50,33.74
68,50.77,8.69,2,0.55,1.0,110,90.71
76,109.31,6.84,1,0.86,1.0,110,84.05
84,70.41,23.91,2,0.65,1.0,50,112.52
68,73.93,13.65,2,0.32,1.0,110,60.84
62,46.81,8.67,2,0.58,1.0,110,92.69
55,63.25,2.76,2,0.65,1.0,110,98.24
62,56.63,22.8,1,0.37,1.0,50,131.16
15,68.42,18.46,2,0.6,1.0,110,24.37
84,109.82,12.32,2,0.76,1.2,50,135.14
55,101.04,17.09,2,0.35,1.0,110,40.7
15,44.67,16.43,2,0.37,1.0,110,28.89
84,68.19,12.19,2,0.4,1.2,110,96.53
55,81.55,5.46,2,0.82,1.0,110,52.64
15,102.91,18.21,1,0.76,1.0,110,26.78
76,91.88,11.81,1,0.66,1.2,110,110.74
84,86.75,2.45,2,0.32,1.2,110,122.26
55,40.79,6.53,2,0.67,1.0,110,92.54
15,40.36,14.04,2,0.47,1.0,80,30.6
62,50.91,14.07,2,0.53,1.0,110,82.74
55,87.26,18.54,2,0.39,1.0,80,49.36
55,99.4,20.89,2,0.43,1.2,50,88.89
76,82.01,6.9,2,0.88,1.0,80,73.24
84,89.71,5.14,1,0.93,1.0,50,184.15
55,97.47,15.86,2,0.72,1.2,50,92.54
68,69.3,13.47,2,0.92,1.0,110,75.06
15,75.88,13.75,2,0.21,1.0,80,16.96
68,62.3,13.17,2,0.74,1.0,110,78.67
84,50.2,19.73,2,0.61,1.0,80,110.65
68,87.35,15.72,1,0.95,1.0,30,243.85
62,55.96,3.07,1,0.46,1.0,30,215.01
84,66.72,11.45,2,0.51,1.5,30,260.86
68,101.87,11.37,2,0.34,1.0,30,143.06
76,99.72,15.41,2,0.56,1.0,110,59.25
76,52.22,11.8,1,0.38,1.2,110,181.98
68,84.68,24.97,2,0.34,1.2,50,105.68
84,82.37,6.84,2,0.31,1.5,80,99.58
76,109.78,20.75,2,0.83,1.2,110,64.07
62,49.2,11.27,2,0.44,1.0,110,82.8
55,98.49,6.16,2,0.28,1.0,80,46.12
15,105.97,17.99,1,0.2,1.2,30,65.26
55,49.8,5.38,2,0.99,1.5,80,115.23
62,97.51,23.85,2,0.79,1.0,80,61.56
55,41.55,9.01,2,0.32,1.0,80,86.35
68,46.19,13.3,2,0.89,1.0,110,103.54
76,108.75,24.95,1,0.93,1.0,80,111.52
62,70.23,24.7,2,0.32,1.0,110,58.89
84,82.87,4.69,2,0.82,1.0,110,117.69
62,53.71,11.81,2,0.5,1.0,80,79.39
62,103.12,18.44,2,0.12,1.0,80,50.16
62,70.27,22.85,2,0.21,1.0,110,59.41
76,66.41,9.49,0,0.93,1.0,80,130.85
55,72.42,20.92,2,0.88,1.2,110,68.44
84,46.97,4.44,2,0.2,1.5,110,273.71
84,88.8,19.79,1,0.35,1.2,110,121.41
62,98.48,5.63,2,0.96,1.0,110,54.26
15,67.32,7.96,2,0.46,1.0,80,21.87
55,73.81,22.14,0,0.59,1.0,50,121.31
62,56.4,2.96,1,0.29,1.2,110,137.46
84,105.71,3.5,2,0.37,1.0,80,113.9
15,51.5,12.26,2,0.88,1.0,80,32.72
55,41.61,5.27,2,0.72,1.0,80,89.87
62,82.22,24.33,2,0.49,1.0,110,54.83
55,54.81,14.41,2,0.88,1.0,110,75.55
62,101.96,15.62,2,0.36,1.5,80,77.59
55,45.37,24.3,1,0.15,1.0,50,124.98
68,73.97,12.48,1,0.67,1.5,110,149.42
76,93.34,5.98,2,0.46,1.0,30,160.98
68,88.24,4.46,1,0.75,1.2,80,115.06
84,63.52,18.9,0,0.65,1.0,110,144.45
15,49.25,16.7,2,0.43,1.2,30,45.02
15,73.41,7.31,2,0.2,1.2,110,19.67
62,70.4,13.54,1,0.34,1.5,80,138.7
68,56.66,20.43,2,0.97,1.5,80,124.42
76,104.77,2.1,2,0.29,1.2,110,96.16
76,91.56,3.41,2,0.99,1.0,50,167.99
84,52.15,22.36,2,0.89,1.2,50,136.36
84,107.73,6.4,2,0.18,1.2,110,60.91
68,84.1,4.69,2,0.41,1.0,30,234.93
15,46.48,22.94,2,0.25,1.5,80,34.41
62,59.86,12.62,1,0.71,1.0,80,116.29
76,83.48,15.5,2,0.38,1.0,30,159.01
15,45.87,12.71,1,0.9,1.0,30,65.5
68,93.77,24.32,2,0.79,1.0,110,57.85
84,100.39,14.51,2,0.29,1.2,80,83.58
76,50.28,11.02,2,0.77,1.0,110,104.43
76,51.02,12.27,2,0.73,1.0,110,102.24
84,100.19,12.67,2,0.89,1.2,80,89.76
84,60.37,4.84,2,0.65,1.2,110,178.53
76,53.57,3.64,2,0.9,1.0,30,267.63
68,57.74,6.88,1,0.19,1.0,110,123.21
62,45.82,18.96,2,0.28,1.0,30,130.89
68,91.54,2.65,2,0.43,1.0,80,92.4
15,100.91,6.59,2,0.78,1.5,110,27.97
55,40.44,8.48,2,0.96,1.0,110,97.67
62,108.57,18.8,1,0.99,1.0,80,93.99
68,90.25,22.36,2,0.54,1.0,110,56.17
62,70.4,16.95,2,0.32,1.0,110,59.04
68,44.44,2.44,2,0.68,1.0,30,239.33
76,93.71,5.67,2,0.73,1.0,110,60.92
84,74.2,16.85,1,0.91,1.2,110,149.5
55,51.51,7.26,2,0.55,1.0,110,74.75
62,92.26,3.83,2,0.26,1.0,50,130.38
68,109.43,6.06,2,0.46,1.0,80,60.48
84,105.87,11.57,2,0.81,1.0,110,62.03
84,55.52,15.46,2,0.91,1.2,110,125.42
62,60.83,23.7,2,0.89,1.0,110,75.75
55,44.8,6.89,2,0.48,1.0,110,84.19
62,93.0,10.57,2,0.15,1.0,110,43.88
62,97.63,21.54,2,0.47,1.0,110,47.35
62,46.12,24.71,2,0.25,1.0,110,86.6
15,103.42,19.78,2,0.5,1.2,80,24.05
84,46.51,12.64,0,0.21,1.0,80,185.46
84,66.12,18.13,2,0.42,1.0,110,81.35
15,43.09,16.05,2,0.63,1.0,110,33.94
62,49.17,16.05,2,0.17,1.0,80,80.2
84,48.21,8.81,2,0.71,1.5,110,170.02
84,83.13,20.46,2,0.76,1.0,110,74.54
76,89.86,8.37,2,0.85,1.0,30,167.46
62,43.61,21.81,2,0.46,1.5,110,135.74
68,68.42,7.81,2,0.91,1.0,110,76.56
62,42.29,15.09,2,0.72,1.0,50,99.63
62,98.09,2.26,1,0.29,1.0,110,69.23
15,55.83,6.12,0,0.84,1.0,30,63.93
76,51.91,11.19,2,0.32,1.2,80,111.89
15,77.19,21.02,0,0.33,1.0,110,25.23
76,54.59,24.83,2,0.35,1.0,50,99.15
15,104.89,21.22,1,0.4,1.0,110,23.51
15,86.51,2.66,1,0.21,1.0,110,23.32
68,81.4,15.29,1,0.66,1.0,110,97.62
55,104.29,2.15,1,0.91,1.0,110,68.57
76,92.21,7.03,1,0.51,1.0,110,92.98
62,69.64,14.9,1,0.46,1.0,110,98.53
76,102.61,24.84,1,0.25,1.5,80,150.28
15,98.81,6.31,2,0.76,1.0,110,22.5
15,95.58,7.82,2,0.16,1.0,80,14.02
84,80.65,22.34,2,0.23,1.0,110,68.17
76,84.77,6.38,2,0.49,1.0,110,63.26
55,56.13,19.52,1,0.2,1.0,50,115.63
84,100.69,14.02,1,0.91,1.0,30,295.08
62,43.97,16.2,2,0.38,1.0,110,89.45
76,109.22,21.59,2,0.5,1.0,80,66.87
62,55.86,16.99,1,0.31,1.5,110,173.14
15,75.37,12.96,2,0.38,1.0,110,19.64
62,43.34,14.78,1,0.34,1.2,110,178.77
62,53.18,12.33,2,0.65,1.5,50,123.32
55,70.28,11.29,2,0.87,1.2,110,69.54
76,73.16,11.14,2,0.74,1.0,50,105.01
15,64.5,10.72,2,0.72,1.2,80,30.46
15,90.06,3.47,2,0.13,1.0,30,52.91
15,47.3,4.3,2,0.38,1.0,80,40.99
55,80.96,5.49,0,0.18,1.0,80,72.48
68,96.86,10.75,2,0.49,1.0,80,59.33
62,109.76,20.84,2,0.27,1.2,80,61.93
68,42.98,20.55,1,0.79,1.0,80,174.3
68,78.13,15.02,2,0.76,1.2,30,178.66
55,77.83,19.81,0,0.61,1.0,110,81.29
76,82.19,19.13,2,0.44,1.0,110,63.07
15,98.62,24.72,2,0.1,1.2,110,14.04
68,108.16,6.0,2,0.53,1.0,110,47.27
84,51.43,18.25,2,0.93,1.0,110,114.55
55,60.56,19.47,1,0.38,1.2,110,116.24
55,77.85,16.37,2,0.31,1.0,110,50.37
68,53.41,20.74,2,0.77,1.0,110,88.82
84,51.63,21.04,2,0.5,1.0,110,107.51
62,70.26,9.08,1,0.78,1.0,110,102.7
55,59.67,14.96,1,0.14,1.0,80,94.9
84,44.87,8.7,1,0.53,1.2,110,232.37
55,43.66,18.67,2,0.94,1.0,110,91.87
15,53.46,13.44,2,0.32,1.0,80,22.0
55,98.4,19.93,0,0.66,1.0,110,66.63
62,98.99,12.83,2,0.18,1.0,110,42.7
68,67.1,14.2,1,0.93,1.0,50,152.51
76,83.05,21.5,2,0.39,1.2,110,73.97
84,90.84,6.87,0,0.44,1.0,50,176.89
15,48.26,10.36,2,0.23,1.0,110,23.45
68,78.17,9.13,1,0.84,1.5,80,144.79
15,104.51,6.97,2,0.82,1.0,50,33.41
76,58.81,10.46,1,0.97,1.0,50,168.19
15,60.22,14.66,2,0.81,1.0,110,28.35
62,68.08,6.17,1,0.52,1.2,110,118.71
68,48.3,4.44,0,0.99,1.0,30,244.06
68,71.24,19.37,2,0.81,1.0,110,70.64
76,54.12,9.81,2,0.95,1.0,110,99.98
84,60.49,20.55,2,0.43,1.2,110,106.71
55,61.53,11.8,2,0.43,1.0,80,63.23
15,100.24,18.85,0,0.51,1.0,110,25.68
55,85.97,13.19,2,0.15,1.0,110,42.35
55,79.34,3.35,1,0.95,1.2,110,98.85
76,41.55,10.71,2,0.73,1.2,80,143.97
55,50.16,4.35,2,0.44,1.0,80,117.49
55,66.38,7.64,2,0.58,1.0,110,61.08
84,45.05,14.16,2,0.47,1.0,110,120.98
55,93.01,3.1,2,0.87,1.5,50,180.29
55,99.16,13.55,2,0.21,1.0,30,114.72
76,63.91,19.5,1,0.58,1.2,80,154.1
62,49.49,4.33,1,0.91,1.0,110,140.99
15,40.79,15.43,2,0.73,1.0,110,33.89
76,75.97,15.89,2,0.75,1.0,50,103.94
68,55.06,22.7,2,0.36,1.0,110,79.85
15,98.31,19.75,1,0.58,1.5,110,31.9
15,60.76,23.1,2,0.56,1.2,110,27.77
15,76.48,3.21,2,0.65,1.2,50,46.88
55,58.62,17.37,2,0.47,1.0,110,65.31
68,91.01,15.04,1,0.46,1.0,110,84.2
76,47.19,23.1,2,0.41,1.0,110,103.72
68,43.17,13.75,2,0.95,1.2,30,179.32
55,104.25,22.88,2,0.44,1.0,110,38.9
84,96.79,16.31,1,0.86,1.2,110,120.03
15,105.7,12.05,2,0.71,1.0,80,24.45
68,73.08,8.52,2,0.18,1.0,30,140.36
62,67.41,2.16,1,0.38,1.0,80,98.47
62,95.71,8.47,2,0.4,1.0,110,46.56
55,103.2,22.45,2,0.39,1.2,80,58.52
15,78.58,4.96,2,0.62,1.0,80,29.57
68,70.55,11.25,2,0.22,1.2,30,167.98
15,96.35,4.53,2,0.1,1.0,80,23.99
15,48.08,17.2,0,0.37,1.5,30,81.23
62,98.07,2.89,2,0.23,1.0,50,129.34
55,43.34,6.4,2,0.2,1.0,50,81.56
84,93.51,15.67,2,0.58,1.0,80,72.22
15,58.71,14.48,1,0.17,1.0,80,30.57
68,66.33,14.17,1,0.12,1.0,110,105.19
76,93.68,5.76,2,0.13,1.0,80,62.16
15,70.87,15.55,2,0.23,1.0,110,18.37
68,61.15,9.7,1,0.95,1.0,80,127.35
84,106.79,17.09,1,0.5,1.5,110,126.44
68,44.94,3.92,2,0.24,1.0,80,156.58
62,79.62,11.28,0,0.4,1.0,110,86.6
84,86.91,15.89,1,0.22,1.5,80,162.86
68,93.15,4.21,2,0.53,1.0,80,96.91
84,106.82,10.71,0,0.27,1.5,110,121.27
55,100.89,13.33,2,0.83,1.5,50,114.28
76,94.58,8.56,0,0.62,1.0,110,90.09
76,51.79,17.17,2,0.21,1.0,80,92.78
15,65.53,22.88,2,0.57,1.0,110,24.76
62,52.49,4.15,2,0.98,1.2,110,160.84
55,89.08,20.9,2,0.64,1.0,80,52.57
76,46.49,19.5,2,0.69,1.2,110,131.25
84,42.63,2.96,1,0.84,1.0,110,211.31
68,62.58,21.69,2,0.65,1.5,80,108.62
15,73.59,23.99,2,0.65,1.0,110,23.84
68,65.18,9.0,2,0.12,1.2,110,79.05
68,48.4,11.59,2,0.38,1.0,30,144.4
55,102.05,4.31,1,0.12,1.2,80,86.21
84,85.89,11.41,1,0.22,1.2,110,123.43
68,99.87,23.76,2,0.98,1.0,50,96.45
76,41.58,15.3,2,0.76,1.0,30,167.16
76,96.68,12.51,0,0.79,1.0,110,92.33
84,80.51,7.15,2,0.41,1.0,110,69.64
62,47.75,24.96,1,0.19,1.0,110,133.72
62,94.39,3.61,2,0.5,1.0,80,86.59
68,55.7,16.7,0,0.28,1.0,110,129.13
62,68.24,4.99,1,0.75,1.0,110,102.98
76,94.19,10.92,0,0.13,1.0,80,99.6
84,91.47,16.85,2,0.85,1.5,80,110.98
55,95.58,8.19,2,0.32,1.0,110,42.43
55,71.12,24.82,2,0.53,1.0,30,119.83
55,56.17,8.8,0,0.41,1.2,30,227.95
76,67.89,21.38,1,0.19,1.0,110,117.41
76,83.02,11.62,1,0.1,1.5,110,140.76
62,96.09,6.28,2,0.69,1.0,110,50.52
55,52.63,5.33,2,0.34,1.0,50,71.46
84,91.05,6.51,0,0.87,1.0,50,183.22
62,65.2,18.64,1,0.28,1.0,80,101.49
62,46.63,5.6,0,0.46,1.5,50,206.35
76,97.4,22.14,2,0.52,1.0,80,66.52
62,42.16,10.8,2,0.94,1.0,110,105.47
15,66.88,17.03,2,0.88,1.0,110,29.69
15,96.87,3.44,1,0.95,1.2,110,35.83
84,85.59,12.88,2,0.41,1.0,110,69.62
76,106.35,2.37,2,0.97,1.2,110,102.86
62,62.33,21.32,2,0.67,1.0,80,72.14
62,51.32,7.75,2,0.46,1.0,50,83.07
68,79.85,5.72,2,0.74,1.0,50,95.08
76,96.33,8.06,2,0.85,1.2,30,196.8
76,73.51,15.04,2,0.73,1.0,80,75.71
68,99.63,24.56,2,0.25,1.0,110,45.17
68,46.08,6.83,2,0.73,1.0,80,101.0
76,73.38,4.45,1,0.37,1.0,80,110.5
76,105.81,21.31,2,0.6,1.2,30,191.08
76,88.28,21.21,2,0.14,1.0,110,56.48
55,42.43,11.61,1,0.19,1.2,110,160.45
84,41.39,15.47,1,0.89,1.0,110,218.31
68,42.81,14.35,2,0.14,1.2,30,164.24
76,67.46,4.71,2,0.29,1.0,50,158.22
15,88.82,14.38,1,0.22,1.0,110,22.19
68,104.25,10.51,2,0.65,1.0,110,50.26
68,93.39,9.88,1,0.73,1.0,110,85.15
76,93.91,23.36,2,0.54,1.0,30,161.35
76,105.02,12.5,1,0.51,1.2,110,95.6
55,76.66,6.62,2,0.63,1.2,50,90.56
62,51.88,21.58,2,0.27,1.2,50,96.38
55,60.72,2.07,2,0.99,1.5,30,288.63
76,53.8,7.55,2,0.35,1.0,110,92.81
68,107.71,5.8,2,0.52,1.0,110,46.34
68,69.52,18.5,1,0.31,1.0,110,105.08
84,92.91,10.52,2,0.68,1.0,80,74.9
15,84.17,24.41,2,0.82,1.2,110,26.35
76,65.06,20.65,1,0.74,1.0,110,131.73
55,88.36,23.85,2,0.85,1.0,80,56.23
55,68.06,8.51,1,0.19,1.0,30,189.85
68,87.4,11.62,0,0.96,1.0,110,93.83
76,46.62,17.67,1,0.76,1.5,110,257.68
84,83.44,2.09,2,0.46,1.2,110,131.8
76,42.71,20.89,2,0.58,1.0,80,119.08
55,45.52,6.76,2,0.71,1.0,110,86.79
15,105.59,17.41,1,0.77,1.0,80,32.03
68,100.11,11.89,2,0.96,1.5,30,222.25
15,49.18,5.78,2,0.16,1.2,110,26.69
55,79.19,9.55,1,0.26,1.0,110,74.74
55,95.37,10.82,2,0.9,1.0,110,50.81
55,103.98,11.9,2,0.88,1.0,110,47.4
15,54.38,2.82,1,0.59,1.0,30,59.46
15,106.65,2.82,2,0.72,1.0,110,25.29
68,69.23,22.55,2,0.16,1.2,80,73.68
84,62.05,3.69,2,0.57,1.0,80,145.46
76,85.31,6.72,2,0.23,1.0,80,62.27
68,74.36,11.95,2,0.37,1.0,110,61.73
84,57.93,9.99,1,0.58,1.5,110,229.41
55,108.8,3.13,1,0.85,1.0,30,197.75
84,108.92,7.84,2,0.23,1.0,110,51.75
62,40.86,17.95,1,0.46,1.0,110,160.97
68,108.87,22.36,2,0.89,1.0,110,53.42
55,87.67,15.57,2,0.46,1.2,30,141.84
76,61.33,7.74,2,0.24,1.0,110,80.89
68,53.11,5.64,2,0.71,1.0,30,149.24
62,85.43,11.91,1,0.4,1.0,80,85.77
15,50.17,13.76,2,0.59,1.2,110,32.36
68,43.87,18.31,1,0.49,1.0,50,164.7
62,79.76,12.63,0,0.18,1.0,30,212.98
76,84.91,18.18,1,0.74,1.5,110,148.07
84,73.92,12.55,2,0.34,1.0,110,74.42
15,56.22,13.29,2,0.45,1.2,110,28.12
76,89.83,2.33,2,0.74,1.0,110,98.85
62,74.16,3.04,1,0.68,1.0,110,94.75
68,88.3,20.62,1,0.77,1.0,110,90.57
62,87.28,9.67,2,0.45,1.0,110,50.18
55,87.22,7.41,1,0.67,1.0,80,80.72
62,86.72,7.29,1,0.22,1.0,110,79.09
15,63.16,14.08,1,0.97,1.0,110,39.08
68,49.71,14.84,0,0.94,1.0,80,152.43
76,96.39,12.6,0,0.59,1.0,110,90.75
68,73.72,4.32,0,0.56,1.0,110,104.38
76,46.65,18.85,2,0.41,1.0,110,105.76
84,88.12,12.42,2,0.86,1.2,50,135.32
55,109.52,24.29,2,0.58,1.0,110,40.16
76,102.62,6.81,1,0.55,1.0,110,84.01
15,90.73,12.06,2,0.25,1.0,110,16.06
15,40.07,21.78,2,0.69,1.0,50,34.21
68,57.02,24.79,2,0.93,1.0,110,89.66
76,67.97,7.94,0,0.28,1.5,50,233.77
15,94.23,20.39,2,0.86,1.0,110,23.09
76,42.1,10.79,2,0.23,1.2,50,135.94
55,43.06,2.74,2,0.12,1.2,80,157.01
62,88.93,8.61,2,0.6,1.0,80,57.65
76,43.06,3.46,1,0.33,1.2,30,309.89
15,99.08,19.65,1,0.5,1.0,110,23.87
62,50.53,11.88,2,0.96,1.2,110,106.25
15,101.32,10.34,2,0.54,1.2,110,19.84
68,46.31,18.04,2,0.29,1.0,80,93.92
76,105.93,12.5,2,0.59,1.2,80,78.54
68,97.22,3.69,1,0.67,1.0,50,147.77
68,64.12,10.49,2,0.72,1.0,110,77.33
55,93.6,7.59,2,0.81,1.2,110,55.37
15,42.71,8.22,2,0.86,1.5,110,45.99
68,77.72,12.54,0,0.76,1.0,110,101.06
84,42.59,2.85,1,0.42,1.0,110,206.69
76,99.91,3.87,1,0.97,1.0,30,270.34
76,65.68,11.72,2,0.26,1.2,110,88.68
15,46.03,13.32,1,0.26,1.2,110,44.63
84,84.0,13.94,2,0.58,1.2,110,80.75
55,65.2,9.19,0,0.23,1.5,80,132.64
55,91.72,5.76,2,0.63,1.0,80,53.58
76,88.24,21.42,1,0.87,1.2,80,128.39
55,67.57,15.73,2,0.54,1.2,50,87.8
62,91.89,22.73,2,0.56,1.0,110,50.24
76,97.18,12.19,2,0.55,1.0,110,56.43
84,100.78,3.78,1,0.63,1.0,80,116.87
68,46.79,21.03,1,0.43,1.0,110,153.65
55,46.8,10.4,2,0.43,1.2,30,140.94
84,61.16,10.04,2,0.45,1.0,110,91.54
68,57.11,5.08,1,0.55,1.5,110,187.66
84,48.66,9.56,1,0.89,1.0,110,189.38
68,51.32,24.71,2,0.23,1.2,80,100.35
76,84.09,10.47,2,0.22,1.0,110,60.27
84,48.5,2.35,0,0.49,1.0,50,182.69
55,44.59,14.64,1,0.46,1.0,80,132.0
15,40.11,18.06,2,0.62,1.0,80,33.35
76,108.05,19.87,2,0.54,1.0,110,52.43
55,54.37,20.62,2,0.28,1.2,110,79.49
55,86.97,3.1,0,0.63,1.5,110,105.96
62,93.11,21.04,2,0.41,1.0,80,55.65
84,71.35,21.75,0,0.69,1.0,110,131.03
84,47.19,24.27,2,0.86,1.0,80,122.39
76,77.15,14.6,0,0.99,1.2,80,137.61
55,88.6,14.31,2,0.71,1.0,80,53.9
68,47.26,19.87,2,0.99,1.0,110,102.52
55,55.16,5.32,2,0.93,1.0,110,76.99
15,78.8,22.99,2,0.86,1.0,80,27.22
68,85.74,23.27,1,0.32,1.2,30,278.48
68,70.16,8.18,2,0.74,1.0,110,72.41
76,41.59,16.24,2,0.14,1.0,50,113.5
76,86.71,18.52,1,0.23,1.0,110,92.75
76,57.19,4.04,2,0.23,1.0,50,159.96
68,106.46,17.95,2,0.54,1.2,110,55.52
68,70.47,21.37,2,0.35,1.0,80,64.94
62,45.41,18.98,2,0.29,1.0,110,89.04
55,96.25,15.03,2,0.97,1.2,80,66.66
76,97.4,4.87,2,0.25,1.0,80,100.36
62,51.1,15.3,2,0.51,1.0,110,83.39
55,80.23,22.55,1,0.71,1.0,110,81.3
84,88.54,17.76,1,0.74,1.0,30,293.62
62,86.58,8.59,2,0.7,1.0,80,58.31
55,99.16,10.33,2,0.56,1.2,30,140.27
62,89.12,13.05,2,0.63,1.0,80,59.56
68,76.33,16.29,2,0.75,1.0,50,95.36
76,54.59,21.97,0,0.44,1.2,110,176.39
15,77.58,3.72,2,0.86,1.0,110,34.16
76,74.93,10.16,1,0.29,1.0,110,107.14
55,70.73,2.54,2,0.33,1.0,110,84.29
68,79.69,6.56,0,0.41,1.0,110,94.58
62,68.61,22.44,0,0.38,1.0,110,98.68
15,88.39,3.54,2,0.86,1.0,30,63.91
55,46.05,11.39,2,0.69,1.2,80,99.38
62,77.22,13.12,2,0.22,1.0,110,52.94
76,108.44,18.47,1,0.22,1.0,50,157.92
76,48.45,5.53,0,0.3,1.2,110,193.44
15,69.12,10.52,2,0.57,1.0,110,24.08
76,76.13,19.39,2,0.28,1.0,110,64.6
55,71.2,14.39,1,0.41,1.0,80,84.34
62,79.85,15.29,2,0.81,1.0,110,61.68
68,60.85,17.14,2,0.17,1.0,110,70.79
15,105.12,13.69,1,0.88,1.2,80,38.61
62,94.72,22.38,2,0.47,1.5,80,79.94
15,101.67,4.99,2,0.78,1.2,110,32.9
68,103.26,8.23,2,0.72,1.0,110,52.47
84,92.22,20.09,2,0.38,1.2,80,83.81
62,42.41,17.37,1,0.44,1.0,110,154.97
15,95.95,14.71,2,0.73,1.2,110,25.14
15,47.38,7.8,0,0.85,1.0,110,47.13
76,45.18,3.81,2,0.31,1.0,80,173.66
68,91.07,16.84,2,0.4,1.0,110,51.69
76,56.29,20.2,2,0.58,1.0,110,93.87
84,109.6,5.32,1,0.77,1.0,80,119.28
55,76.57,4.54,2,0.36,1.5,30,281.24
76,40.87,17.12,2,0.9,1.0,110,127.25
84,53.83,5.83,2,0.25,1.0,80,98.35
68,44.7,5.02,2,0.29,1.2,30,168.89
84,88.04,18.44,2,0.92,1.0,110,73.29
84,54.19,2.81,0,0.63,1.0,110,166.14
84,60.28,8.72,2,0.27,1.0,50,107.11
15,94.47,7.01,2,0.58,1.0,80,22.85
15,59.51,3.36,1,0.66,1.2,110,42.67
84,92.86,11.68,2,0.78,1.0,30,181.5
76,83.06,4.7,2,0.31,1.2,110,116.68
55,43.25,14.58,1,0.55,1.0,50,136.1
68,100.16,2.68,2,0.1,1.0,110,71.71
84,99.75,17.2,1,0.1,1.5,110,128.88
55,82.08,12.91,2,0.47,1.0,110,47.25
76,49.65,24.5,2,0.52,1.0,110,102.3
62,66.15,13.41,2,0.25,1.0,80,62.99
68,99.49,12.4,2,0.94,1.5,30,218.86
76,87.07,8.78,1,0.12,1.0,110,91.01
68,77.96,23.74,2,0.45,1.0,110,59.83
76,74.81,7.67,2,0.48,1.5,30,235.73
76,56.53,6.88,2,0.17,1.0,110,86.59
76,45.15,2.26,2,0.22,1.0,30,258.37
84,41.27,23.47,0,0.91,1.0,80,219.09
55,58.5,6.95,2,0.87,1.0,50,82.19
68,40.35,15.35,2,0.86,1.0,110,116.08
62,62.64,10.27,2,0.67,1.0,110,70.9
15,69.94,20.23,2,0.74,1.0,110,26.13
76,61.76,24.29,2,0.33,1.2,80,95.1
55,69.97,24.79,2,0.4,1.0,80,56.26
15,60.78,5.73,2,0.17,1.0,110,20.25
84,100.32,18.64,1,0.53,1.5,50,262.23
68,87.75,21.8,1,0.66,1.2,30,283.54
84,91.48,23.08,1,0.3,1.0,110,97.07
84,69.17,7.92,1,0.32,1.0,110,129.44
84,73.94,24.36,1,0.2,1.0,110,119.35
15,57.54,6.01,2,0.17,1.0,80,19.73
84,91.01,2.84,1,0.68,1.5,80,171.53
15,47.9,7.14,2,0.39,1.0,110,27.44
76,43.09,13.67,1,0.75,1.0,110,190.24
76,58.58,18.44,2,0.85,1.2,80,109.33
76,53.96,19.01,2,0.81,1.0,110,97.36
76,95.29,19.51,0,0.27,1.0,110,85.2
62,46.77,12.14,0,0.83,1.2,110,172.55
84,89.37,5.88,2,0.18,1.0,80,67.86
68,73.63,21.68,1,0.25,1.0,110,96.56
84,48.85,16.77,2,0.12,1.5,80,158.04
76,104.92,2.99,2,0.67,1.0,110,84.45
62,47.95,21.31,1,0.39,1.0,80,137.4
84,43.17,2.9,2,0.55,1.5,80,302.3
76,86.1,12.95,1,0.18,1.0,110,95.62
62,40.66,19.11,0,0.17,1.2,110,188.17
84,60.08,18.4,2,0.37,1.0,80,90.27
55,74.03,4.33,0,0.1,1.0,50,113.82
84,71.81,11.72,1,0.97,1.0,110,132.4
84,94.43,24.69,2,0.45,1.2,80,84.69
55,40.16,10.53,2,0.71,1.5,50,134.91
55,85.66,10.23,2,0.29,1.2,80,54.98
68,59.19,11.34,2,0.1,1.0,110,72.92
76,92.07,6.7,2,0.58,1.0,110,60.12
68,43.36,5.13,2,0.39,1.0,110,103.02
55,82.94,4.56,1,0.38,1.2,110,86.43
84,83.9,13.08,1,0.7,1.0,80,116.44
62,92.82,16.75,0,0.51,1.0,80,85.69
15,40.52,10.42,2,0.33,1.0,110,28.14
55,40.63,20.96,2,0.13,1.0,110,86.75
55,93.74,3.8,2,0.39,1.0,110,66.5
68,86.63,9.92,1,0.67,1.0,110,89.24
55,48.16,16.58,2,0.52,1.2,110,92.39
15,40.19,9.77,2,0.99,1.5,30,61.3
76,82.83,4.05,1,0.67,1.2,50,194.38
55,43.5,20.74,2,0.22,1.0,30,113.64
55,85.25,4.53,2,0.73,1.2,110,90.99
62,43.6,3.63,0,0.88,1.2,110,186.09
15,90.07,6.26,2,0.95,1.2,110,27.89
55,106.0,19.12,2,0.11,1.0,110,33.7
62,84.28,17.22,2,0.69,1.2,110,65.94
68,72.22,3.44,2,0.29,1.2,110,118.55
84,65.32,8.39,2,0.34,1.5,80,123.74
15,55.9,9.19,1,0.43,1.0,110,34.67
84,68.44,17.0,0,0.5,1.0,80,131.21
76,67.79,8.19,2,0.14,1.2,110,84.4
76,66.41,6.81,2,0.23,1.0,50,96.06
84,66.31,5.66,1,0.55,1.0,80,134.72
68,40.63,5.47,2,0.83,1.0,110,114.5
62,42.42,4.44,0,0.71,1.0,80,158.63
68,49.6,15.15,0,0.72,1.0,110,149.07
76,64.85,17.34,1,0.53,1.0,80,126.95
55,42.19,8.23,2,0.51,1.0,110,88.33
76,105.09,3.64,2,0.61,1.0,50,162.33
55,52.95,18.1,2,0.38,1.0,110,69.29
15,109.69,12.96,2,0.58,1.2,80,24.92
76,54.54,12.96,2,0.22,1.2,110,107.89
55,54.53,4.52,1,0.25,1.2,110,126.61
62,63.61,15.25,2,0.91,1.0,80,73.01
15,78.73,3.27,2,0.52,1.0,110,29.67
68,97.14,23.94,2,0.95,1.2,50,112.39
76,53.57,9.41,2,0.83,1.0,110,98.97
84,63.85,14.28,2,0.49,1.0,30,176.93
68,53.83,15.7,2,0.41,1.2,110,99.34
84,97.38,5.92,2,0.99,1.0,80,80.54
76,90.89,21.02,0,0.95,1.0,110,99.01
55,84.64,13.62,1,0.72,1.0,50,121.61
76,56.82,20.53,2,0.78,1.0,110,93.1
84,59.83,14.06,1,0.97,1.0,110,156.37
84,70.52,12.81,2,0.75,1.0,110,83.68
55,68.79,10.33,2,0.55,1.0,110,59.89
76,51.07,18.29,0,0.75,1.0,110,161.81
62,64.54,21.66,2,0.9,1.0,110,73.16
55,74.51,3.54,2,0.71,1.5,50,177.52
68,81.56,19.85,0,0.18,1.5,110,129.67
84,60.29,9.9,2,0.3,1.0,110,90.42
68,76.62,4.62,2,0.17,1.0,80,93.63
55,40.07,8.3,2,0.93,1.0,80,98.36
62,41.1,5.39,2,0.39,1.5,110,143.54
15,53.5,5.47,2,0.46,1.0,110,26.75
76,74.1,3.59,2,0.22,1.5,30,385.04
62,75.66,18.28,2,0.24,1.0,110,56.56
15,64.86,23.99,2,0.63,1.0,110,25.09
76,47.92,2.83,2,0.66,1.0,110,171.11
62,95.9,18.86,2,0.7,1.2,110,59.27
84,58.5,3.03,2,0.74,1.0,50,181.27
68,107.55,2.27,2,0.13,1.2,110,79.29
15,77.47,3.63,2,0.76,1.0,110,33.16
62,104.39,10.06,1,0.37,1.0,110,68.0
68,81.06,4.4,2,0.34,1.0,110,92.47
84,94.17,15.22,2,0.68,1.0,80,73.69
84,74.25,9.7,2,0.22,1.5,110,105.98
15,79.34,22.87,2,0.68,1.2,110,26.15
55,108.57,6.96,1,0.21,1.5,80,107.13
76,70.71,16.32,1,0.73,1.0,110,119.49
15,73.12,7.77,1,0.82,1.2,50,49.11
55,80.97,10.36,1,0.2,1.0,80,73.52
15,106.47,7.9,1,0.51,1.0,110,24.09
15,73.47,18.89,2,0.26,1.2,50,27.99
76,103.35,9.51,2,0.5,1.0,80,64.84
84,70.59,23.73,2,0.33,1.2,110,92.07
68,104.96,24.13,2,0.97,1.0,110,53.47
62,75.99,22.64,1,0.4,1.0,110,87.87
84,73.01,17.36,2,0.83,1.0,110,82.41
68,84.93,3.29,2,0.31,1.0,30,234.97
76,80.04,6.79,2,0.53,1.0,50,100.86
62,64.7,17.62,2,0.56,1.0,80,67.79
68,85.81,4.85,1,0.36,1.0,80,93.73
55,82.69,19.07,2,0.19,1.0,80,45.99
84,104.98,2.4,0,0.24,1.0,110,85.43
84,68.52,12.72,2,0.66,1.0,80,85.94
15,61.5,5.03,2,0.61,1.2,110,30.11
84,102.79,12.16,2,0.12,1.0,110,53.15
15,41.19,12.92,0,0.77,1.0,110,48.94
68,105.85,15.3,2,0.61,1.0,110,49.63
62,56.41,22.2,2,0.69,1.0,110,75.71
62,105.28,20.29,1,0.81,1.0,110,72.13
62,86.73,3.65,2,0.74,1.0,80,92.55
76,73.88,6.49,1,0.92,1.0,110,118.54
15,101.18,15.46,2,0.8,1.2,110,25.04
62,63.46,3.83,2,0.99,1.0,80,115.07
68,105.07,2.05,2,0.85,1.5,50,218.63
15,96.57,20.82,2,0.3,1.0,50,26.04
55,58.52,9.91,2,0.9,1.0,110,72.21
68,72.51,21.67,2,0.89,1.0,110,69.67
84,65.02,20.55,0,0.18,1.0,80,134.6
15,94.85,14.12,1,0.81,1.0,50,44.7
68,83.9,7.58,2,0.74,1.2,80,74.23
76,83.79,3.23,1,0.33,1.0,30,260.57
15,81.41,24.81,2,0.71,1.0,110,23.06
68,108.53,24.64,2,0.78,1.0,110,50.27
55,66.79,23.08,2,0.22,1.0,110,53.8
55,60.43,13.34,0,0.94,1.0,80,107.51
76,75.31,8.5,2,0.86,1.0,80,75.4
76,82.78,8.93,2,0.55,1.0,80,65.86
84,42.11,19.75,2,0.99,1.0,80,136.57
68,108.87,19.4,2,0.61,1.0,110,50.25
68,105.76,9.0,2,0.47,1.0,80,59.99
76,109.19,7.56,2,0.45,1.0,110,50.88
84,101.11,19.52,1,0.4,1.0,110,91.26
68,101.82,22.7,1,0.79,1.0,110,80.63
68,42.22,24.16,2,0.73,1.0,50,110.03
55,82.77,15.12,2,0.32,1.2,80,55.19
84,41.63,2.45,2,0.93,1.2,110,260.43
62,79.56,11.02,2,0.1,1.0,110,50.97
76,65.09,17.49,2,0.28,1.0,50,97.86
84,90.47,17.59,1,0.55,1.0,110,103.51
55,90.85,11.75,2,0.55,1.2,110,52.76
84,91.33,21.6,1,0.2,1.0,110,96.76
68,53.24,13.0,2,0.96,1.5,30,220.55
55,92.18,24.28,2,0.57,1.5,110,63.54
68,93.45,3.39,0,0.74,1.5,50,216.72
62,94.21,15.36,2,0.13,1.5,80,72.7
15,106.28,15.93,2,0.39,1.5,110,21.55
15,53.81,22.13,2,0.96,1.0,80,32.94
68,76.86,22.97,2,0.36,1.0,80,61.73
15,76.45,13.1,0,0.58,1.0,80,29.42
55,102.38,11.78,0,0.96,1.0,110,70.64
76,85.31,4.88,2,0.62,1.0,110,99.95
62,89.25,4.5,2,0.44,1.0,110,77.27
76,75.87,6.08,1,0.86,1.2,110,135.12
76,71.03,6.36,2,0.43,1.0,30,161.65
68,97.6,6.45,2,0.64,1.0,110,54.02
15,80.18,23.59,2,0.9,1.0,110,26.87
76,108.16,6.47,2,0.34,1.0,80,65.17
76,77.04,12.2,2,0.29,1.0,110,64.9
55,100.37,14.68,2,0.81,1.2,110,53.3
55,95.3,5.1,2,0.3,1.0,110,40.36
15,66.11,11.46,0,0.57,1.0,110,32.91
15,89.14,20.18,2,0.1,1.5,50,28.79
55,99.88,12.48,2,0.18,1.5,80,66.95
76,108.99,6.28,2,0.42,1.0,50,98.11
55,78.25,23.4,2,0.36,1.0,110,50.51
68,67.06,14.27,2,0.48,1.5,110,99.83
68,74.38,3.34,2,0.76,1.0,50,150.19
62,69.13,11.24,1,0.17,1.0,110,94.01
62,49.1,22.51,2,0.81,1.0,110,89.31
62,62.85,18.66,2,0.37,1.0,50,83.28
84,89.74,19.83,2,0.36,1.0,110,65.26
62,93.98,2.91,0,0.19,1.2,110,82.69
76,74.4,2.39,2,0.11,1.0,110,106.24
76,87.54,20.66,2,0.29,1.2,110,68.36
55,85.34,16.34,2,0.7,1.0,80,53.39
84,42.2,17.36,1,0.47,1.0,50,206.27
62,95.8,19.42,2,0.56,1.0,80,57.9
68,95.68,12.76,2,0.83,1.5,80,91.03
62,58.06,7.39,2,0.22,1.0,110,68.67
62,71.68,12.46,2,0.94,1.0,110,68.28
55,51.86,11.38,2,0.34,1.2,80,83.9
76,56.25,8.68,2,0.66,1.0,110,92.84
55,61.69,6.99,1,0.25,1.2,30,226.54
84,41.03,8.75,2,0.28,1.5,30,258.58
84,106.78,20.36,2,0.86,1.0,110,61.62
62,71.97,2.06,2,0.7,1.2,80,115.77
55,103.47,20.36,2,0.91,1.0,30,124.56
15,48.01,12.1,2,0.97,1.2,110,38.54
76,92.53,5.83,2,0.25,1.0,110,53.76
62,90.13,10.05,2,0.22,1.2,110,54.03
15,75.81,6.42,1,0.72,1.0,80,32.1
15,65.21,11.35,2,0.83,1.5,110,33.82
76,76.79,9.45,1,0.13,1.2,110,122.18
62,87.43,7.04,0,0.4,1.0,80,85.82
84,74.65,24.65,0,0.26,1.2,110,140.48
68,74.56,7.88,2,0.41,1.0,80,62.24
55,106.3,15.49,2,0.65,1.0,110,42.26
76,47.23,4.08,2,0.92,1.2,110,208.95
55,51.41,15.95,2,0.15,1.0,110,68.85
68,70.06,14.82,1,0.17,1.0,80,101.3
15,105.59,10.56,2,0.55,1.0,110,20.68
68,89.32,8.61,2,0.89,1.0,110,61.93
84,68.63,11.89,2,0.11,1.2,50,124.35
84,90.43,11.49,2,0.55,1.0,80,73.72
15,100.25,9.46,2,0.72,1.0,50,31.26
62,57.94,6.89,2,0.29,1.0,50,79.73
62,57.08,7.46,2,0.12,1.2,80,83.05
62,93.04,3.51,2,0.67,1.0,110,78.92
15,42.27,3.06,2,0.36,1.0,110,41.68
84,85.89,16.09,2,0.58,1.0,50,109.35
84,87.48,18.2,0,0.35,1.5,110,150.5
62,108.75,8.27,2,0.5,1.0,110,43.5
62,74.49,18.53,2,0.6,1.0,110,59.91
76,51.16,18.38,2,0.34,1.2,80,113.84
15,79.7,13.22,2,0.9,1.0,110,27.52
15,65.51,10.44,2,0.58,1.2,50,33.45
55,51.56,3.43,2,0.19,1.0,110,111.34
62,53.88,17.41,2,0.76,1.0,110,83.49
55,40.88,17.97,2,0.21,1.0,110,86.55
62,63.1,18.63,2,0.24,1.0,30,128.47
55,53.6,19.23,2,0.2,1.0,50,72.16
62,81.7,12.46,0,0.61,1.0,50,135.45
55,93.15,16.78,2,0.55,1.0,50,76.67
84,108.82,9.68,1,0.41,1.2,80,134.36
84,54.32,21.34,2,0.44,1.0,110,100.58
15,52.56,24.87,2,0.24,1.0,80,23.44
55,70.82,6.11,0,0.64,1.0,110,89.37
68,50.22,22.16,1,0.53,1.0,110,144.02
76,81.48,8.66,1,0.18,1.0,110,97.16
15,68.53,4.14,2,0.27,1.0,110,26.08
84,76.72,8.32,1,0.68,1.0,30,292.69
68,97.25,11.03,2,0.9,1.0,110,56.93
68,88.84,19.73,2,0.86,1.0,110,61.47
76,65.97,23.57,2,0.93,1.0,110,85.71
55,106.71,20.76,2,0.93,1.0,30,125.89
84,45.76,7.24,2,0.27,1.0,50,118.26
68,107.68,16.32,2,0.52,1.0,30,146.92
62,98.48,24.52,1,0.16,1.0,110,66.92
84,87.35,8.88,2,0.86,1.0,30,183.62
84,92.15,19.42,2,0.49,1.0,110,62.76
84,99.28,10.41,2,0.4,1.2,110,68.85
76,68.51,17.87,2,0.43,1.0,110,73.93
15,99.59,15.61,0,0.87,1.2,110,33.57
62,51.12,11.04,2,0.93,1.5,50,128.64
76,72.65,21.63,2,0.15,1.0,80,65.71
84,107.48,6.41,2,0.67,1.0,110,59.27
76,91.77,6.23,1,0.37,1.2,110,107.02
68,101.64,3.29,2,0.3,1.0,80,90.4
76,71.14,7.13,0,0.15,1.0,30,258.3
15,54.57,16.07,2,0.92,1.0,110,34.17
15,100.77,4.58,1,0.55,1.0,30,59.39
55,45.01,2.4,2,0.65,1.0,30,193.97
55,69.32,15.18,1,0.75,1.0,110,91.25
76,84.84,21.61,2,0.88,1.0,80,71.98
55,44.01,16.83,0,0.65,1.0,50,136.85
55,79.91,2.73,2,0.58,1.0,110,78.24
15,59.84,14.83,2,0.6,1.2,110,29.14
84,75.39,18.44,2,0.21,1.5,110,104.26
68,102.53,8.47,1,0.46,1.2,110,88.77
76,77.92,12.93,2,0.29,1.0,30,158.93
15,98.31,13.39,2,0.29,1.0,80,17.42
15,105.22,5.15,2,0.65,1.2,110,20.93
62,76.5,18.33,2,0.68,1.0,110,61.44
15,104.09,24.18,2,0.8,1.0,110,21.64
84,64.03,7.91,2,0.34,1.0,50,105.4
76,94.01,13.77,2,0.47,1.2,110,67.24
68,106.93,12.03,2,0.82,1.2,110,59.16
76,76.77,6.92,2,0.91,1.0,50,106.87
55,50.93,17.49,1,0.75,1.0,50,124.28
15,43.48,8.3,2,0.34,1.0,110,29.31
68,51.19,7.08,2,0.86,1.0,50,96.62
76,94.59,14.36,2,0.95,1.5,110,87.93
84,79.44,6.36,0,0.75,1.0,50,182.05
84,96.91,12.55,1,0.89,1.2,110,119.43
15,82.89,14.25,1,0.66,1.0,30,60.44
76,76.83,15.99,2,0.71,1.0,110,69.33
68,78.15,23.51,2,0.94,1.0,110,69.36
62,67.29,14.69,0,0.45,1.0,110,101.4
84,59.98,2.23,2,0.69,1.0,80,153.67
62,59.23,3.3,2,0.95,1.0,110,119.95
15,47.71,7.08,2,0.79,1.0,30,43.27
55,85.98,18.34,1,0.75,1.0,110,77.27
62,60.01,21.14,2,0.76,1.0,110,73.82
68,102.79,17.96,2,0.46,1.0,30,145.0
84,109.34,16.29,1,0.49,1.0,50,177.74
84,43.8,4.76,2,0.89,1.0,110,208.14
62,99.06,18.61,2,0.75,1.5,50,124.49
15,103.33,18.92,1,0.19,1.0,80,21.61
62,92.74,6.3,2,0.45,1.0,80,56.44
68,79.69,12.59,2,0.22,1.0,110,56.03
84,48.99,9.47,2,0.13,1.0,30,169.4
76,79.77,13.38,2,0.78,1.0,50,103.8
84,105.89,21.69,1,0.28,1.0,50,174.03
55,106.27,21.98,2,0.91,1.0,80,58.12
15,79.03,20.95,2,0.53,1.0,50,27.54
68,75.94,10.69,2,0.93,1.2,80,80.35
62,63.73,7.03,2,0.95,1.0,110,74.91
84,49.95,12.84,2,0.83,1.2,110,135.3
76,104.39,14.91,1,0.24,1.0,110,77.25
84,101.04,24.82,2,0.48,1.0,110,57.88
76,44.4,16.52,1,0.62,1.2,80,217.6
55,109.49,14.65,2,0.18,1.0,80,45.87
76,79.07,10.09,0,0.19,1.0,110,99.94
55,84.16,9.76,2,0.74,1.0,110,51.45
84,102.35,2.82,2,0.17,1.0,110,85.29
76,64.09,7.2,1,0.63,1.0,80,130.05
15,47.65,12.93,2,0.37,1.2,110,30.34
68,108.25,10.42,2,0.55,1.0,50,92.63
55,75.08,18.05,2,0.52,1.0,110,54.37
68,104.15,10.39,0,0.17,1.0,50,140.39
76,58.86,20.46,0,0.93,1.0,110,146.68
15,101.36,18.56,2,0.29,1.0,50,24.45
76,68.25,3.97,2,0.41,1.2,110,141.49
68,55.49,22.05,2,0.14,1.0,110,79.04
68,92.77,12.43,2,0.97,1.0,30,152.86
55,60.24,24.03,2,0.88,1.0,80,69.5
68,108.18,22.5,0,0.66,1.0,80,98.2
84,106.02,23.9,1,0.28,1.5,110,124.13
55,71.18,9.84,2,0.25,1.5,110,76.58
68,64.18,15.1,1,0.16,1.0,50,140.04
68,41.36,7.37,1,0.37,1.5,110,255.79
55,66.78,6.14,0,0.96,1.2,80,114.47
84,59.23,6.83,1,0.82,1.0,110,155.45
68,57.58,9.88,1,0.63,1.5,110,190.6
84,42.18,9.08,2,0.34,1.0,50,127.35
15,89.29,7.47,2,0.28,1.0,80,18.8
15,62.98,10.85,2,0.6,1.2,80,28.08
68,104.44,11.8,2,0.27,1.0,110,45.6
62,75.54,14.24,1,0.82,1.2,110,112.77
76,97.96,5.85,1,0.93,1.2,110,110.86
84,69.66,19.45,2,0.46,1.0,50,109.22
76,96.26,23.02,2,0.67,1.0,50,102.43
15,89.3,14.85,2,0.48,1.2,50,29.65
15,45.36,14.6,1,0.51,1.0,110,42.1
15,45.48,3.42,2,0.33,1.0,110,39.0
62,67.0,3.52,2,0.26,1.0,80,98.88
55,62.2,24.97,1,0.19,1.2,50,135.78
84,86.91,17.41,2,0.66,1.2,110,81.5
15,101.82,13.61,2,0.37,1.0,30,37.67
15,41.52,5.45,1,0.13,1.2,80,46.68
15,58.61,10.22,2,0.25,1.0,30,36.2
62,101.4,22.61,2,0.22,1.0,110,42.82
68,47.01,13.05,2,0.63,1.0,80,97.08
15,61.91,18.45,2,0.86,1.5,110,34.59
55,106.44,10.9,0,0.38,1.2,30,229.7
84,50.56,3.64,2,0.4,1.5,80,257.33
62,89.73,8.75,2,0.85,1.0,110,56.64
68,109.83,2.68,2,0.32,1.5,80,134.49
62,106.44,4.41,1,0.34,1.0,50,131.73
15,94.84,9.21,1,0.29,1.2,110,24.37
55,66.9,6.36,1,0.93,1.0,80,97.73
84,94.48,17.01,0,0.72,1.2,50,213.97
76,60.03,16.99,2,0.76,1.0,50,105.04
76,87.3,14.1,2,0.98,1.0,80,73.39
55,97.58,3.51,2,0.27,1.0,110,64.09
15,107.99,5.89,2,0.67,1.0,110,19.52
68,67.84,10.49,2,0.69,1.0,110,72.51
55,77.56,12.86,1,0.96,1.5,110,123.48
62,94.71,6.84,2,0.7,1.2,50,99.88
15,96.64,4.0,2,0.66,1.0,110,26.87
15,66.34,21.15,2,0.32,1.0,80,21.52
76,48.57,21.35,2,0.32,1.0,110,101.46
55,47.73,3.7,1,0.41,1.0,110,124.86
84,62.06,11.59,1,0.77,1.0,110,148.98
62,58.05,13.88,2,0.54,1.0,110,74.72
55,43.19,2.19,2,0.99,1.0,30,200.8
62,71.89,2.35,2,0.25,1.2,80,108.56
55,56.31,11.75,2,0.85,1.0,110,74.14
76,98.31,15.97,2,0.8,1.0,80,72.67
68,57.44,24.83,1,0.47,1.0,80,127.29
84,98.49,9.96,2,0.38,1.0,110,58.57
